# callgrind format
version: 1
creator: callgrind-3.22.0
pid: 3694
cmd:  ./target/debug/rustgres
part: 1


desc: I1 cache: 32768 B, 64 B, 8-way associative
desc: D1 cache: 49152 B, 64 B, 12-way associative
desc: LL cache: 268435456 B, 64 B, direct-mapped

desc: Timerange: Basic block 0 - 42290061
desc: Trigger: Program termination

positions: line
events: Ir Dr Dw I1mr D1mr D1mw ILmr DLmr DLmw Bc Bcm Bi Bim
summary: 232366006 61310816 62658827 1480504 988669 141405 4768 2067 4662 21660057 439800 2167415 344448


ob=(4) /usr/libexec/valgrind/vgpreload_core-amd64-linux.so
fl=(156) ???
fn=(504) 0x0000000000001110
0 9 0 0 1 0 0 1 0 0 1 1
0 3 1 0 2 0 0 2

ob=(1) /usr/lib/x86_64-linux-gnu/ld-linux-x86-64.so.2
fl=(15) ./elf/../sysdeps/x86/dl-get-cpu-features.c
fn=(34) _dl_x86_init_cpu_features
37 1 0 0 1 0 0 1
+2 3 1 0 0 0 0 0 0 0 1 1
jcnd=1/1 +2 
* 
+2 1
cfi=(16) ./elf/../sysdeps/x86/cpu-features.c
cfn=(36) init_cpu_features.constprop.0
calls=1 682 
* 7344 808 485 103 19 9 103 19 9 1709 238 1 1

fn=(462) __x86_cpu_features
71 1 0 0 1 0 0 1
-32 3 1 0 0 0 0 0 0 0 1
+32 2 1

fl=(155) ./elf/./elf/dl-init.c
fn=(498) call_init.part.0
26 60 0 30 2 0 0 2
+17 5 5
+3 5 5
-3 10 0 5
+3 10 5 0 0 5 0 0 0 0 5 1
jcnd=1/5 +1 
* 
+5 8 4 0 0 0 0 0 0 0 4
+8 12 4 0 1 4 0 1 0 0 4 2
jcnd=2/4 +4 
* 
+1 12 4 2 0 2 0 0 0 0 0 0 2 2
cob=(3) ???
cfi=(153) ???
cfn=(520) 0x0000000004850000
calls=1 -60 
* 7 2 0 1 1 0 1 0 0 1 1
cob=(3)
cfi=(153)
cfn=(500) 0x000000000483d000
calls=1 -60 
* 7 2 0 1 1 0 1 0 0 1 1
+3 4 4 0 0 3
+1 8 0 0 0 0 0 0 0 0 4 1
jcnd=1/4 +12 
* 
+6 6 6 0 0 3
+2 6 6
-2 3
+3 18 0 0 1 0 0 1 0 0 3
jump=3 +1 
* 
* 2
+1 8 2 2 0 0 0 0 0 0 0 0 2 2
cob=(5) /usr/lib/x86_64-linux-gnu/libgcc_s.so.1
cfi=(161) ???
cfn=(526) 0x0000000000005b10
calls=1 -74 
* 12 1 0 3 0 0 3 0 0 1 1
cob=(2) /usr/lib/x86_64-linux-gnu/libc.so.6
cfi=(160) ./libio/./libio/vtables.c
cfn=(518) check_stdfiles_vtables
calls=1 545 
* 12 7 0 2 4 0 2 0 0 3 2
* 12 3 3 0 1 0 0 0 0 0 0 3 3
cob=(5)
cfi=(161)
cfn=(524) __cpu_indicator_init
calls=1 -74 
* 362 17 44 40 2 0 40 1 0 105 24
cob=(2)
cfi=(157) ./csu/./csu/init-first.c
cfn=(510) _init_first
calls=1 -28 
* 72 19 11 7 5 3 7 1 1 7 2 1 1
cob=(4)
cfi=(156)
cfn=(504)
calls=1 -74 
* 12 1 0 3 0 0 3 0 0 1 1
-1 15 0 0 0 0 0 0 0 0 5 2
jcnd=2/5 * 
* 
+3 40 35
-29 2 0 0 1 0 0 1 0 0 1 1
jcnd=1/1 +29 
* 

fn=(496) _dl_init
81 13 0 6 1 0 0 1
+1 1 1 0 0 1
+1 1 1
+3 3 1 0 0 0 0 0 0 0 1 1
jcnd=1/1 -57 
* 
+8 2 0 0 1 0 0 1 0 0 1 1
jcnd=1/1 +25 
* 
+25 1 1
+1 5 0 0 0 0 0 0 0 0 1
jump=1 +1 
* 
* 3 0 0 0 0 0 0 0 0 1
+1 10 10 0 0 2
-92 10 5 0 0 0 0 0 0 0 5
+6 15 5 0 1 0 0 1 0 0 5 5
jcnd=5/5 +2 
* 
+2 10 0 0 0 0 0 0 0 0 5 1
jcnd=1/5 +83 
* 
* 12
+83 8 0 4
cfn=(498)
calls=4 -94 
* 653 109 88 54 25 3 54 2 1 137 37 6 6
* 8 0 0 0 0 0 0 0 0 4 3
jcnd=3/4 +1 
* 
+7 8 7
-98 2 1 0 1 0 0 1 0 0 1 1
jcnd=1/1 +6 
* 
+60 2 0 1
jump=1 +5 
* 
-54 3 1 0 0 0 0 0 0 0 1 1
jcnd=1/1 +2 
* 
+2 7 0 2 1 0 1 1 0 0 1
cfn=(498)
calls=1 -11 
* 77 23 9 8 6 0 8 0 0 8 2 2 2
* 2 1
jump=1 +52 
* 

fl=(41) ./string/../sysdeps/x86_64/multiarch/../multiarch/strchr-sse2.S
fn=(114) index
32 20 0 0 1 0 0 1
+1 20
+1 20
+1 20
+1 20 0 0 1 0 0 1
+1 20
+1 20
+1 20
+1 20 0 0 0 0 0 0 0 0 20
+1 20 20 0 0 3 0 0 3
+1 20
+1 20
+1 20
+1 20
+1 20
+1 20
+1 20
+1 20 0 0 0 0 0 0 0 0 20 4
jcnd=4/20 +14 
* 
+1 16
+4 16
+1 16 0 0 1 0 0 1
+1 16 16
+1 16
+2 16 16
+4 4 4
+1 4
+1 4
+1 4
+1 4
+1 4
+1 4 4 0 0 1 0 0 1
+1 4
+1 4
+1 4
+1 4
+1 4 0 0 1 0 0 1
+1 4
+1 4 4
+1 4
+1 4
+1 4
+1 4
+1 4
+1 4
+1 4
+1 4
+1 4
+1 4 0 0 0 0 0 0 0 0 4 4
jcnd=4/4 +52 
* 
+52 4 0 0 1 0 0 1
+4 4
+1 4
+1 4 4
+1 4
+2 4 4

fl=(53) ./io/../sysdeps/unix/sysv/linux/open64_nocancel.c
fn=(168) __open_nocancel
28 16 0 8 1 0 0 1
+3 8
-3 16 0 8 0 0 2 0 0 2
+3 48 0 0 0 0 0 0 0 0 16
+8 56 0 0 0 0 0 0 0 0 8 4
jcnd=4/8 * 
* 
+2 8 8
-2 12 0 4 1 0 0 1
+2 8 8

fl=(52) ./elf/./elf/dl-misc.c
fn=(164) _dl_name_match_p
68 322 0 138 1 0 1 1 0 1
+1 92 46 46 0 0 1 0 0 1
cfi=(31) ./string/../sysdeps/x86_64/multiarch/../multiarch/strcmp-sse2.S
cfn=(90) strcmp
calls=46 +29 
* 1764 295 0 16 2 0 16 2 0 206 57 27 27
* 92 0 0 0 0 0 0 0 0 46
+3 46 46
+2 92 0 0 0 0 0 0 0 0 46 12
jcnd=46/46 +1 
* 
+6 46 46
-6 92 0 0 0 0 0 0 0 0 46 18
jcnd=36/46 +9 
* 
+1 168 56 56 1 0 0 1
cfi=(31)
cfn=(90)
calls=56 +23 
* 2354 389 0 12 0 0 12 0 0 275 67 32 14
* 112 0 0 0 0 0 0 0 0 56 19
jcnd=46/56 +5 
* 
+8 10 10
-13 10
+13 66 66
-1 36
+1 108 108

fn=(216) _dl_sysdep_read_whole_file
36 2 0 1 1 0 0 1
+3 1
-3 7 0 3
+3 1
-3 2 0 1
+3 1 0 1
cfi=(53)
cfn=(168)
calls=1 -11 
* 20 2 2 0 0 0 0 0 0 3
+1 2 0 0 1 0 0 1 0 0 1 1
jcnd=1/1 +2 
* 
+23 8 6
-21 4 0 1
cfi=(55) ./io/../sysdeps/unix/sysv/linux/fstat64.c
cfn=(174) fstat
calls=1 -12 
* 6 1 0 0 0 0 0 0 0 1
* 2 0 0 0 0 0 0 0 0 1
+2 2 1 1
+3 2 0 0 1 0 0 1 0 0 1 1
jcnd=1/1 +2 
* 
+13 2 0 1
cfi=(62) ./io/../sysdeps/unix/sysv/linux/close_nocancel.c
cfn=(194) __GI___close_nocancel
calls=1 -35 
* 6 1 0 0 0 0 0 0 0 1
* 1
jump=1 +3 
* 
-11 6 0 1
cfi=(57) ./misc/../sysdeps/unix/sysv/linux/mmap64.c
cfn=(178) mmap
calls=1 -2 
* 26 4 3 0 0 0 0 0 0 4 2
* 2
jump=1 +11 
* 

fl=(50) ./elf/./elf/dl-catch.c
fn=(154) _dl_catch_error
254 12 0 6 2 0 0 1
+2 2
-2 12 0 2
+2 2 0 2
cfn=(156) _dl_catch_exception
calls=2 -52 
* 3588 823 432 161 51 38 122 39 37 571 170 13 6
+1 4 2 2
+1 2 2
+1 2 2
-1 2 0 2
+1 2 0 2
+2 12 10 0 2 0 0 1

fn=(236) _dl_receive_error
186 2 0 1 1 0 0 1
58 1 1
186 4 0 1
+2 1 1
-2 1 0 1
58 1 0 0 1 0 0 1 0 0 1
+1 1 1
+11 1 0 1
192 1 0 1
+2 1 0 1 0 0 0 0 0 0 0 0 1 1
cfi=(2) ./elf/./elf/rtld.c
cfn=(238) version_check_doit
calls=1 674 
* 12453 3694 791 49 58 37 49 57 37 2454 298 50 33
69 2 1 0 0 0 0 0 0 0 1
+1 1 0 1
198 1 1
-1 1 0 1
+1 3 3

fn=(156)
204 48 0 24 2 0 2 1 0 2
58 8 8 0 0 2 0 0 1
204 16 0 16 0 0 1 0 0 1
+3 16 0 0 0 0 0 0 0 0 8
+22 8
-1 8 0 8 2 0 0 1
+1 8 0 8
58 16 0 0 0 0 0 0 0 0 8 6
jcnd=7/8 +1 
* 
+4 2 1 1 0 1
+11 2 0 1
235 3 0 1
cfi=(51) ./setjmp/../sysdeps/x86_64/setjmp.S
cfn=(158) __sigsetjmp
calls=1 31 
* 24 5 9 2
* 21 0 7 0 0 1 0 0 1
cfi=(51)
cfn=(158)
calls=7 31 
* 168 35 63 2 0 2 2 0 2
* 24 0 0 2 0 0 1 0 0 8 1
+2 24 16 8 0 0 0 0 0 0 0 0 8 3
cob=(2)
cfi=(385) ./dlfcn/./dlfcn/dlsym.c
cfn=(1726) dlsym_doit
calls=1 37 
* 794 228 89 42 14 1 9 4 0 117 21 3 2
cfi=(64) ./elf/./elf/dl-deps.c
cfn=(206) openaux
calls=6 61 
* 11650 2283 1196 103 98 103 102 98 103 2020 465 36 14
cfi=(2)
cfn=(160) map_doit
calls=1 641 
* 2662 565 297 106 34 35 106 34 35 446 146 8 2
69 8 8
+1 8 8
-1 8 0 0 0 0 0 0 0 0 8 1
jcnd=1/8 +4 
* 
+1 7 0 7
239 28 7 14
-25 7
+34 21 21
-9 4 1 2 1
-25 1
+34 3 3
59 14 7 7 1 0 0 1
+11 21 0 7
jump=7 235 
* 
+3 2 0 1 1 0 0 1
jump=1 239 
* 

fl=(38) ./elf/../sysdeps/x86_64/dl-hwcaps-subdirs.c
fn=(106) _dl_hwcaps_subdirs_active
29 1 0 0 1 0 0 1
fi=(19) ./elf/../sysdeps/x86/get-isa-level.h
+2 1 1
fe=(38)
+7 1
fi=(19)
-8 4 0 0 0 0 0 0 0 0 1 1
jcnd=1/1 +2 
* 
fe=(38)
+22 1 1
fi=(19)
-20 3 1 0 0 0 0 0 0 0 1
+4 1
fe=(38)
+2 1
fi=(19)
-2 2 0 0 0 0 0 0 0 0 1
+3 4 1 0 1 0 0 1 0 0 1
+1 4 1 0 0 0 0 0 0 0 1
+5 1
fe=(38)
-7 1
fi=(19)
+7 3 0 0 0 0 0 0 0 0 1
fe=(38)
-2 1
fi=(19)
+5 2 0 0 0 0 0 0 0 0 1
+3 5 1 0 0 0 0 0 0 0 1
+2 4 0 0 1 0 0 1 0 0 1
+1 2 0 0 0 0 0 0 0 0 1
+1 2 0 0 0 0 0 0 0 0 1
+3 1
fe=(38)
-10 1
fi=(19)
+10 3 0 0 0 0 0 0 0 0 1 1
jfi=(38)
jcnd=1/1 -6 
* 
fe=(38)

fl=(66) ./io/../sysdeps/unix/sysv/linux/fstatat64.c
fn=(212) fstatat
146 6
-55 6
+70 6 0 0 0 0 0 0 0 0 3 3
jcnd=2/3 -1 
* 
* 1
+1 1 1
-2 4 0 2 1 0 0 1
+1 4 2

fl=(64)
fn=(206)
61 36 0 12
+7 6 6 0 1 0 0 1
-4 18 18
+1 6 6
-1 42 6 6
cfi=(36) ./elf/./elf/dl-load.c
cfn=(162) _dl_map_object
calls=6 1967 
* 11518 2229 1172 102 98 103 101 98 103 2020 465 36 14
* 6 0 6
+5 18 18

fn=(202) _dl_map_object_deps
143 4 0 1 1 0 0 1
+1 2
-1 1
+1 1
-1 2 0 2
+1 1
-1 1 0 1
+1 1
-1 4 0 3 0 0 1 0 0 1
+1 3 0 0 1 0 0 1
-1 1 0 1
+1 3 0 0 0 0 0 0 0 0 1 1
jcnd=1/1 * 
* 
* 4 0 0 0 0 0 0 0 0 1 1
jcnd=1/1 * 
* 
-8 1 1 0 1 0 0 1
+8 2
-8 1
-6 1
-2 1 0 1 0 0 1 0 0 1
+16 1
-8 1
-7 1 0 1
+1 1 0 1
+6 1 0 1
+24 4 0 0 1 0 0 1 0 0 1
-28 3 0 1
-2 1
+31 1 1
-33 2 0 1
+2 2
+30 2
-30 1
-1 4 0 1 1 0 0 1
+7 4 1 1
+24 3 0 0 0 0 0 0 0 0 1
+28 3 1 1
-6 1 1
+46 1
fi=(72) ./elf/../include/scratch_buffer.h
77 1
fe=(64)
+87 1 0 1 1 0 0 1
fi=(72)
-87 1 0 1 0 0 1 0 0 1
+1 1 0 1
fe=(64)
184 1 0 1
+44 4 0 4
-31 1 1 0 1 0 0 1
-4 1 0 1
+4 2 0 0 0 0 0 0 0 0 1 1
jcnd=1/1 +1 
* 
* 4 4
-4 4 0 4
+4 8 0 0 0 0 0 0 0 0 4 4
jcnd=4/4 +1 
* 
+11 10 5 0 0 0 0 0 0 0 5 3
jcnd=3/5 +2 
* 
* 4 2 0 0 1 0 0 1 0 2
-18 2
+18 4 2 0 0 0 0 0 0 0 2 1
417 10 0 0 1 0 0 1 0 0 5 2
jcnd=2/5 +22 
* 
+2 3
+3 3
-3 9 0 6 0 0 1 0 0 1
+3 3
-3 3 0 3
fi=(28) ./elf/../include/rtld-malloc.h
56 3 3 3 0 0 0 0 0 0 0 0 3 1
cfi=(27) ./elf/./elf/dl-minimal-malloc.c
cfn=(78) __minimal_malloc
calls=3 -20 
* 90 21 21 0 0 0 0 0 0 9
fe=(64)
423 9 6 0 1 0 0 1
fi=(28)
56 3
fe=(64)
423 3 0 0 0 0 0 0 0 0 3
+6 3 0 3
+1 15 0 6
cfi=(29) ./string/../sysdeps/x86_64/multiarch/memmove-vec-unaligned-erms.S
cfn=(82) memcpy
calls=3 210 
* 33 9 6 0 0 2 0 0 2 6 2
+1 15 0 3
cfi=(29)
cfn=(82)
calls=3 210 
* 33 9 6 0 0 0 0 0 0 6 2
+3 3 0 3
+1 6 3 3
+4 9 3 0 0 0 0 0 0 0 3 3
jcnd=3/3 +2 
* 
* 6 2 0 1 0 0 1 0 0 2 2
jcnd=2/2 +2 
* 
188 8 4
jump=4 +9 
* 
442 12 4 0 0 0 0 0 0 0 4 4
jcnd=4/4 188 
* 
-1 5 5
+1 10 0 0 0 0 0 0 0 0 5 5
jcnd=4/5 * 
* 
183 6 4
jfi=(72)
jump=1 -98 
* 
+27 12 9 0 1 0 0 1 0 0 3 3
jcnd=3/3 +7 
* 
+7 3 3
+4 3 3
-6 3 0 3 1 0 0 1
+1 3 0 3
+1 3 0 3
+1 6 3 3
+3 9 3 0 0 0 0 0 0 0 3
-2 3 0 3
-29 15 0 9 1 0 1 1 0 1
+32 170 0 0 0 0 0 0 0 0 85 8
jcnd=79/82 +44 
* 
+6 24 12 6
cfi=(36)
cfn=(204) _dl_dst_count
calls=6 +10 
* 354 69 42 2 4 1 2 4 1 21 6
* 18 0 0 0 0 0 0 0 0 6 6
jcnd=6/6 * 
* 
+4 12 0 0 1 0 0 1
-2 6 0 6
+2 12 0 6
cfi=(50)
cfn=(156)
calls=6 -28 
* 12046 2373 1334 103 98 107 102 98 107 2044 470 42 15
+1 12 6 0 0 0 0 0 0 0 6
+9 6 6
+2 12 6 0 1 0 0 1 0 0 6 3
jcnd=3/6 +19 
* 
+5 9 0 0 0 0 0 0 0 0 3 3
jcnd=3/3 * 
* 
* 6 0 3
+6 3 3
+2 3 0 3
-8 6 0 0 1 0 0 1
+3 3 0 3
+1 3 0 3
+1 3 0 3
+1 3 0 3
+4 3 3
-3 3 0 3
+3 9 0 3
+4 9 3 0 0 0 0 0 0 0 3 3
jcnd=3/3 -42 
* 
* 9 3 0 0 0 0 0 0 0 3
+1 9 0 3
-43 12 3 0 0 0 0 0 0 0 3 3
jcnd=3/3 +1 
* 
* 328 82 0 0 0 0 0 0 0 82 13
jcnd=79/82 +1 
* 
* 9 6
jump=3 417 
* 
+7 12 0 0 1 0 0 1
jump=6 +4 
* 
+38 237 0 0 1 0 0 1 0 0 79 7
jcnd=79/79 -45 
* 
fi=(72)
85 3 1 0 1 0 0 1 0 0 1 1
jfi=(64)
jcnd=1/1 448 
* 
fe=(64)
448 5 1 0 1 0 0 1 0 0 2
+1 1 0 1
+3 4 1 1 0 0 0 0 0 0 1 1
jcnd=1/1 +11 
* 
+11 5 1 2 1 0 0 1
fi=(28)
56 1 1 1 0 0 0 0 0 0 0 0 1 1
cfi=(27)
cfn=(78)
calls=1 -20 
* 30 7 7 0 0 0 0 0 0 3
fe=(64)
465 3 2
fi=(28)
56 1
fe=(64)
465 1 0 0 0 0 0 0 0 0 1
+5 2 1 0 1 0 0 1
+1 1 0 1
-1 3 1 1
+4 3 0 0 0 0 0 0 0 0 1
-2 2
jump=1 +6 
* 
+13 4 0 4
+5 4 0 4
-16 12 4 0 0 0 0 0 0 0 4 1
jcnd=1/4 +21 
* 
+11 4
-7 4 4
+7 4
-2 8 0 0 0 0 0 0 0 0 4 4
jcnd=4/4 +2 
* 
-5 1 1 0 1 0 0 1
+7 1
-2 2 0 0 0 0 0 0 0 0 1
+2 1
-11 1
+11 1 0 1 0 0 1 0 0 1
+5 1 0 1
-16 3 1 0 0 0 0 0 0 0 1 1
jcnd=1/1 +11 
* 
+21 3 1 0 0 0 0 0 0 0 1 1
jcnd=1/1 -1 
* 
+37 2 0 0 1 0 0 1 0 0 1
+15 2 0 0 1 0 0 1
-14 2 0 0 0 0 0 0 0 0 1 1
jcnd=1/1 +14 
* 
+20 1 1 0 1 0 0 1
-1 4 0 1
+1 4 1 1
-1 5 1 1 1 0 0 1
cfi=(13) ./elf/./elf/dl-sort-maps.c
cfn=(232) _dl_sort_maps
calls=1 298 
* 349 92 66 13 0 0 13 0 0 55 21
+5 1 0 1
+2 1 1
+1 1 0 1
+1 2 1
-2 1 0 1
+2 1 0 0 0 0 0 0 0 0 1 1
jcnd=1/1 +7 
* 
+7 3 1 0 1 0 0 1 0 0 1 1
jcnd=1/1 +3 
* 
+3 2 0 0 0 0 0 0 0 0 1
+3 8 7
198 20 10 0 1 0 0 1 0 0 10 1
jcnd=1/5 +10 
* 
* 12 4 0 0 0 0 0 0 0 4 1
jcnd=1/4 +10 
* 
+3 3
fi=(72)
-70 12 0 6 1 0 0 1
cfi=(71) ./malloc/./malloc/scratch_buffer_set_array_size.c
cfn=(228) __libc_scratch_buffer_set_array_size
calls=3 30 
* 75 18 12 2 0 0 2 0 0 6 4
fe=(64)
+70 9 3 0 0 0 0 0 0 0 3
+4 6 3
jump=3 +3 
* 
547 4 0 3
cfi=(29)
cfn=(82)
calls=1 210 
* 19 5 4 0 0 0 0 0 0 4 2
* 3 2
jump=1 +6 
* 
-53 2 0 0 1 0 0 1
jump=1 +38 
* 
144 2 0 1 1 0 1 1 0 1
jump=1 -8 
* 

fl=(13)
fn=(26) _dl_sort_maps_init
289 2 0 1 1 0 0 1
+1 2
-1 2 0 0 1 0 0 1
+1 2 0 1
cfi=(11) ./elf/./elf/dl-tunables.c
cfn=(28) __tunable_get_val
calls=1 +97 
* 24 4 1 2 1 0 2 1 0 3 2
+2 3 1
-1 1 0 1
+2 2 2

fn=(232)
298 12 0 6
+8 1 1 0 1 0 0 1
-8 1 0 1
+8 2 0 0 0 0 0 0 0 0 1 1
jcnd=1/1 -95 
* 
+4 8 7 0 2 0 0 2
-99 1 0 0 1 0 0 1
-28 1
-2 1 0 1
+1 2 1
+29 1
-28 4 0 0 0 0 0 0 0 0 1
+1 1 1 0 1 0 0 1
-1 1
+1 1 0 1
-1 2 0 0 0 0 0 0 0 0 1 1
jcnd=1/1 +1 
* 
+1 4 4
-1 4
+1 4 0 4
-1 8 0 0 0 0 0 0 0 0 4 3
jcnd=3/4 +1 
* 
+28 9 0 0 0 0 0 0 0 0 1 1
jcnd=1/1 * 
* 
* 6 0 1 1 0 0 1 0 0 1
+8 3
-3 1
+2 1 0 1
+1 2
-3 1 0 1
+5 4 0 0 1 0 0 1
jump=1 +2 
* 
* 12 0 0 0 0 0 0 0 0 4
+2 5 5
-83 25 5 5 0 0 0 0 0 0 5
cfn=(234) dfs_traversal.part.0
calls=5 -5 
* 173 55 40 2 0 0 2 0 0 25 6
+86 15 5 0 0 0 0 0 0 0 5 4
jcnd=4/5 -5 
* 
+18 4 1 0 1 0 0 1 0 0 1 1
jcnd=1/1 +19 
* 
+32 4 1 0 1 0 0 1 0 0 2 1
jcnd=1/1 +7 
* 
+7 1 1 0 1 0 0 1
+27 1
jump=1 * 
* 
-47 3 0 1 1 0 0 1
cfi=(29)
cfn=(82)
calls=1 -53 
* 19 5 4 0 0 0 0 0 0 4 3
* 1
jump=1 +13 
* 

fn=(234)
135 45 0 25 1 0 0 1
+10 5 5
-2 5 0 5
+2 10 0 0 0 0 0 0 0 0 5 2
jcnd=2/5 +11 
* 
+2 12 3 0 0 0 0 0 0 0 3
-7 12 6 0 0 0 0 0 0 0 6
+7 24 6 0 0 0 0 0 0 0 6 4
jcnd=3/6 -7 
* 
+9 10 0 0 1 0 0 1 0 0 5
+15 15 5 5
+1 5 0 5
+1 30 30

fl=(146) ./elf/./elf/dl-lookup-direct.c
fn=(460) _dl_lookup_direct
74 30 0 18 1 0 0 1
+2 3 3
-2 6 0 6 1 0 0 1
+4 3 3
-4 3 0 3
+2 3 0 0 0 0 0 0 0 0 3 1
+2 9
+37 3
-37 9 6 0 0 1
+1 6 0 0 0 0 0 0 0 0 3
+2 12 3 3 1 0 0 1
+3 15 3 0 0 2 0 0 1 0 3 1
jcnd=1/3 +9 
* 
* 10 2 0 0 0 0 0 0 0 2 1
jcnd=1/2 +9 
* 
+2 6 3
-54 3
+54 3
-54 3 3
+54 3
-54 9 6 0 0 0 0 0 0 0 3 3
jcnd=3/3 +1 
* 
+1 9 0 0 1 0 0 1
+2 6 3 0 0 3 0 0 3
+1 6 3 0 0 0 0 0 0 0 3
+12 9 3 3 0 0 0 0 0 0 3
+3 3 3
+2 6 3 3
-2 3 3
+2 9 3 3 1 0 0 1
cfi=(31)
cfn=(90)
calls=3 +45 
* 209 28 0 0 7 0 0 7 0 22 4 3 3
* 6 0 0 0 0 0 0 0 0 3
+4 6 6
+1 3 3
-1 3 3 0 0 1
+1 18 6 0 0 1 0 0 0 0 3
+1 9 6 3 0 1
cfi=(31)
cfn=(90)
calls=3 +39 
* 198 27 0 0 2 0 0 1 0 21 5 3 3
* 6 0 0 0 0 0 0 0 0 3
+57 27 21
-23 6 0 0 2 0 0 2 0 0 2 2
jcnd=2/2 -9 
* 

fl=(141) ./elf/./elf/dl-find_object.c
fn=(448) _dlfo_sort_mappings
536 1 0 0 1 0 0 1
+1 2 0 0 0 0 0 0 0 0 1
+3 4 0 0 1 0 0 1
+4 1
+1 1
-1 1 1
+1 2 0 0 0 0 0 0 0 0 1
-1 2
+1 2
-1 2 2
+1 10 0 0 0 0 0 0 0 0 2
+1 15 3 0 0 0 0 0 0 0 3 2
jcnd=2/3 -1 
* 
* 15 3 0 0 0 0 0 0 0 3 1
jcnd=1/3 -1 
* 
+3 3
-1 3
-3 18 0 0 1 0 0 1 0 0 6 3
jcnd=3/3 +1 
* 
+8 9 3
+1 6 3
-1 3 3
-13 6 3
+14 9 3 6
+1 6 0 6
-15 6 0 0 0 0 0 0 0 0 3 2
jcnd=2/3 +4 
* 
+17 1 1

fn=(442) _dl_find_object_init
561 2 0 1 1 0 0 1
+3 1 1 0 0 1
-3 3 0 2
+5 2 1 0 0 0 0 0 0 0 1 1
jcnd=1/1 +1 
* 
+13 1 0 1 1 0 0 1
cfn=(446) _dlfo_process_initial
calls=1 474 
* 97 25 3 4 2 0 4 1 0 26 7
+1 1 1
-1 1
+1 1
fi=(28)
56 1 1 1 0 0 0 0 0 0 0 0 1 1
cfi=(27)
cfn=(78)
calls=1 -20 
* 30 7 7 0 1 0 0 0 0 3
fe=(141)
580 1 0 1
fi=(28)
56 1
fe=(141)
582 2 0 0 0 0 0 0 0 0 1
+3 2 0 0 0 0 0 0 0 0 1
+5 1 0 1 1 0 0 1
+1 1 0 1
cfn=(446)
calls=1 474 
* 365 93 23 0 41 2 0 8 2 106 22
+3 3 1 0 0 0 0 0 0 0 1 1
jcnd=1/1 +2 
* 
+10 4 4
-37 2 0 1 1 0 0 1
cfi=(142) ./elf/./dl-find_object.h
cfn=(444) _dl_find_object_from_map
calls=1 95 
* 63 17 4 3 10 1 3 0 0 20 8
* 1
jump=1 +12 
* 
+29 2 0 1 1 0 0 1
cfn=(448)
calls=1 -60 
* 128 25 12 3 0 0 3 0 0 19 8
+3 6 3 1 1 0 0 1
+2 1
jump=1 +3 
* 

fn=(446)
474 2 0 2
+3 2
-3 6 0 2
+1 2 2
+3 4 2 0 1 0 0 1 0 0 2
+26 14 2 0 0 1 0 0 0 0 2
+1 6 2 0 0 0 0 0 0 0 2 2
jcnd=2/2 +3 
* 
+1 10 10
-1 20 0 0 0 0 0 0 0 0 10 2
jcnd=2/10 -1 
* 
+3 20 0 0 0 0 0 0 0 0 10 2
jcnd=2/10 -2 
* 
* 16 8 0 1 0 0 1 0 0 8 1
+3 32 8 0 0 0 0 0 0 0 8 4
jcnd=8/8 +2 
* 
-7 10 2 0 1 0 0 1 0 0 2
+27 2
-2 2 0 2
+2 6 6
-18 24 8 0 1 1 0 1 1 0 8 3
jcnd=4/8 +4 
* 
+3 8
-1 8 0 4
cfi=(142)
cfn=(444)
calls=4 95 
* 252 68 16 0 41 2 0 8 2 80 15
+2 16
jump=8 -11 
* 

fl=(142)
fn=(444)
95 10 5 5 1 3 3 1 0 2
+1 10 5 5 1 0 0 1
+1 5 0 5
+6 25 10 0 0 4
+1 10 0 0 0 0 0 0 0 0 5 4
jcnd=5/5 +1 
* 
* 135 0 0 0 0 0 0 0 0 45
+1 100 50 0 1 42 0 1 8 0 50 19
jcnd=45/50 -1 
* 
+2 15 10 5 0 2
+5 5 5

fl=(27)
fn=(138) __minimal_free
97 1 0 0 1 0 0 1
+2 4 2 0 0 0 0 0 0 0 1

fn=(74) __minimal_calloc
80 10 0 0 1 0 0 1
+4 10
-4 40
+7 10
+1 30 0 0 0 0 0 0 0 0 10 8
jfi=(28)
jcnd=10/10 -32 
* 
fi=(28)
-32 10 10 0 0 0 0 0 0 0 0 0 10 1
cfi=(27)
cfn=(78)
calls=10 -20 
* 407 87 84 11 1 3 11 1 3 41 11
fe=(27)

fn=(78)
36 232 0 116 2 0 1 2 0 1
+1 87 29 0 0 2 0 0 1 0 29 1
jcnd=1/29 +6 
* 
+11 84 28
+3 28
-3 28 0 28
+3 56 0 0 0 0 0 0 0 0 28 2
jcnd=2/28 +5 
* 
-3 2
+3 1
-3 1 0 1
+3 110 0 0 0 0 0 0 0 0 28 2
+19 29 0 29 1 0 0 1
+1 29 0 29
+2 174 145
-17 8 2
+1 4 0 0 0 0 0 0 0 0 2 2
jcnd=2/2 +2 
* 
+2 2 0 0 1 0 0 1
+1 14 0 2 0 0 1 0 0 1
cfi=(57)
cfn=(178)
calls=2 -13 
* 52 8 6 2 0 0 2 0 0 8 3
* 2
+2 4 0 0 0 0 0 0 0 0 2
+2 8 0 2
cfi=(58) ./misc/../sysdeps/unix/sysv/linux/setvmaname.c
cfn=(180) __set_vma_name
calls=2 -31 
* 56 13 7 3 0 1 3 0 1 6 4
+1 6 2 0 0 0 0 0 0 0 2
+2 2
+4 2
-4 4 0 2
jump=2 +3 
* 
-24 1 1 0 1 0 0 1
-1 1
+1 1
+1 2
-2 2 0 1 1 0 0 1
jump=1 +6 
* 

fl=(62)
fn=(194)
25 4 0 0 1 0 0 1
+1 16 0 0 0 0 0 0 0 0 4
+1 4 4

fl=(25) ./elf/./elf/dl-environ.c
fn=(70) _dl_next_ld_env_entry
28 3 0 0 1 0 0 1
+1 3 3
+3 9 3 0 0 0 0 0 0 0 3 2
jcnd=2/3 +2 
* 
* 57 57
+13 56
-13 112 0 0 0 0 0 0 0 0 56
+2 116 58 0 0 0 0 0 0 0 58 12
jcnd=56/58 -2 
* 
+1 8 4 0 0 0 0 0 0 0 4
+5 2
-3 2
+3 2 0 2
+2 2 2

fl=(2)
fn=(2) _dl_start
517 16 0 8 2 0 3 2 0 3
85 1
547 4 0 1 0 0 1 0 0 1
85 1
543 1 0 1 0 0 1 0 0 1
fi=(6) ./elf/../sysdeps/x86_64/dl-machine.h
55 1
fe=(2)
+30 1
546 1 0 0 1 0 0 1
85 1 0 1 0 0 1 0 0 1
fi=(3) ./elf/./get-dynamic-info.h
-40 1 1 0 0 1 0 0 1
fe=(2)
546 1 0 1 0 0 1 0 0 1
fi=(3)
45 2 0 0 0 0 0 0 0 0 1 1
jcnd=1/1 +4 
* 
+23 18 0 18 0 0 7 0 0 7
-23 72 18 0 0 4 0 0 4 0 18 1
jfi=(4) ./elf/../sysdeps/generic/ldsodefs.h
jcnd=1/18 +34 
* 
+4 36 0 0 0 0 0 0 0 0 18 12
jcnd=13/18 +19 
* 
+3 5 0 0 1 0 0 1
-1 10 0 0 0 0 0 0 0 0 5
+3 20 0 0 0 0 0 0 0 0 5 1
jcnd=1/5 +2 
* 
+1 16
jump=4 +13 
* 
+1 5 0 0 0 0 0 0 0 0 1 1
jcnd=1/1 +3 
* 
fi=(4)
+23 1 1 0 1 0 0 1
fi=(3)
+31 1 1 0 0 1 0 0 1
-38 3 0 0 0 0 0 0 0 0 1
+12 4 1 1 0 0 0 0 0 0 1
+1 3 1 0 0 0 0 0 0 0 1 1
jcnd=1/1 +1 
* 
+1 4 1 1 1 0 0 1 0 0 1
+1 4 1 1 0 0 0 0 0 0 1
+1 5 1 1 0 0 0 0 0 0 1
+1 3 1 0 1 0 0 1 0 0 1 1
jcnd=1/1 +1 
* 
+1 4 1 1 0 0 0 0 0 0 1
+1 4 1 1 0 0 0 0 0 0 1
+12 7 2 0 0 0 0 0 0 0 2 1
jcnd=1/1 * 
* 
+7 2 0 0 0 0 0 0 0 0 1 1
jcnd=1/1 +13 
* 
-51 4 0 0 1 0 0 1 0 0 1 1
jcnd=1/1 +3 
* 
+64 3 2 0 2 0 0 2 0 0 1
+6 3 1 0 0 0 0 0 0 0 1
+1 3 2 0 0 0 0 0 0 0 1
+3 2 1 0 0 0 0 0 0 0 1
+1 3 1 0 0 0 0 0 0 0 1
+5 5 2 0 1 0 0 1 0 0 2
+3 5 2 0 0 0 0 0 0 0 2
fe=(2)
563 11 3 0 1 0 0 1 0 0 2 1
jcnd=1/1 * 
* 
* 21 3 2 0 1 2 0 1 2 5 2
jcnd=2/3 * 
* 
* 6 0 0 1 0 0 1 0 0 2 1
jcnd=1/1 * 
* 
* 40 0 0 0 0 0 0 0 0 20 6
jcnd=11/20 * 
* 
* 36 0 9 0 0 2 0 0 2 9 6
jcnd=8/9 * 
* 
* 36 0 0 0 0 0 0 0 0 12 5
jcnd=12/12 * 
* 
* 4 0 0 0 0 0 0 0 0 1
fi=(4)
79 1 1
fe=(2)
563 1 1
fi=(4)
79 2
fe=(2)
563 23 4 5 2 0 0 2 0 0 3 1
jcnd=1/1 * 
* 
* 2 0 0 0 0 0 0 0 0 1 1
jcnd=1/1 * 
* 
* 2 0 0 1 0 0 1
fi=(6)
287 3 0 1
fi=(5) ./elf/./elf/do-rel.h
49 1 1
fe=(2)
563 1 1
fi=(5)
50 1 1
-1 2
+4 1 1
-3 1
+3 4 1 0 1 0 0 1
+3 2 0 0 0 0 0 0 0 0 1 1
jcnd=1/1 +5 
* 
-7 1 1
fe=(2)
563 1 1
fi=(5)
50 1 1
-1 2
+4 1 1
-3 1
+3 4 1
+3 2 0 0 0 0 0 0 0 0 1 1
jcnd=1/1 +5 
* 
+7 3 3 0 1 1 0 1 1
+2 3 3
-2 6
fi=(6)
278 3
fi=(5)
64 6
fi=(6)
278 6 0 0 0 0 0 0 0 0 3
+9 24 9 0 0 3 0 0 3 0 3
+3 6 3
+1 6 0 0 0 0 0 0 0 0 3 3
jcnd=3/3 +26 
* 
+26 6 0 0 0 0 0 0 0 0 3 2
jcnd=2/3 +6 
* 
* 2 0 0 0 0 0 0 0 0 1 1
jfi=(5)
jcnd=1/1 61 
* 
+6 2 0 2 0 0 1 0 0 1
fi=(5)
61 6 0 0 0 0 0 0 0 0 2 2
jcnd=2/2 +2 
* 
* 7 0 0 1 0 0 1 0 0 3 1
jcnd=1/2 +2 
* 
fe=(2)
563 6 0 0 0 0 0 0 0 0 2 1
jcnd=1/2 +2 
* 
fi=(5)
51 1 1
fi=(4)
+28 2 1
jfi=(5)
jump=1 -30 
* 
fi=(3)
-17 4 0 0 1 0 0 1 0 0 1
+2 4
jump=1 +4 
* 
fe=(2)
565 1 0 1
+13 1 0 1 1 0 0 1
cfi=(7) ./elf/./elf/dl-minimal.c
cfn=(12) __rtld_malloc_init_stubs
calls=1 42 
* 10 1 4 2 0 1 2 0 1
458 2 0 1
85 1
476 2
85 3 0 1
476 1 0 1
cfi=(8) ./elf/./elf/dl-setup_hash.c
cfn=(14) _dl_setup_hash
calls=1 25 
* 27 8 6 3 1 1 3 1 1 3
+2 1 1
+16 2 1 0 1 0 0 1
-17 1 0 1
+11 1 0 1
-10 1 0 1 0 0 1 0 0 1
+16 1 0 1
cfi=(9) ./elf/../sysdeps/unix/sysv/linux/dl-sysdep.c
cfn=(16) _dl_sysdep_start
calls=1 102 
* 255919 62806 22752 977 2311 1077 970 1904 1051 48414 4551 511 242
* 1 0 0 1
+2 2 1 0 0 0 0 0 0 0 1
+89 9 7 0 1 2 0 1
fi=(3)
103 3 0 1 2 0 0 2
jump=1 +7 
* 
fe=(2)

fn=(238)
674 2 0 1 1 0 0 1
+2 1
-2 4 0 1 1 0 0 1
+2 3 2 1
cfi=(73) ./elf/./elf/dl-version.c
cfn=(240) _dl_check_all_versions
calls=1 392 
* 12438 3689 788 47 58 37 47 57 37 2453 297 50 33
* 2 0 0 0 0 0 0 0 0 1 1
jcnd=1/1 +4 
* 
+4 3 3

fn=(66) dl_main
1346 2 0 1 1 0 0 1
197 1
1346 11 0 8 1 0 0 1
199 1 0 1
302 1 0 1
+1 1 0 1
197 1 0 1
+99 3 0 3 1 0 0 1
1357 1 0 1 0 0 1 0 0 1
cfi=(24) ./elf/../sysdeps/nptl/dl-tls_init_tp.c
cfn=(68) __tls_pre_init_tp
calls=1 53 
* 17 1 5 3 0 1 3 0 1
2749 1 1
2538 1 1
2749 2 0 0 0 0 0 0 0 0 1
2598 1 0 1
+2 2
+15 1
-13 2 0 1 1 0 0 1
cfi=(25)
cfn=(70)
calls=1 28 
* 87 30 1 1 0 0 1 0 0 28 8
* 4 0 2
cfi=(25)
cfn=(70)
calls=2 28 
* 285 97 1 0 0 0 0 0 0 93 6
* 9 0 0 0 0 0 0 0 0 3 1
jcnd=1/3 2727 
* 
+4 6 2 0 0 0 0 0 0 0 2
-2 2
+2 6 0 0 0 0 0 0 0 0 2
+1 2
-1 6 2 0 0 0 0 0 0 0 2
+1 17
-1 89 17 0 0 0 0 0 0 0 36 10
jcnd=17/19 +1 
* 
+9 12 2 0 1 2 0 1 2 0 2 0 2 2
jump=1 +25 
* 
jump=1 +72 
* 
2727 3 1 0 0 0 0 0 0 0 1 1
jcnd=1/1 1373 
* 
1373 1 1
+1 2 1 0 1 0 0 1
-1 2 1 1
+1 2 1 0 0 0 0 0 0 0 1 1
jcnd=1/1 1637 
* 
2687 3 1 0 1 0 0 1 0 0 1 1
jcnd=1/1 * 
* 
-47 2 1 0 1 0 0 1 0 0 1
+10 2 1 0 0 0 0 0 0 0 1 1
jcnd=1/1 * 
* 
1637 9 0 2 1 0 0 1
cfi=(26) ./elf/./elf/dl-object.c
cfn=(72) _dl_new_object
calls=1 59 
* 210 31 55 22 4 12 22 4 12 30 16 2 2
* 1 0 1
+2 2 0 0 0 0 0 0 0 0 1
+1 3 0 1 1 0 0 1
+6 1
-5 2 1 1
+1 3 2 1
+4 1 0 1
cfi=(26)
cfn=(84) _dl_add_to_namespace_list
calls=1 31 
* 42 10 9 3 0 0 3 0 0 1 1 2 2
+1 2 1 0 0 0 0 0 0 0 1
1116 1 1 0 1 0 0 1
-1 1 1
1351 1
1143 1
-21 2 2 0 0 1 0 0 1
+21 2
-19 1 0 1
+1 1 0 1
-3 1 0 1 0 0 1 0 0 1
+21 2 0 0 1 0 0 1 0 0 1
+57 1 1
-82 1 0 1
+25 1
-3 1
+4 1
+19 1
+37 4
-56 36 12 0 1 4 0 1 4 0 12 3
jcnd=3/11 * 
* 
* 63 9 0 0 1 0 0 1 0 18 0 9 6
jump=1 -1 
* 
jump=1 +9 
* 
jump=1 +77 
* 
jump=4 +56 
* 
jump=1 +29 
* 
jump=1 +4 
* 
+56 4 4 0 0 1 0 0 1
-1 4 4
+1 8
-1 4
+2 8 4 0 0 0 0 0 0 0 4 2
jcnd=3/4 +3 
* 
+1 1 0 1
+2 12 4 0 0 0 0 0 0 0 4
+1 8 0 0 0 0 0 0 0 0 4 1
jcnd=1/4 +4 
* 
* 6 0 0 0 0 0 0 0 0 3 2
jcnd=3/3 +4 
* 
+4 8 4 0 0 3 0 0 3
+1 8 4 0 0 0 0 0 0 0 4
+1 4 0 4
+4 12
-72 12 0 0 0 0 0 0 0 0 4 3
jcnd=4/4 +1 
* 
* 9 0 0 2 0 0 2 0 0 3 2
jcnd=2/3 +1 
* 
1253 2 1
jump=1 +1 
* 
+1 22 0 0 0 0 0 0 0 0 11 4
jcnd=11/11 -1 
* 
-1 24 0 0 0 0 0 0 0 0 12 1
jcnd=1/12 +13 
* 
+1 12 12
+6 12
-6 24 0 0 0 0 0 0 0 0 12 4
jcnd=11/12 * 
* 
fi=(30) ./elf/../sysdeps/x86/dl-prop.h
235 2 2 0 1 0 0 1
+1 1 1 0 0 1 0 0 1
-87 4 2 0 0 0 0 0 0 0 2 1
jfi=(2)
jcnd=1/1 1253 
* 
fe=(2)
1221 3 1 0 1 0 0 1 0 0 1
+7 1 1 0 0 1 0 0 1
-1 2
+6 1
-6 2 0 1 0 0 1 0 0 1
-79 1 1
+85 3
-90 2 0 1 1 0 0 1
+91 1 1
+1 1 0 1
-1 1 0 1
+4 2 0 2 0 0 1 0 0 1
-95 2 0 0 0 0 0 0 0 0 1 1
jcnd=1/1 +1 
* 
+5 1 0 0 1 0 0 1
-5 1
+5 2 1 1
-5 2 0 0 0 0 0 0 0 0 1 1
jcnd=1/1 +1 
* 
+30 1 1
-9 2 2 0 0 1 0 0 1
+2 1 0 1
-3 1 0 1
+10 2 0 0 1 0 0 1 0 0 1
+18 2 0 1
jump=1 -48 
* 
-38 2 2
-10 1
+10 1 0 1
+1 9 2 1 1 0 0 1
-11 2 0 0 0 0 0 0 0 0 1 1
jcnd=1/1 +1 
* 
+1 6 0 0 0 0 0 0 0 0 3 1
jcnd=1/3 +99 
* 
* 4 0 0 0 0 0 0 0 0 2 1
jcnd=1/2 -1 
* 
1247 1 1
1143 1 0 0 1 0 0 1
1247 2 1 1
1143 2 0 0 0 0 0 0 0 0 1 1
jcnd=1/1 +1 
* 
1266 4 2 0 0 0 0 0 0 0 1
+2 3 2 1 1 0 0 1
+1 3 2 0 0 0 0 0 0 0 1 1
jcnd=1/1 +2 
* 
+2 3 1 0 0 0 0 0 0 0 1
1672 3 1 0 1 0 0 1 0 0 1
+2 2 1
-1 1 1
+1 1 1
+1 3 3
-2 2 0 1
cfi=(31)
cfn=(90)
calls=1 98 
* 25 7 0 3 1 0 3 1 0 3 1
* 2 0 0 0 0 0 0 0 0 1
+7 1 0 1 1 0 1 1 0 1
+3 1 1
-5 1 0 1
+3 1 0 1
+2 1 0 0 0 0 0 0 0 0 1
+1 2 0 1
+4 2 1 0 0 0 0 0 0 0 1
+2 2 0 0 1 0 0 1 0 0 1
fi=(3)
39 4 2 0 0 0 0 0 0 0 1
+4 1
+2 1 1 0 0 1 0 0 1
+9 1
+1 1
-10 2 0 0 0 0 0 0 0 0 1 1
jcnd=1/1 +4 
* 
+23 28 0 28 0 0 8 0 0 8
-23 112 28 0 0 7 0 0 7 0 28 1
jcnd=1/28 +27 
* 
+4 56 0 0 1 0 0 1 0 0 28 17
jcnd=22/28 +19 
* 
+3 6
-1 12 0 0 0 0 0 0 0 0 6
+3 24 0 0 0 0 0 0 0 0 6 1
jcnd=1/6 +2 
* 
+1 20
jump=5 +13 
* 
fe=(2)
1243 1 1 0 1 0 0 1
1143 1
1243 1 0 1
1143 2 0 0 0 0 0 0 0 0 1 1
jcnd=1/1 +1 
* 
fi=(3)
72 4 2 0 0 0 0 0 0 0 1 1
jcnd=1/1 * 
* 
+43 2 1 0 1 0 0 1 0 0 1
+7 3 2 0 0 0 0 0 0 0 1
+1 4 3 0 1 0 0 1 0 0 1
+6 3 1 0 0 0 0 0 0 0 1 1
jcnd=1/1 +18 
* 
+18 4 2 0 0 0 0 0 0 0 1
+5 2 1 1 1 0 1 1 0 1
+2 2 0 0 0 0 0 0 0 0 1 1
jcnd=1/1 +2 
* 
+2 2 0 0 0 0 0 0 0 0 1 1
jcnd=1/1 +2 
* 
+2 2 0 0 0 0 0 0 0 0 1
+1 2 1 1
+3 4 2 0 1 0 0 1 0 0 1
+2 3 1 1
+1 2 0 0 0 0 0 0 0 0 1 1
jcnd=1/1 +9 
* 
+9 2 1 0 0 0 0 0 0 0 1
+6 2 0 0 0 0 0 0 0 0 1
+1 3 2 1 1 0 0 1
+3 3 2 0 0 0 0 0 0 0 1 1
jfi=(2)
jcnd=1/1 1698 
* 
fe=(2)
1698 4 2 0 0 0 0 0 0 0 1 1
jcnd=1/1 +7 
* 
+7 2 1 1 1 0 0 1
cfi=(8)
cfn=(14)
calls=1 25 
* 27 8 6 0 1 0 0 1 0 3
+3 2 1 0 1 0 0 1 0 0 1
fi=(32) ./elf/./setup-vdso.h
24 2 1 0 0 0 0 0 0 0 1 1
jfi=(33) ./elf/../sysdeps/unix/sysv/linux/dl-vdso.h
jcnd=1/1 +16 
* 
fi=(35) ./elf/./dl-main.h
+85 2 2 0 1 0 0 1
fi=(34) ./elf/../sysdeps/unix/sysv/linux/dl-vdso-setup.h
-64 1 0 1
fi=(35)
+64 3 2 1
cfi=(36)
cfn=(102) _dl_init_paths
calls=1 706 
* 2322 492 376 73 4 16 73 4 16 312 107 8 8
fe=(2)
1733 3 1 1 1 0 0 1
cfi=(45) ./elf/./elf/dl-debug.c
cfn=(140) _dl_debug_initialize
calls=1 56 
* 34 7 5 4 2 0 4 2 0 5 3
+7 1 1
-5 1 0 1
-2 1
+7 1 0 0 0 0 0 0 0 0 1 1
jcnd=1/1 +3 
* 
+4 1 1
+1 1 1
+2 1 0 1
-3 3 0 1
+1 2 1 1 1 0 0 1
+3 1 0 1
+11 1 1 0 0 1 0 0 1
-13 1 0 1
+13 1 0 0 0 0 0 0 0 0 1
+1 2 1 0 0 0 0 0 0 0 1
+5 1 1
-3 2 1 0 1 0 0 1
+2 1 0 1
+1 2 0 1
+5 3
jump=1 * 
* 
+1 5 1 0 0 1 0 0 1 0 1 1
jcnd=1/1 +2 
* 
-1 2 0 0 1 0 0 1 0 0 1 1
jcnd=1/1 +1 
* 
224 1 1
+1 1 1
-1 1 1
+1 3 2 0 0 0 0 0 0 0 1 1
jcnd=1/1 +1 
* 
+1 2 0 0 1 0 0 1 0 0 1 1
jcnd=1/1 1788 
* 
1788 2 1 0 1 0 0 1 0 0 1
+5 1 1
-1 1
1352 1 0 1
1793 1 0 0 0 0 0 0 0 0 1
+24 1 0 1 1 0 0 1
cfi=(46) ./elf/../elf/dl-tls.c
cfn=(142) _dl_count_modids
calls=1 192 
* 6 3 0 1 0 0 1 0 0 1
* 1 0 1
fi=(47) ./elf/../sysdeps/generic/dl-debug.h
29 4 2 0 0 0 0 0 0 0 1
+1 1 0 1
fe=(2)
1823 1 0 1
+1 1 0 1
cfi=(45)
cfn=(146) _dl_debug_state
calls=1 116 
* 2 1 0 1 0 0 1
+1 1
+4 3 1 1
cfi=(48) ./elf/./elf/dl-audit.c
cfn=(148) _dl_audit_activity_map
calls=1 29 
* 17 8 5 2 0 0 2 0 0 1 1
+5 3 2 0 1 0 0 1 0 0 1
+2 1
+2 2 1 0 0 0 0 0 0 0 1 1
jcnd=1/1 85 
* 
+9 2 1 0 0 0 0 0 0 0 1
+16 4 0 1
cfi=(63) ./io/../sysdeps/unix/sysv/linux/access.c
cfn=(200) access
calls=1 25 
* 9 1 1 0 0 0 0 0 0 1 1
* 2 0 0 1 0 0 1 0 0 1
+76 4 2 0 0 0 0 0 0 0 1 1
jcnd=1/1 +4 
* 
+16 3 1 0 0 0 0 0 0 0 1 1
jcnd=1/1 85 
* 
85 1
1965 1
85 2
1965 1
85 1
1965 5 2 0 1 0 0 1
85 1 0 1
1965 2 0 1
cfi=(64)
cfn=(202)
calls=1 143 
* 14509 2865 1660 152 103 117 151 103 117 2515 597 46 17
92 1
+9 1 1
1971 1 1
92 2
+9 2 0 1
1971 2 0 0 1 0 0 1 0 0 1
+1 6 2 1
-1 4 0 0 0 0 0 0 0 0 1 1
jcnd=1/1 +1 
* 
+1 8 4 4
-1 16 0 0 0 0 0 0 0 0 4 3
jcnd=3/4 +1 
* 
+4 3 2 1
+1 2 0 0 1 0 0 1 0 0 1
+1 1 0 1
+2 6 1 0 0 0 0 0 0 0 1
jump=1 +1 
* 
* 12 0 0 0 0 0 0 0 0 3
+1 8 4 0 0 0 0 0 0 0 4 3
jcnd=3/4 -1 
* 
+46 1 1
-42 2 0 0 1 0 0 1 0 0 1
+8 3 1 1
+1 2 0 0 0 0 0 0 0 0 1
+2 1
+2 3 0 0 0 0 0 0 0 0 1 1
jcnd=1/1 +2 
* 
+2 1 1
-4 1 0 1
+5 1 1
-1 2 0 0 1 0 0 1 0 0 1 1
jcnd=1/1 +14 
* 
+14 2 0 0 0 0 0 0 0 0 1
+1 2 1 1
+1 3 1 0 0 0 0 0 0 0 1 1
jcnd=1/1 -25 
* 
-25 1 0 1 1 0 0 1
+36 2
+2 1
-2 1
+2 2
-2 1 0 1
+1 2
+1 1
-1 2 0 1
+1 1 0 1 1 0 0 1
cfi=(50)
cfn=(236)
calls=1 186 
* 12475 3702 799 51 58 37 51 57 37 2456 298 51 34
+10 1 1
+1 1 1
-1 1 0 1
+1 1 0 0 0 0 0 0 0 0 1 1
jcnd=1/1 +1 
* 
+3 2 0 0 0 0 0 0 0 0 1
837 1 1
fi=(514) ./elf/../sysdeps/unix/sysv/linux/dl-osinfo.h
39 2 1
fe=(2)
839 1 0 1
fi=(514)
52 1 1
fe=(2)
848 1 0 1 1 0 0 1
+7 1 0 1
-5 1 0 1
2047 3 1 0 0 0 0 0 0 0 1
2246 2 1
+4 1 1
-4 1 0 1
+10 1 1 0 1 0 0 1
-6 1 0 1
+6 1 0 1
-6 1 0 1
+9 2 1 0 0 0 0 0 0 0 1
+8 2 2
fi=(30)
36 2 2
+1 3 0 0 1 0 0 1 0 0 1
+3 3 3
+13 3 1
jump=1 -13 
* 
* 4
-13 4 4
+9 8 4 0 0 0 0 0 0 0 4
-9 1 1
+9 12 1 0 1 0 0 1 0 0 6 1
jcnd=1/5 -12 
* 
* 8 4 0 0 0 0 0 0 0 4
+4 16 4 0 0 0 0 0 0 0 4
-16 15 0 0 0 0 0 0 0 0 5 5
jcnd=4/5 +16 
* 
+34 1 1
fe=(2)
2279 1
fi=(30)
71 1 0 1
cfi=(76) ./elf/../sysdeps/x86_64/dl-cet.c
cfn=(260) _dl_cet_check
calls=1 361 
* 33 9 8 3 0 0 3 0 0 3 1
fe=(2)
2282 1 1
-3 2 1 0 1 0 0 1
+5 1 1
-2 2 0 1
+2 2 0 0 0 0 0 0 0 0 1
+1 6 1 1
cfi=(77) ./elf/./elf/dl-reloc.c
cfn=(262) _dl_relocate_object
calls=1 207 
* 71375 18258 7692 194 456 226 194 443 225 12701 1091 163 75
85 2
2292 1 1
85 2 0 0 1 0 0 1
2292 1 1
+1 8 2 1 0 0 0 0 0 0 1
jump=1 +2 
* 
* 6 0 0 0 0 0 0 0 0 2
+2 10 10 0 1 1 0 1
+5 10 10 0 0 3
+2 10 0 0 0 0 0 0 0 0 5 1
jcnd=1/5 +2 
* 
+6 5 0 5
+2 10 0 0 0 0 0 0 0 0 5 1
jcnd=1/5 +5 
* 
+1 32 8 4 0 4
cfi=(77)
cfn=(262)
calls=4 207 
* 97186 26732 9818 37 1339 526 33 1068 509 16137 871 186 72
+4 10 5 0 1 2 0 1 0 0 5 2
jcnd=2/5 -22 
* 
* 6 3 0 0 1 0 0 0 0 3
+1 6
-23 3
+23 3 0 3
cfi=(46)
cfn=(438) _dl_add_to_slotinfo
calls=3 1017 
* 84 30 21 3 2 2 3 0 0 6 3
-23 6 0 0 0 0 0 0 0 0 3 3
jcnd=2/3 +2 
* 
* 1 1 0 0 1
92 3 0 0 1 0 0 1
+1 1
2325 1 1
93 1 0 1 0 0 1
2325 1 0 0 0 0 0 0 0 0 1
+4 4 2 0 0 1 0 0 0 0 2 1
+2 1 0 1
+7 4 1 1 1 0 0 1
cfi=(46)
cfn=(440) _dl_allocate_tls_init
calls=1 523 
* 319 75 48 6 11 5 6 1 5 50 14 2 2
+3 2 1 0 0 0 0 0 0 0 1
jcnd=1/1 +4 
* 
+4 3 2 0 1 1 0 1 0 0 1
+2 2 1 0 0 0 0 0 0 0 1 1
jcnd=1/1 +10 
* 
+33 3 1 1
cfi=(147) ./elf/./elf/dl-call-libc-early-init.c
cfn=(464) _dl_call_libc_early_init
calls=1 27 
* 603 131 56 17 31 5 17 12 5 57 16 11 4
+7 1 0 1
cfi=(9)
cfn=(480) _dl_sysdep_start_cleanup
calls=1 147 
* 2 1 0 1 0 0 1
+3 3 0 1
cfi=(48)
cfn=(482) _dl_audit_activity_nsid
calls=1 41 
* 11 3 0 2 0 0 2 0 0 2
+4 2 0 1
cfi=(45)
cfn=(196) _dl_debug_update
calls=1 38 
* 7 2 0 1 1 0 0 0 0 2 1
+1 1 0 1 0 0 1
-1 1
+2 1 0 1
cfi=(45)
cfn=(146)
calls=1 116 
* 2 1
+1 1
+4 1 0 1
cfi=(67) ./elf/./elf/dl-cache.c
cfn=(484) _dl_unload_cache
calls=1 525 
* 19 5 4 2 1 0 2 0 0 2 1
+5 8 7 0 0 2
2304 1 0 1 1 0 0 1
+1 1 1
-3 2 0 0 0 0 0 0 0 0 1 1
jcnd=1/1 +6 
* 
226 2 0 0 0 0 0 0 0 0 1
-2 1 1
+1 1
jump=1 +1 
* 
1773 1 1 0 1 1 0 1 1
+6 1 1 0 0 1 0 0 1
-6 2 1 1 1 0 1 1 0 1
+6 1 0 0 0 0 0 0 0 0 1 1
jcnd=1/1 224 
* 
fi=(3)
56 5 0 0 1 0 0 1 0 0 1
+3 4 0 0 0 0 0 0 0 0 1 1
jcnd=1/1 +3 
* 
fi=(33)
-19 2 1 0 1 0 0 1
+1 5 0 2 0 0 0 0 0 0 1
fi=(34)
-11 1 0 1
+3 1 0 1 1 0 0 1
+3 1 0 1
+3 1 0 1
fi=(33)
+16 2
jfi=(35)
jump=1 +54 
* 
fi=(3)
+17 3 2 0 1 0 0 1 0 0 1
+12 3 1 0 0 0 0 0 0 0 1 1
jcnd=1/1 +1 
* 
+1 5 2 1 1 0 0 1 0 0 1
+1 5 2 1 0 0 0 0 0 0 1
+1 5 2 1 0 0 0 0 0 0 1
+1 4 2 0 0 0 0 0 0 0 1 1
jcnd=1/1 +1 
* 
+1 5 2 1 1 0 0 1 0 0 1
+1 5 2 1 0 0 0 0 0 0 1
+1 5 2 1 1 0 0 1 0 0 1
+12 2 2
+7 1 1
-7 7 1 1 0 0 0 0 0 0 2 1
+7 2 0 0 0 0 0 0 0 0 1 1
jcnd=1/1 +5 
* 
fe=(2)
1743 4 2 1 1 0 0 1
jump=1 +1 
* 
2357 1 0 1 1 0 0 1
cfi=(141)
cfn=(442)
calls=1 561 
* 723 179 60 16 55 3 16 9 2 178 47 1 1
+5 3 1 1
cfi=(7)
cfn=(450) __rtld_malloc_init_real
calls=1 76 
* 2651 767 322 6 5 0 6 4 0 352 36 5 3
+3 1 0 1
cfi=(145) ./elf/../sysdeps/nptl/dl-mutex.c
cfn=(458) __rtld_mutex_init
calls=1 30 
* 503 115 36 10 10 0 10 7 0 56 13 4 4
85 1
2371 1 0 1
+1 3 2 0 1 0 0 1
85 3
2372 2 0 1
cfi=(77)
cfn=(262)
calls=1 207 
* 1699 519 199 1 21 3 1 0 0 257 33 3 2
92 3
+9 3 0 1
jump=1 2380 
* 
2687 2 1 0 1 0 0 1 0 0 1
+2 1
+1 1
-1 1 0 1
+1 1 0 1
+1 1
jump=1 -89 
* 
2040 2 0 1 1 0 0 1
cfn=(246) init_tls
calls=1 734 
* 912 121 393 21 5 40 21 4 40 359 35 5 3
* 2 0 1
jump=1 +2 
* 
2650 2 1 0 1 0 0 1 0 0 1
+2 2 0 1
+1 1
jump=1 -51 
* 
fi=(3)
62 4 0 0 1 0 0 1 0 0 1
+2 4
jump=1 +4 
* 
fe=(2)
1943 10 0 0 1 0 0 1 0 0 1 1
jcnd=1/1 * 
* 
85 1 0 0 1 0 0 1
1842 2 2 0 1 0 0 1
85 3
1842 2 0 1
cfn=(150) handle_preload_list
calls=1 869 
* 3084 721 370 126 37 45 126 37 45 482 163 9 3
* 1
92 3
+9 3 0 1
jump=1 1847 
* 
1943 6 0 1 1 0 0 1 0 0 1
+1 1
-1 1
+4 3 0 1
+1 1 1 0 1 0 0 1
+1 2 0 0 0 0 0 0 0 0 1
+1 2 0 0 0 0 0 0 0 0 1
-7 2
jump=1 +12 
* 

fn=(160)
641 2 0 1 1 0 0 1
+2 1
-2 4 0 1
+2 1 1
+1 2 2
-1 2
+1 3 0 1
cfi=(36)
cfn=(162)
calls=1 1967 
* 2643 559 293 105 34 35 105 34 35 446 146 8 2
* 1 0 1
+2 3 3

fn=(246)
734 1 0 1 1 0 0 1
+6 1 1
-6 3 0 2
+2 2 1 1
+4 2 0 0 0 0 0 0 0 0 1
+11 1
fi=(28)
44 1
fe=(2)
746 1
+4 1
fi=(28)
44 1 1 1 0 0 0 0 0 0 0 0 1 1
cfi=(27)
cfn=(74)
calls=1 +36 
* 41 8 7 0 0 0 0 0 0 4 2 1
fe=(2)
761 1 1 0 1 1 0 1 1
-12 1 0 1
+6 1
-9 1 0 1
+11 1 0 1
+4 1 0 0 0 0 0 0 0 0 1
+2 3 1 0 0 0 0 0 0 0 1
-1 2
+3 10 5 0 1 0 0 1 0 0 5 2
jcnd=2/4 -1 
* 
+4 3
+2 3
-2 6 0 3 0 0 1 0 0 1
-5 3 3
-1 6 0 0 0 0 0 0 0 0 3 3
jcnd=3/3 +2 
* 
+10 3 1 0 0 0 0 0 0 0 1
+3 2 0 1
cfi=(46)
cfn=(248) _dl_tls_static_surplus_init
calls=1 97 
* 86 15 10 2 3 0 2 2 0 7 2
+3 1 0 1
cfi=(46)
cfn=(250) _dl_determine_tlsoffset
calls=1 216 
* 147 30 14 6 0 0 6 0 0 15 7
+7 1 0 1
cfi=(46)
cfn=(252) _dl_allocate_tls_storage
calls=1 417 
* 469 33 326 4 0 39 4 0 39 312 14 3 2
* 1 0 0 1 0 0 1
+1 2 0 0 0 0 0 0 0 0 1
+6 1 1
fi=(74) ./elf/../sysdeps/generic/dl-call_tls_init_tp.h
31 2
fe=(2)
793 1 0 1
fi=(74)
31 6 0 2 0 0 0 0 0 0 1
+2 1 0 1
cfi=(24)
cfn=(256) __tls_init_tp
calls=1 +35 
* 79 14 17 4 1 0 4 1 0 5 4
fe=(2)
800 1
-3 1 0 1
+3 4 4
-36 2 2 0 1 0 0 1
-1 4 0 0 0 0 0 0 0 0 2 1
jcnd=1/2 +2 
* 
* 1
jump=1 +10 
* 

fn=(150)
869 11 0 7 2 0 1 2 0 1
+5 1 1
-5 2 0 2 0 0 1 0 0 1
+5 2 0 0 0 0 0 0 0 0 1
-4 3
jump=1 +7 
* 
+7 3 0 1 1 0 1 1 0 1
cfi=(49) ./string/../string/strcspn.c
cfn=(152) strcspn
calls=1 32 
* 240 112 21 5 2 4 5 2 4 22 13
* 1
+1 3 0 0 0 0 0 0 0 0 1 1
jcnd=1/1 +2 
* 
+9 1
183 1 1
889 2 1
183 2 0 0 0 0 0 0 0 0 1
891 2 1 0 1 0 0 1 0 0 1
-80 1 1
+5 1
-6 1
-4 1 0 1
+10 2
-6 1 0 1
+4 1 1
+2 2 0 0 1 0 0 1
-5 1 0 1
+1 1 0 1
+4 1 0 1
cfi=(50)
cfn=(154)
calls=1 254 
* 2754 588 328 114 35 37 114 35 37 450 147 9 3
+1 3 1 0 0 0 0 0 0 0 1
+8 3 1
+67 1
-18 2 1 0 0 0 0 0 0 0 1
+21 9 7
-15 4 0 1 1 0 0 1
cfi=(29)
cfn=(82)
calls=1 210 
* 19 5 4 1 0 1 1 0 1 4 2
+1 2 0 1
jump=1 +6 
* 

fl=(26)
fn=(84)
31 16 0 8 1 0 1 1 0 1
+2 4
-2 8 0 4
+2 4
-2 12 0 4
+2 4 4 4 0 0 0 0 0 0 0 0 4 1
cfi=(24)
cfn=(86) rtld_mutex_dummy
calls=4 +9 
* 12 4
+2 32 4 0 1 0 0 1 0 0 4 1
jcnd=1/4 +10 
* 
* 3
+3 12 3 0 0 0 0 0 0 0 3 3
jcnd=3/3 * 
* 
* 24 6 0 0 0 0 0 0 0 6 3
jcnd=3/6 * 
* 
+2 3 0 3
+2 3 0 3
+4 3
+4 3
-4 6 0 3
+1 6 3 3
+1 6 0 3
+3 15 12
-1 3 3 0 0 0 0 0 0 0 0 0 3
cfi=(24)
cfn=(86)
calls=3 -8 
* 9 3
-4 1
+4 1
-4 2 0 1
+1 2 1 1
+1 2 0 1
+3 5 4
-1 1 1 0 0 0 0 0 0 0 0 0 1 1
cfi=(24)
cfn=(86)
calls=1 -8 
* 3 1
-5 2 0 1 1 0 0 1
jump=1 +1 
* 

fn=(72)
59 60 0 40 1 0 3 1 0 3
+3 8 0 0 0 0 0 0 0 0 4 1
jcnd=1/4 +2 
* 
+18 6 3
+3 3 0 3 0 0 1 0 0 1
cfi=(22) ./string/../sysdeps/x86_64/multiarch/../multiarch/strlen-sse2.S
cfn=(62) strlen
calls=3 -26 
* 69 9 0 0 0 0 0 0 0 7 1
+4 3
-4 3
+4 3
+5 3
-9 9 0 6
fi=(28)
-39 6 3 3 0 0 0 0 0 0 0 0 3
cfi=(27)
cfn=(74)
calls=3 +36 
* 224 41 34 6 0 2 6 0 2 23 11 3
fe=(26)
+39 1 0 1 1 0 0 1
fi=(28)
-39 2 1 1 0 0 0 0 0 0 0 0 1 1
cfi=(27)
cfn=(74)
calls=1 +36 
* 47 8 8 6 1 1 6 1 1 4 2 1 1
* 4
fe=(26)
+51 8 0 0 0 0 0 0 0 0 4
+5 4 4
+4 4 4 0 1 0 0 1
-6 4 0 4 0 0 4 0 0 4
+2 4
+4 4 4
-5 4 0 4 0 0 4 0 0 4
+4 4
+1 4
-1 4 0 4
+1 8 0 8
cfi=(29)
cfn=(82)
calls=4 210 
* 55 13 9 2 1 5 2 1 5 13 8
* 4 4
+15 4 4
-15 4 0 4
+2 4 0 4 1 0 0 1
+13 8 4 0 0 0 0 0 0 0 4 3
jcnd=3/4 +4 
* 
+6 1
+2 7 2 2 0 1 0 0 1
+3 2 1 0 0 0 0 0 0 0 1
jcnd=1/1 +1 
* 
-3 21 6 6 0 3 0 0 3
+3 6 3 0 0 0 0 0 0 0 3 3
jcnd=3/3 +1 
* 
+2 4 0 4 1 0 0 1
+4 4 0 4
+3 8 0 0 0 0 0 0 0 0 4 3
jcnd=3/4 +16 
* 
* 4 0 0 0 0 0 0 0 0 1
+2 4 0 0 0 0 0 0 0 0 1 1
jcnd=1/1 * 
* 
* 8 0 8 1 0 1 1 0 1
-2 8
+2 8 0 8 0 0 3 0 0 3
-2 16 0 0 0 0 0 0 0 0 8 7
jcnd=7/8 +2 
* 
+16 8
-5 4 0 4 0 0 4 0 0 4
+5 4
-6 4 0 0 1 0 0 1
+6 4 4 0 0 1 0 0 1
-6 4 0 4
+6 8 0 0 0 0 0 0 0 0 4 1
jcnd=1/4 -2 
* 
+2 6 0 3 0 0 3 0 0 3
+3 6 0 0 0 0 0 0 0 0 3
-3 6
+7 12 3 0 0 0 0 0 0 0 3
+4 9 0 0 0 0 0 0 0 0 3 1
jcnd=3/3 * 
* 
+8 1 0 1 1 0 0 1
+13 1 1
-10 2 0 1
+10 3 1 0 0 0 0 0 0 0 1 1
jcnd=1/1 +74 
* 
* 3 3
-10 6 0 3
+10 9 3 0 0 0 0 0 0 0 3
+2 3 0 3
cfi=(22)
cfn=(62)
calls=3 57 
* 105 15 0 0 0 0 0 0 0 9 1
+21 3 0 0 1 0 0 1
-21 9 0 3
+17 3
-13 9 0 0 0 0 0 0 0 0 3
jfi=(28)
jump=3 56 
* 
+50 9 6 3
cfi=(29)
cfn=(122) mempcpy
calls=3 -48 
* 55 13 10 0 0 3 0 0 3 10 4
* 3
+5 6
+1 6 3 0 0 0 0 0 0 0 3 3
jcnd=3/3 -1 
* 
-1 108
+1 108 54 0 0 0 0 0 0 0 54 17
jcnd=51/54 -1 
* 
+4 6
+1 3 0 3
+3 3 0 3
+4 36 28 0 1 0 0 1
131 8 0 4 1 0 4 1 0 4
jump=4 +1 
* 
-8 3
-4 6 3 0 0 0 0 0 0 0 3 3
jcnd=3/3 +8 
* 
+34 1
+7 4 0 0 1 0 0 1 0 0 1
jump=1 +16 
* 
+8 12 3 0 1 0 0 1 0 0 3 2
jcnd=3/3 +21 
* 
fi=(28)
56 6 3 3 1 0 0 1 0 0 0 0 3 1
cfi=(27)
cfn=(78)
calls=3 -20 
* 90 21 21 0 0 0 0 0 0 9
* 3
fe=(26)
200 6 0 0 0 0 0 0 0 0 3
-1 6
jump=3 +46 
* 
64 2 0 0 1 0 0 1 0 0 1 1
jcnd=1/1 +2 
* 
+2 3 1 0 1 0 0 1 0 0 1
+1 2 0 0 0 0 0 0 0 0 1
+4 6 0 2
+6 2 0 0 1 0 0 1
jump=1 +6 
* 

fl=(55)
fn=(174)
30 4 0 0 1 0 0 1
+9 16 0 0 1 0 0 1 0 0 4
+33 4 4

fl=(36)
fn=(102)
706 11 0 7 2 0 0 2
+14 1
-14 2 0 1
+14 2 0 1
cfi=(37) ./elf/./elf/dl-hwcaps.c
cfn=(104) _dl_important_hwcaps
calls=1 172 
* 1244 255 222 34 1 7 34 1 7 136 46 2 2
fi=(28)
56 1
fe=(36)
720 1 0 1 0 0 1 0 0 1
fi=(28)
56 1 1 1 0 0 0 0 0 0 0 0 1 1
cfi=(27)
cfn=(78)
calls=1 -20 
* 30 7 7 0 0 0 0 0 0 3
fe=(36)
725 1 0 1
+2 3 0 0 1 0 0 1 0 0 1
+8 2 1
-1 3
+5 3
fi=(28)
56 1 1 1 0 0 0 0 0 0 0 0 1 1
cfi=(27)
cfn=(78)
calls=1 -20 
* 30 7 7 0 0 0 0 0 0 3
fe=(36)
739 1 0 1 0 0 1 0 0 1
+2 4 2 0 1 0 0 1 0 0 1
+7 1 0 1
+8 1
+2 1
+12 2
-23 1 0 1
+9 1 0 1 1 0 0 1
+11 1 1
-4 1
-5 1 0 1
+3 2 0 1 0 0 1 0 0 1
+7 2 0 1
+2 2
-11 1 0 1
+11 3 0 1 1 0 0 1
-8 1 0 1
+4 1
+1 3 0 1 0 0 0 0 0 0 1
+1 16 4 4
cfi=(43) ./string/../sysdeps/x86_64/multiarch/../multiarch/memset-vec-unaligned-erms.S
cfn=(126) memset
calls=4 132 
* 56 4 8 3 0 1 3 0 1 8 7
+2 12 0 0 0 0 0 0 0 0 4 1
jcnd=1/4 * 
* 
* 3 3
-14 3
+10 3
+4 9 3 3 1 0 0 1
-12 3
-2 3 0 3
+2 3 0 3 0 0 2 0 0 2
+4 3 3 0 0 1 0 0 1
-3 3 0 3
+3 3 0 3 0 0 1 0 0 1
+1 3
-2 3 0 3
+5 9 3 0 0 1 0 0 1 0 3
+1 6 0 0 1 0 0 1 0 0 3 3
jcnd=3/3 +1 
* 
+3 1 0 1
+15 1
-8 1 0 1
+5 1 1
-6 1 0 1
+9 2
+2 4 1 0 1 0 0 1 0 0 1
+2 3 1 0 0 0 0 0 0 0 1 1
jcnd=1/1 +19 
* 
+36 5 2 0 1 0 0 1 0 0 2 1
jcnd=1/1 +2 
* 
+2 2 0 1 1 0 0 1
cfi=(22)
cfn=(62)
calls=1 57 
* 17 2 0 0 0 0 0 0 0 2
* 9 0 0 0 0 0 0 0 0 1 1
jcnd=1/1 * 
* 
-19 1 1 0 1 0 0 1
-2 1 0 1
+2 2 0 0 0 0 0 0 0 0 1 1
jcnd=1/1 +14 
* 
+19 4 0 0 1 0 0 1 0 0 1 1
jcnd=1/1 * 
* 
* 5 1 1 1 0 0 1
cfi=(29)
cfn=(82)
calls=1 210 
* 11 3 2 0 0 0 0 0 0 2 2
* 1
+5 4 1 0 0 0 0 0 0 0 1
-1 2
+2 1
+1 2
-2 4 1 0 1 0 0 1 0 0 1 1
jcnd=1/1 +1 
* 
+1 13
+1 26
-2 52 13 0 0 0 0 0 0 0 13 9
jcnd=12/13 +1 
* 
+5 1
fi=(28)
56 1 1 1 0 0 0 0 0 0 0 0 1 1
cfi=(27)
cfn=(78)
calls=1 -20 
* 30 7 7 0 0 0 0 0 0 3
fe=(36)
836 1 0 1
fi=(28)
56 1
fe=(36)
838 2 0 0 0 0 0 0 0 0 1
+6 6 1 1
cfn=(128) fillin_rpath.isra.0
calls=1 468 
* 581 152 65 19 1 2 19 1 2 118 33 3 3
+3 3 2 0 0 0 0 0 0 0 1
+6 1 0 1
+4 8 7
-35 2 0 1 1 0 0 1
jump=1 +3 
* 
+5 2 0 1 1 0 0 1
jump=1 * 
* 

fn=(132) expand_dynamic_string_token
385 18 0 12 1 0 0 1
241 4
385 2
241 2 0 2
cfi=(41)
cfn=(114)
calls=2 32 
* 72 9 0 2 0 0 2 0 0 5 2
+3 4 0 0 0 0 0 0 0 0 2 1
410 2
-11 2
+11 12 12 0 1 0 0 1
-11 2
cfi=(44) ./string/./string/strdup.c
cfn=(134) strdup
calls=2 40 
* 180 37 30 4 0 2 4 0 2 19 5 2 1

fn=(172) _dl_map_object_from_fd
944 30 0 18 1 0 0 1
+15 3 3
-15 6 0 6 1 0 2 1 0 2
+15 3
-15 6 0 6
+15 6 0 3 0 0 0 0 0 0 3 3
jcnd=3/3 1264 
* 
+77 12 3 3 1 0 0 1 0 0 3
+10 6 3 0 0 0 0 0 0 0 3
+7 21 15 3
cfi=(26)
cfn=(72)
calls=3 59 
* 1208 248 181 9 3 26 9 3 26 165 58 9 1
* 3 0 0 1 0 0 1
+1 6 0 0 0 0 0 0 0 0 3
+11 3 3
+5 3 3
-4 3 3
-1 3 0 3 0 0 3 0 0 3
+2 3 3
+2 3
-2 3 0 3
+2 6
+1 9 3 0 1 0 0 1 0 0 3 1
jcnd=1/3 +4 
* 
+1 4 0 2
+19 4 2
-2 2 0 2
+2 20 0 0 1 0 0 1 0 0 2 2
jcnd=2/2 * 
* 
* 2 1
-2 1 0 1
+2 10 0 0 0 0 0 0 0 0 1 1
jcnd=1/1 * 
* 
* 27 0 6 1 0 0 1 0 0 3
+10 3 3
-10 3
+10 9 0 0 0 0 0 0 0 0 3
+27 3 3
-33 3
-3 3
+2 3 0 3
-1 3 0 3
+35 3
+9 3 0 0 1 0 0 1
-50 3 0 3
+41 3 0 3
+9 3
-36 3 3
+63 15 0 12
jump=3 -62 
* 
-62 46 0 0 1 0 0 1 0 0 23 3
jcnd=3/23 +6 
* 
* 40 0 0 0 0 0 0 0 0 20 1
jcnd=1/20 +20 
* 
* 38 0 0 0 0 0 0 0 0 19 8
jcnd=7/19 -1 
* 
+26 84 36 0 0 2 0 0 2 0 12
+8 24 12 0 1 0 0 1
+1 12
-1 12
+1 48
+1 12 12
-1 12 0 12 0 0 2 0 0 2
+1 12
+2 12 12 0 0 1 0 0 1
-2 12
+2 12 0 12 0 0 4 0 0 4
+2 12 12 0 0 1 0 0 1
-4 12
+1 12 0 12
+3 12
-4 12 0 12 1 0 0 1
+4 60
+2 24 0 12 0 0 4 0 0 4
+13 24 0 0 0 0 0 0 0 0 12 3
jcnd=3/12 +6 
* 
+1 45 18 9
+5 9
+1 81 18 9
-28 18
-35 27 0 0 0 0 0 0 0 0 9
+62 3
+1 27 6 3
-28 6
-35 75 0 0 0 0 0 0 0 0 25
+1 111 37 0 1 13 0 1 13 0 37 2
jcnd=2/37 +75 
* 
* 35 0 0 1 0 0 1 0 0 35 14
jcnd=23/35 * 
* 
* 24 0 0 0 0 0 0 0 0 12 3
jcnd=3/12 1209 
* 
* 18 0 0 0 0 0 0 0 0 9 9
jcnd=6/9 -1 
* 
1213 3 3 0 0 1 0 0 1
1100 3
1213 6 3 3 0 0 1 0 0 1
1100 9 0 0 0 0 0 0 0 0 3
1218 21 15 0 1 0 0 1 0 0 3
+10 9
+1 3
-1 3
+1 3 0 3
-1 9 0 0 1 0 0 1 0 0 3 2
jcnd=3/3 +1 
* 
+1 9
-1 9
+1 9 0 9
-1 27 0 0 0 0 0 0 0 0 9 5
jcnd=6/9 +1 
* 
1066 6 0 3
1235 6 0 0 0 0 0 0 0 0 3
+10 12 6 0 0 0 0 0 0 0 6
+7 12 6 0 1 0 0 1
fi=(59) ./elf/./dl-map-segments.h
28 3 3
fe=(36)
1252 9 3 3
fi=(59)
28 6 0 0 0 0 0 0 0 0 3
+1 24 9 6 1 0 1 1 0 1
cfi=(57)
cfn=(178)
calls=3 +18 
* 84 15 9 0 0 0 0 0 0 15 4
+73 6 3
-1 3 0 3
-72 3
+73 3 0 0 0 0 0 0 0 0 3
+3 6 3
+1 3
+2 3 3 0 1 0 0 1
-3 3 0 3
+1 3 0 3
+2 3 0 0 0 0 0 0 0 0 3 2
jcnd=3/3 +17 
* 
+17 3 0 3 1 0 0 1
-44 3 3
fi=(60) ./elf/./dl-load.h
+10 6 3 0 0 0 0 0 0 0 3 3
jcnd=2/3 +1 
* 
* 18 9 0 0 0 0 0 0 0 9
fi=(59)
+58 48 24 0 0 0 0 0 0 0 12 9
jcnd=9/12 +45 
* 
+6 3 3 0 1 0 0 1
+2 3 3
-2 3
+1 3
+2 6
-1 6
+3 6
+5 6 0 0 0 0 0 0 0 0 3
+3 9 3 0 0 0 0 0 0 0 3
+8 18 0 6
cfi=(43)
cfn=(126)
calls=3 -44 
* 357 3 182 1 0 46 1 0 46 51 19
* 3 3
+6 6 0 0 0 0 0 0 0 0 3 1
jcnd=1/3 +4 
* 
+12 12 0 0 1 0 0 1
-59 72 12 0 1 0 0 1 0 0 12 2
jfi=(36)
jcnd=3/12 1268 
* 
+2 36 18 0 0 0 0 0 0 0 9
+2 72 36 9
cfi=(57)
cfn=(178)
calls=9 -92 
* 189 36 27 0 0 0 0 0 0 27
* 18 0 0 0 0 0 0 0 0 9 2
jfi=(60)
jcnd=9/9 -48 
* 
fe=(36)
1264 3 0 0 1 0 0 1
fi=(56) ./elf/../sysdeps/posix/dl-fileid.h
37 6 0 3 0 0 1 0 0 1
cfi=(55)
cfn=(174)
calls=3 -7 
* 18 3 0 2 0 0 2 0 0 3
* 6 0 0 0 0 0 0 0 0 3
fe=(36)
989 6 3 0 1 0 0 1
fi=(56)
40 9 9
fe=(36)
989 3
fi=(56)
40 3 0 3
fe=(36)
989 12 3 0 0 0 0 0 0 0 3 3
jcnd=3/3 +1 
* 
* 27 9 0 0 0 0 0 0 0 9 3
jcnd=3/9 +19 
* 
+1 18 9 0 1 0 0 1 0 0 9
fi=(56)
49 18 9 0 0 1 0 0 1 0 9 5
jfi=(36)
jcnd=6/9 989 
* 
* 6 3 0 0 0 0 0 0 0 3 3
jfi=(36)
jcnd=3/3 989 
* 
fe=(36)
1519 27 21 0 1 0 0 1
1074 8 0 0 0 0 0 0 0 0 1 1
jcnd=1/1 * 
* 
* 4 0 0 1 0 0 1 0 0 1 1
jcnd=1/1 * 
* 
* 1
+1 2 1
-1 1
+1 1
-1 1 0 1
+1 1 0 1 0 0 1 0 0 1
cfi=(70) ./io/../sysdeps/unix/sysv/linux/pread64_nocancel.c
cfn=(226) __pread64_nocancel
calls=1 25 
* 7 1 0 0 0 0 0 0 0 1
* 2 0 0 0 0 0 0 0 0 1 1
jcnd=1/1 +15 
* 
+46 2 1 1
+1 1
jump=1 -22 
* 
-15 6 3 0 1 2 0 1 2 0 3
+7 3 3
+2 3 3 0 1 0 0 1
-2 3 0 3
+1 3 3
+1 3
-1 6 0 3
+1 24 3 3
jump=3 -16 
* 
+60 6 2 0 1 0 0 1 0 0 2
+5 2 2 0 0 1 0 0 1
-1 4
+5 2
-5 4 0 2 0 0 2 0 0 2
-66 2 2
+71 8 0 2 0 0 2 0 0 2
+1 2 2 0 1 0 0 1
+3 2 0 2
-3 2 0 2
+8 8 2 0 0 0 0 0 0 0 2 2
jcnd=2/2 -94 
* 
+15 6 3 3 1 0 0 1
+1 3
jump=3 1100 
* 
1008 6 3 0 1 0 0 1 0 0 3 3
jcnd=3/3 +28 
* 
1268 12 6 0 1 0 0 1 0 0 3
+1 9 3 3
fi=(61) ./elf/./elf/get-dynamic-info.h
39 6 0 0 0 0 0 0 0 0 3
+6 3 3 0 0 3 0 0 3
-2 3
+11 3 0 0 1 0 0 1
+1 3
-10 6 0 0 0 0 0 0 0 0 3 3
jcnd=3/3 +4 
* 
+8 3
+15 3 0 3 0 0 2 0 0 2
-23 12 3 0 0 1 0 0 1 0 3
+23 71 0 71 0 0 17 0 0 17
-23 284 71 0 0 17 0 0 17 0 71 3
jcnd=3/71 +27 
* 
+4 148 0 0 0 0 0 0 0 0 74 27
jcnd=54/74 +19 
* 
+3 20
-1 40 0 0 1 0 0 1 0 0 20 3
jcnd=3/20 +2 
* 
+3 68 0 0 0 0 0 0 0 0 17 6
jcnd=3/17 +2 
* 
+1 56
jump=14 +13 
* 
+1 15 0 0 1 0 0 1 0 0 3 2
jcnd=3/3 +3 
* 
+16 12 3 0 0 0 0 0 0 0 6
+12 9 3 0 1 0 0 1 0 0 3 2
jcnd=2/3 +1 
* 
* 1 0 1
+1 12 3 3 0 0 0 0 0 0 3
+1 12 3 3 0 0 0 0 0 0 3
+1 12 3 3 0 0 0 0 0 0 3 1
+1 9 3 0 0 2 0 0 2 0 3 2
jcnd=2/3 +1 
* 
* 1 0 1
+1 9 3 0 1 1 0 1 1 0 3 1
jcnd=1/2 +1 
* 
* 2 0 2
+1 9 3 0 0 1 0 0 1 0 3 1
jcnd=1/1 +1 
* 
* 2 0 2
+1 12 3 3 0 0 0 0 0 0 3
+12 3 3
+7 3 3
-7 21 3 3 1 0 0 1 0 0 6
+7 6 0 0 0 0 0 0 0 0 3 2
jcnd=2/3 +5 
* 
* 1
jump=1 +13 
* 
+5 4 2 0 0 0 0 0 0 0 2
+7 4 2 0 0 0 0 0 0 0 2
+1 9 6 0 1 0 0 1 0 0 3
+6 9 3 0 0 0 0 0 0 0 3 2
jcnd=2/3 +18 
* 
+1 3 2 0 0 0 0 0 0 0 1
+17 9 3 0 0 0 0 0 0 0 3 2
jcnd=2/3 +15 
* 
+5 2 1 1
+2 2 0 0 0 0 0 0 0 0 1 1
jcnd=1/1 +2 
* 
+2 2 0 0 0 0 0 0 0 0 1 1
jcnd=1/1 +2 
* 
+2 2 0 0 0 0 0 0 0 0 1 1
jcnd=1/1 +1 
* 
+4 9 3 0 1 0 0 1 0 0 3 1
jfi=(36)
jcnd=1/3 1275 
* 
+2 6 2 2 1 0 0 1
+1 4 0 0 0 0 0 0 0 0 2
+9 4 2 0 0 0 0 0 0 0 2
+6 4 0 0 0 0 0 0 0 0 2 1
jcnd=1/2 +1 
* 
+4 6 3 0 0 0 0 0 0 0 3 3
jfi=(36)
jcnd=3/3 1275 
* 
fe=(36)
1275 6
+1 6 0 0 1 0 0 1 0 0 3 3
jcnd=3/3 +2 
* 
+2 6 0 0 0 0 0 0 0 0 3 3
jcnd=3/3 +10 
* 
+10 9 3 0 0 0 0 0 0 0 3
+19 9 3 3
+2 18 6 0 1 0 0 1 0 0 3
+52 9 3 0 0 1 0 0 1 0 3 1
jcnd=1/3 +7 
* 
+1 4 2 2
+6 27 6 0 1 0 0 1 0 0 3
jump=3 +1 
* 
+1 62 0 0 0 0 0 0 0 0 31 14
jcnd=28/31 -1 
* 
+6 12 0 3
cfn=(188) _dl_process_pt_gnu_property
calls=3 868 
* 218 43 8 6 4 0 6 4 0 48 5
-7 77 3 0 0 0 0 0 0 0 37 3
jcnd=3/34 +12 
* 
+1 37 37 0 1 31 0 1 31
+6 37
-6 74 0 0 0 0 0 0 0 0 37 15
jcnd=31/37 * 
* 
fi=(30)
149 12 6 0 0 0 0 0 0 0 6 6
jfi=(36)
jcnd=6/6 1368 
* 
fe=(36)
1380 6 3 3 1 0 0 1
cfi=(62)
cfn=(194)
calls=3 25 
* 18 3 0 1 0 0 1 0 0 3
* 6 0 0 0 0 0 0 0 0 3
+13 6 3 0 1 0 0 1 0 0 3
+2 12 6 3
+2 6 3 0 0 0 0 0 0 0 3
+16 6 0 3
cfi=(8)
cfn=(14)
calls=3 25 
* 81 24 18 0 2 0 0 2 0 9
+4 6 3 0 0 0 0 0 0 0 3
+1 6 3 0 1 0 0 1 0 0 3 3
+17 6 3 0 0 0 0 0 0 0 3 2
jcnd=2/3 +4 
* 
+1 1 0 1
+3 1 1
+5 1 1
-5 1 0 1
+5 1 0 0 0 0 0 0 0 0 1
-5 2 2
+5 2 2
-5 2 0 2
+5 2 0 0 0 0 0 0 0 0 2
+5 6 3 0 0 0 0 0 0 0 3
+12 24 9 0 1 0 0 1 0 0 3 2
jcnd=3/3 +1 
* 
+10 6 3 0 0 0 0 0 0 0 3 1
jcnd=1/3 +13 
* 
+1 8 2 0 0 0 0 0 0 0 2
+5 4 0 2
cfi=(46)
cfn=(224) _dl_assign_tls_modid
calls=2 125 
* 24 8 6 2 0 0 2 0 0 2
+7 9 3 3 1 0 0 1
cfi=(26)
cfn=(84)
calls=3 31 
* 165 39 30 0 0 1 0 0 1 12 6 6
+3 6 3 0 0 0 0 0 0 0 3
+4 6 3 3
cfi=(45)
cfn=(196)
calls=3 38 
* 21 6 0 1 0 0 1 0 0 6 3
* 3
+1 9 3 0 0 0 0 0 0 0 3 3
jcnd=3/3 +18 
* 
+22 21 9 0 1 0 0 1 0 0 3
+1 9 3 3 1 0 0 1
cfi=(48)
cfn=(198) _dl_audit_objopen
calls=3 77 
* 15 6 0 1 0 0 1 0 0 3
* 3
jump=3 +4 
* 
fi=(60)
92 8 4 0 1 0 0 1 0 0 2
+2 2 2
-1 2 2
+1 2
-1 2
+1 2
-1 2 0 0 1 0 0 1
+1 2
-1 4 0 0 0 0 0 0 0 0 2
+3 8 0 2
jfi=(59)
jump=2 +53 
* 
fi=(61)
-37 12 0 0 1 0 0 1 0 0 3
+3 12 0 0 0 0 0 0 0 0 3
+2 12
jump=3 +4 
* 
181 3 1 1
jump=1 +3 
* 
-22 2 0 1
jump=1 +3 
* 
fe=(36)
1510 6 0 0 1 0 0 1 0 0 3 3
jcnd=3/3 +4 
* 
1074 2 0 1 1 0 0 1
jump=1 * 
* 
fi=(59)
186 8 1 1 2 0 0 2
cfi=(57)
cfn=(178)
calls=1 47 
* 21 4 3 0 0 0 0 0 0 3
+3 2 0 0 0 0 0 0 0 0 1 1
jcnd=1/1 +5 
* 
fe=(36)
1462 9 3 0 1 0 0 1 0 0 3 1
jcnd=1/3 +9 
* 
+2 2 2
-1 10 6 0 0 0 0 0 0 0 2 2
jcnd=2/2 +1 
* 
+1 2
-1 2
+1 2
-1 2 0 2
cfi=(31)
cfn=(90)
calls=2 98 
* 50 14 0 0 3 0 0 3 0 6 1
* 4 0 0 0 0 0 0 0 0 2 1
jcnd=1/2 +8 
* 
+2 5 1 1
jump=1 +6 
* 
1275 2 1 0 1 0 0 1
jfi=(61)
jump=1 184 
* 

fn=(162)
1967 84 0 63 2 0 5 2 0 5
+8 14 0 0 0 0 0 0 0 0 7
+1 28 7 0 0 1 0 0 1 0 7
+3 77 7 14 1 0 0 1 0 0 7
jump=7 +5 
* 
* 48 16 0 0 0 0 0 0 0 16 3
jcnd=3/16 2270 
* 
+5 140 40 0 1 0 0 1 0 0 20
+2 60 0 20 0 0 2 0 0 2
cfi=(52)
cfn=(164)
calls=20 68 
* 2399 484 107 28 2 2 28 2 2 301 96 25 15
* 40 0 0 0 0 0 0 0 0 20 4
jcnd=4/20 2270 
* 
+4 32 16 0 0 0 0 0 0 0 16
+1 48 16 0 0 0 0 0 0 0 16 6
jcnd=10/16 -12 
* 
+4 6 6 0 1 0 0 1
-1 30 18 0 0 0 0 0 0 0 6 3
jcnd=6/6 +1 
* 
+1 6
+1 6
-1 6
+1 12 0 6
cfi=(31)
cfn=(90)
calls=6 98 
* 175 41 0 0 0 0 0 0 0 21 4 1
* 12 0 0 0 0 0 0 0 0 6 3
jcnd=6/6 -17 
* 
2270 66 52 0 1 0 0 1
2011 9 3 3
-1 6 3 0 0 0 0 0 0 0 3 3
jcnd=3/3 +9 
* 
+9 3 3 0 1 0 0 1
-50 3 0 3
+50 6 0 0 0 0 0 0 0 0 3
+17 6
-2 3 0 3
+2 3 0 3
cfi=(41)
cfn=(114)
calls=3 32 
* 72 9 0 0 0 0 0 0 0 6
* 6 0 0 0 0 0 0 0 0 3 2
jcnd=2/3 +4 
* 
2202 2 0 0 1 0 0 1 0 0 1
-1 3 0 1
cfn=(132)
calls=1 385 
* 175 33 23 4 0 1 4 0 1 15 5 1
+6 1
-7 1 0 1
+1 1
+2 2 0 0 0 0 0 0 0 0 1
+4 7 0 2 1 0 0 1
cfn=(166) open_verify.constprop.0
calls=1 1572 
* 106 22 15 9 1 2 9 1 2 18 4
+3 2 1
-3 1
+3 1 0 0 0 0 0 0 0 0 1
+12 4 1
+45 1 1
+1 5 1 0 1 0 0 1
-1 1 0 1
+1 8 2 5
cfn=(172)
calls=1 944 
* 1940 410 216 76 31 28 76 31 28 358 113 5 1
-1 2 2
+1 10 2
-1 2 0 2
+1 16 4 10
cfn=(172)
calls=2 944 
* 4408 844 634 10 60 87 10 60 87 837 210 10
* 9
jump=3 +2 
* 
2040 4 0 2 1 0 0 1
cfi=(22)
cfn=(62)
calls=2 57 
* 34 4 0 0 0 0 0 0 0 4
* 4 0 2 1 0 0 1
+2 4 2 0 0 0 0 0 0 0 2 1
+7 8 2 0 0 0 0 0 0 0 4 2
jcnd=2/2 +4 
* 
+51 26 4 8 1 0 0 1
cfn=(208) open_path
calls=2 1812 
* 824 196 141 19 0 9 18 0 9 102 41
+6 2
-6 2
+6 4 0 0 1 0 0 1 0 0 2 2
jcnd=2/2 682 
* 
2222 8 2
+46 4 2
jump=2 -1 
* 
682 2 2 0 1 0 0 1
2107 2
682 4 0 0 1 0 0 1 0 0 2 2
jcnd=2/2 2115 
* 
2135 4 0 2 1 0 0 1
cfi=(67)
cfn=(214) _dl_load_cache_lookup
calls=2 403 
* 2738 452 130 27 36 1 27 36 1 588 81 2
* 2
+2 4 0 0 0 0 0 0 0 0 2
+4 4 0 0 0 0 0 0 0 0 2
+31 2
-23 4 2 0 0 0 0 0 0 0 2
+23 14 0 4 1 0 0 1
cfn=(166)
calls=2 1572 
* 243 46 32 5 1 1 5 1 1 41 10
+4 4 2
-4 2
+4 2 0 0 0 0 0 0 0 0 2
+1 2 0 2
+17 4 2 0 0 0 0 0 0 0 2 2
jcnd=2/2 +28 
* 
2074 10 4 0 2 0 0 2 0 0 2
682 2 2
2075 2
682 6 0 0 0 0 0 0 0 0 2 2
jcnd=2/2 2084 
* 
2099 4 2 0 1 0 0 1 0 0 2
+1 4 0 0 0 0 0 0 0 0 2 2
jcnd=2/2 * 
* 
-47 2 2 0 1 0 0 1
+1 2 0 2
696 10 0 6 1 0 0 1
jump=2 -14 
* 
2058 6 2 0 1 0 0 1 0 0 2 2
jcnd=2/2 +15 
* 
682 2 2 0 1 0 0 1
2059 2
682 4 0 0 0 0 0 0 0 0 2 2
jcnd=2/2 2058 
* 
2073 10 8 0 2 0 0 2 0 0 2
+1 4 0 0 0 0 0 0 0 0 2 2
jcnd=2/2 * 
* 
+41 2 0 2 1 0 0 1
+14 4 2 0 0 0 0 0 0 0 2
+2 6 2 0 0 0 0 0 0 0 2 2
jcnd=2/2 +4 
* 
-47 4 0 0 1 0 0 1 0 0 2 2
jcnd=2/2 +15 
* 

fn=(204)
238 12 0 6 1 0 0 1
+3 6
-3 30 0 24 0 0 1 0 0 1
+7 6
-7 12 0 6
+3 6 0 6
cfi=(41)
cfn=(114)
calls=6 32 
* 216 27 0 0 4 0 0 4 0 15 6
+3 12 0 0 0 0 0 0 0 0 6
+20 54 42 0 1 0 0 1

fn=(128)
468 9 0 6 2 0 0 2
+4 1
-4 8 0 6
+6 3 2 1
cfi=(7)
cfn=(130) strsep
calls=1 239 
* 240 74 1 2 1 0 2 1 0 73 13
* 3 2 1
cfi=(7)
cfn=(130)
calls=1 239 
* 8 3 0 0 0 0 0 0 0 2 1
* 6 0 0 1 0 0 1 0 0 2 1
jcnd=1/2 +97 
* 
+7 2 1 0 0 0 0 0 0 0 1
+2 3 1 1
cfn=(132)
calls=1 -98 
* 125 25 21 4 0 1 4 0 1 11 3 1 1
* 1
+4 2 0 0 0 0 0 0 0 0 1
+5 2 0 1
cfi=(22)
cfn=(62)
calls=1 57 
* 17 2 0 0 0 0 0 0 0 2
* 1
+1 2 0 0 0 0 0 0 0 0 1 1
jcnd=1/1 +7 
* 
+7 3 1 0 0 0 0 0 0 0 1 1
jcnd=1/1 +5 
* 
* 2 0 0 1 0 0 1 0 0 1 1
jcnd=1/1 * 
* 
+9 3 1 0 0 0 0 0 0 0 1 1
jcnd=1/1 +1 
* 
* 12 4 0 0 0 0 0 0 0 4 1
jcnd=1/4 +19 
* 
+1 8 4 0 1 0 0 1 0 0 4 4
jcnd=4/4 -1 
* 
fi=(28)
50 2 2 1 1 0 0 1 0 0 0 0 1 1
cfi=(27)
cfn=(138)
calls=1 +47 
* 5 2 0 1 0 0 1 0 0 1
+1 1
jfi=(36)
jump=1 474 
* 
fe=(36)
528 4 1 1 1 0 0 1 0 0 1 1
jcnd=1/1 +4 
* 
+4 4 2
fi=(28)
56 1 1 1 0 0 0 0 0 0 0 0 1 1
cfi=(27)
cfn=(78)
calls=1 -20 
* 30 7 7 0 0 0 0 0 0 3
* 1
fe=(36)
534 2 0 0 1 0 0 1 0 0 1
+5 1 1
+1 2
-1 1
-1 1 0 1
+2 1 0 1
cfi=(29)
cfn=(122)
calls=1 197 
* 13 3 2 0 0 1 0 0 1 2 2
+3 1 1
-3 1 0 1
+1 1 0 1
+2 1 0 0 0 0 0 0 0 0 1 1
jcnd=1/1 +6 
* 
+6 1
+1 1 1 0 1 0 0 1
-1 3 1
+1 5 0 0 0 0 0 0 0 0 2 1
jcnd=1/1 * 
* 
+1 1 0 0 1 0 0 1
-1 1
+1 1 0 1
-1 3 0 0 0 0 0 0 0 0 1
+1 1 0 1
-1 2 0 0 0 0 0 0 0 0 1
+1 1 0 1
+2 2 1 1
+1 3 1 0 1 0 0 1 0 0 1 1
jcnd=1/1 +1 
* 
+1 1 0 1
+6 2 1 1
+1 1 0 1
+3 3 0 1
jfi=(28)
jump=1 50 
* 
-60 2 0 1 1 0 0 1
-22 2 0 1
jump=1 +26 
* 
+88 1 0 1
+3 8 7
-24 2
jump=1 +1 
* 

fn=(188)
868 3 0 0 1 0 0 1
+8 3 3
-8 6
+8 3 0 0 0 0 0 0 0 0 3
-6 3 3
+12 6 0 0 0 0 0 0 0 0 3
-13 3 3
+13 3
-13 3 3
+13 6
jump=3 +3 
* 
+3 9 3 0 1 3 0 1 3 0 3
+1 6 3 0 0 0 0 0 0 0 3
+1 6 3 0 0 0 0 0 0 0 3
+3 9 3 0 0 0 0 0 0 0 3
+1 9 0 0 1 0 0 1 0 0 3
+4 3
+1 6
jump=3 +4 
* 
+22 3
+2 3
-2 6
+2 9 0 0 0 0 0 0 0 0 3 3
jfi=(30)
jcnd=2/3 258 
* 
-20 8 4 0 1 0 0 1
+1 4 4
+3 8 0 0 0 0 0 0 0 0 4
+3 4
+1 16 0 0 0 0 0 0 0 0 4
fi=(30)
95 16 0 0 1 0 0 1 0 0 4
+7 8 0 0 0 0 0 0 0 0 4
+16 4 4 0 0 1 0 0 1
-3 8 0 0 0 0 0 0 0 0 4 2
jcnd=1/4 252 
* 
254 6 0 0 0 0 0 0 0 0 3
+1 3 0 3
+2 12 3 3
+3 3
jfi=(36)
jump=3 918 
* 
-8 2 0 0 0 0 0 0 0 0 1
+5 1 1
-4 1 0 1
+4 3 0 1
+3 1 1
-2 2 2 0 1 0 0 1
fe=(36)

fn=(208)
1812 16 0 12 1 0 1 1 0 1
+1 2 2
-1 6 0 6 1 0 1 1 0 1
+1 2 0 2 0 0 1 0 0 1
+6 4 0 0 0 0 0 0 0 0 2
+5 24 4 0 1 0 0 1 0 0 2 2
jcnd=2/2 * 
* 
* 8 0 0 0 0 0 0 0 0 2 2
jcnd=2/2 * 
* 
* 2
+67 4 2 0 1 0 0 1
-74 2 0 2
+7 6 0 4
+57 2
-65 2 0 2
+65 2 0 2
+10 4 0 4 1 0 0 1
-64 4 4
+8 12 2 2 0 0 0 0 0 0 2
+7 4 4
-11 2
+12 2
-1 8 2 4 1 0 1 1 0 1
cfi=(29)
cfn=(122)
calls=2 197 
* 26 6 4 1 0 0 0 0 0 4 4
+1 20 4 4 0 0 0 0 0 0 2
jump=2 * 
* 
+50 2 0 0 0 0 0 0 0 0 1 1
-2 4 0 1
-48 3 1 0 0 0 0 0 0 0 1 1
jcnd=1/1 +50 
* 
* 15 5 0 0 0 0 0 0 0 5 1
jcnd=1/5 +50 
* 
* 4 2 0 1 0 0 1 0 0 2
+3 12 6 0 0 0 0 0 0 0 6 2
jcnd=2/6 -3 
* 
+5 28 16 4 1 0 0 1
cfi=(29)
cfn=(122)
calls=4 197 
* 52 8 4 0 0 0 0 0 0 12 4
* 16 8 4
cfi=(29)
cfn=(122)
calls=4 197 
* 52 12 8 0 0 0 0 0 0 8 8
+3 8
+6 12 4 0 0 0 0 0 0 0 4
+3 28 12 4 1 0 0 1
cfn=(166)
calls=4 1572 
* 224 40 48 2 0 2 2 0 2 20 6
* 4
+2 12 4 0 0 0 0 0 0 0 4 1
jcnd=1/4 +28 
* 
+2 6 0 0 0 0 0 0 0 0 3 2
jcnd=3/3 +5 
* 
+93 18 14 0 1 0 0 1
-88 6 0 0 1 0 0 1 0 0 3
+1 21 9 0 0 0 0 0 0 0 3 2
jcnd=3/3 +6 
* 
+6 3 3 0 1 0 0 1
+2 6 3
-2 6 0 3
+2 3 0 3
cfi=(65) ./io/../sysdeps/unix/sysv/linux/stat64.c
cfn=(210) stat
calls=3 28 
* 46 3 2 1 0 0 1 0 0 3 3
* 3
+3 3
-3 6 0 0 0 0 0 0 0 0 3 2
jcnd=2/3 +10 
* 
+1 2 1
+9 8 1 2
+2 1
jump=1 -50 
* 
-2 2 0 2 1 0 0 1
+2 2
jump=2 -50 
* 
* 2 2
+44 16 4 2 1 0 2 1 0 2 6
+6 4 2 2
-2 2 0 2
+2 4 2 0 0 0 0 0 0 0 2
+3 6 4 0 0 0 0 0 0 0 2
1822 4
jump=2 1960 
* 
+2 4 0 2 1 0 1 1 0 1
jump=2 * 
* 

fn=(166)
1572 70 0 42 1 0 1 1 0 1
+32 7 7
-32 14 0 14
+32 14 0 0 0 0 0 0 0 0 7
+19 28 0 7
cfi=(53)
cfn=(168)
calls=7 28 
* 152 14 18 2 0 2 2 0 2 21 4
* 7
+2 14 0 0 1 0 0 1 0 0 7 2
jcnd=4/7 -16 
* 
+8 3 0 3
+1 6
+5 3
-5 3 0 3 0 0 2 0 0 2
+5 15 0 3
cfi=(54) ./io/../sysdeps/unix/sysv/linux/read_nocancel.c
cfn=(170) __read_nocancel
calls=3 25 
* 18 3 0 1 0 0 1 0 0 3
+2 6 0 0 1 0 0 1 0 0 3 1
+2 6 3 3
+2 6 0 0 0 0 0 0 0 0 3
+6 6 0 0 0 0 0 0 0 0 3
+17 9 3 0 0 0 0 0 0 0 3 1
jcnd=1/3 * 
* 
* 27 9 0 1 0 0 1 0 0 9 3
jcnd=3/3 * 
* 
* 3 0 0 1 0 0 1
+81 6 3 0 0 0 0 0 0 0 3 2
+5 6 3 0 1 0 0 1 0 0 3
+6 12 3 0 0 0 0 0 0 0 3 2
+6 6 3 0 0 1 0 0 1 0 3
+6 3 3 0 0 1 0 0 1
+1 3 3
-1 9
+1 9 0 0 1 0 0 1 0 0 3 1
jcnd=1/3 +4 
* 
+26 63 49
-22 8 0 0 1 0 0 1 0 0 1 1
jcnd=1/1 * 
* 
* 4 0 0 0 0 0 0 0 0 1 1
jcnd=1/1 * 
* 
* 1
+1 2
-1 1 0 0 1 0 0 1
+1 1 0 1
cfi=(70)
cfn=(226)
calls=1 25 
* 7 1 0 0 0 0 0 0 0 1
* 2 0 0 0 0 0 0 0 0 1 1
jcnd=1/1 +21 
* 
1668 3 1 0 2 0 0 2 0 0 1 1
jcnd=1/1 * 
* 
-59 8 0 0 1 0 0 1
jump=4 1799 
* 
1777 2 0 1 1 0 0 1
jump=1 * 
* 

fl=(45)
fn=(196)
38 4
+3 4
-1 8 0 0 0 0 0 0 0 0 4 4
jcnd=4/4 +4 
* 
+4 8 4 0 2 1 0 1 0 0 4
+4 4 4

fn=(140)
56 3 0 0 1 0 0 1
+3 2 0 0 0 0 0 0 0 0 1
+4 1 1 0 0 1 0 0 1
+22 1 1
+10 1 1
-32 2 0 0 0 0 0 0 0 0 1
+1 1 0 1
+21 2 0 0 0 0 0 0 0 0 1 1
jcnd=1/1 -28 
* 
+5 2 1 0 1 1 0 1 1
+1 1
+4 1 1
-4 1 0 1
-1 1 0 1
+2 1 0 1
+3 1 0 0 0 0 0 0 0 0 1 1
jcnd=1/1 +1 
* 
+4 2 0 0 0 0 0 0 0 0 1 1
jcnd=1/1 +8 
* 
+8 2 1
-50 1 0 0 1 0 0 1
+4 2
jump=1 +29 
* 
+35 6 1 1 1 0 0 1
jump=1 +3 
* 

fn=(146)
116 2 0 0 1 0 0 1
+1 2 2

fl=(381) ./elf/./elf/dl-open.c
fn=(1698) _dl_find_dso_for_object
214 8 0 4 3 0 0 1
+4 4 4
-4 32 0 16 2 0 0 1
+4 8 0 0 0 0 0 0 0 0 4
+1 12 4 0 0 0 0 0 0 0 4
+1 16 8 0 0 0 0 0 0 0 8
+1 8 4 0 0 0 0 0 0 0 4 4
jcnd=4/4 +3 
* 
+3 8 4 0 2 0 0 1 0 0 4
+4 28 24 0 3 0 0 1

fl=(9)
fn=(480)
147 1 0 0 1 0 0 1
+1 1 1

fn=(16)
102 5 0 2 1 0 1 1 0 1
+4 1
-4 1
+1 1 0 1
+3 1 0 1
cfn=(18) _dl_sysdep_parse_arguments
calls=1 -28 
* 468 125 98 7 13 11 7 13 11 156 26
+4 2 1 1
cfi=(11)
cfn=(22) __GI___tunables_init
calls=1 261 
* 37010 6533 6 7 86 0 7 86 0 10067 803
+3 1 0 1
cfi=(13)
cfn=(26)
calls=1 289 
* 38 7 4 4 1 0 4 1 0 3 2
+2 2 0 1
cfi=(14) ./elf/../sysdeps/unix/sysv/linux/brk.c
cfn=(30) brk
calls=1 -79 
* 8 1 1 1 0 1 1 0 1 1
fi=(6)
220 1 0 1
cfi=(15)
cfn=(34)
calls=1 37 
* 7349 809 485 104 19 9 104 19 9 1710 239 1 1
fe=(9)
-98 3 1 0 1 0 0 1 0 0 1
+1 1 0 1
cfi=(22)
cfn=(62)
calls=1 -66 
* 17 2 0 1 1 0 1 1 0 2
* 1 0 1
+2 2 0 1
cfi=(23) ./elf/../misc/sbrk.c
cfn=(64) sbrk
calls=1 -88 
* 16 5 3 2 0 0 2 0 0 2 1
* 3 0 0 0 0 0 0 0 0 1
+12 3 1 0 0 0 0 0 0 0 1
+3 5 3 1 1 0 0 1 0 0 0 0 1 1
cfi=(2)
cfn=(66)
calls=1 1346 
* 210976 55314 22143 847 2190 1055 841 1784 1029 36470 3480 509 240
+3 4 4 0 1 1

fn=(18)
78 1 0 1 1 0 0 1
+2 1
-2 6 0 3 0 0 1 0 0 1
+1 1 1
+1 1 0 1
-1 1 0 1 0 0 1 0 0 1
+2 2
+2 1 1 0 1 0 0 1
-2 1 0 1 0 0 1 0 0 1
+2 2 0 0 0 0 0 0 0 0 1
-1 1
+1 2 1 0 0 0 0 0 0 0 1 1
jcnd=1/1 -1 
* 
-1 57
+1 114 57 0 0 7 0 0 7 0 57 9
jcnd=56/57 -1 
* 
+7 4 0 1 0 0 1 0 0 1
jump=1 * 
* 
* 52 0 51 0 0 5 0 0 5 52 10
jcnd=51/52 * 
* 
fi=(10) ./elf/../sysdeps/unix/sysv/linux/dl-parse_auxv.h
-49 1 1 0 0 1 0 0 1
fe=(9)
+45 1
fi=(10)
-54 1
fe=(9)
+54 1 0 1 1 0 1 1 0 1
fi=(10)
-54 1 0 1
+1 1 0 1
+1 1 0 1
+7 3 0 0 0 0 0 0 0 0 1
+1 44 0 0 0 0 0 0 0 0 22
+1 22 22
-2 22 0 0 1 0 0 1
+2 22 0 22
-2 66 22 0 0 5 0 0 5 0 22 6
jcnd=21/22 +1 
* 
* 1 1
fe=(9)
+52 3 3
+1 1 1
+1 2 2 0 1 0 0 1
fi=(10)
-49 1 1
+1 1 1
fe=(9)
+46 1
fi=(10)
-45 1 1
+3 1 1
+1 1 1
+1 1 1
+1 1 1
+2 1 1
-5 1 0 1 1 0 0 1
-4 1 0 1
+1 1 0 1
+4 1 0 1 0 0 1 0 0 1
+1 1 0 1
+3 1 0 1
-7 1 0 1
-4 1 0 1
+1 1 0 1
+8 1 0 1 1 0 0 1
fe=(9)
+40 1 0 1
-1 1 0 1
+2 1 0 1
+1 6 5

fl=(76)
fn=(260)
361 8 0 4 1 0 0 1
-76 1 1
-10 2 0 0 0 0 0 0 0 0 1
+2 2 1
-1 1 0 1
+6 1 1
+3 1 0 1
+8 1 0 0 1 0 0 1
-11 1
+1 1
-1 1
+1 1
-1 1 0 1
+1 1 0 1
+10 4 1 0 0 0 0 0 0 0 2 1
jcnd=1/1 +70 
* 
+70 6 5 0 1 0 0 1

fn=(492) _dl_cet_setup_features
331 1 0 0 1 0 0 1
+3 2 0 0 0 0 0 0 0 0 1
jcnd=1/1 +16 
* 
+16 1 1

fl=(63)
fn=(200)
25 1
+2 4 0 0 0 0 0 0 0 0 1 1
jcnd=1/1 * 
* 
* 3 0 1
+4 1 1

fl=(145)
fn=(458)
30 2 0 1 1 0 0 1
+10 3
-10 3 0 2
+10 1
-10 1 0 1
+10 1
-10 1
+7 1 1
+3 2 0 1
cfi=(146)
cfn=(460)
calls=1 +34 
* 233 53 14 7 4 0 7 3 0 27 9 2 2
+4 2 0 0 1 0 0 1 0 0 1
+1 8 3 0 0 0 0 0 0 0 2
+2 3
-2 1 0 1
+2 3 0 1
cfi=(146)
cfn=(460)
calls=1 +27 
* 223 50 14 0 6 0 0 4 0 23 4 2 2
+4 2 0 0 1 0 0 1 0 0 1
+1 7 3 1 0 0 0 0 0 0 2
+1 6 5

fl=(42) ./string/../sysdeps/x86_64/multiarch/../multiarch/memcmp-sse2.S
fn=(118) bcmp
59 1 0 0 1 0 0 1
+12 1
+1 1 0 0 0 0 0 0 0 0 1
+22 1
+1 1 0 0 0 0 0 0 0 0 1 1
jcnd=1/1 +45 
* 
+45 1 1 0 1 0 0 1
+1 1 1
+2 1
+1 1 0 0 0 0 0 0 0 0 1
+2 1 1
+1 1 1
+2 1
+1 1 0 0 0 0 0 0 0 0 1 1
jcnd=1/1 +47 
* 
+47 1
+1 1
+1 1
+1 1
+1 1
+1 1 1

fl=(44)
fn=(134)
40 24 0 12 1 0 0 1
+1 4 0 4
cfi=(22)
cfn=(62)
calls=4 +16 
* 122 17 0 2 0 0 2 0 0 11 3
* 4
fi=(515) ./string/../include/rtld-malloc.h
+15 8 4 4 0 0 0 0 0 0 0 0 4 1
cfi=(27)
cfn=(78)
calls=4 -20 
* 120 28 28 0 0 0 0 0 0 12
fe=(44)
-12 8 0 0 1 0 0 1 0 0 4
+3 12
+1 12 12
-1 4
cfi=(29)
cfn=(82)
calls=4 210 
* 60 16 12 0 0 2 0 0 2 12 6

fl=(70)
fn=(226)
25 4
+1 8 0 0 0 0 0 0 0 0 2
+1 2 2

fl=(46)
fn=(248)
97 2 0 1 1 0 0 1
+3 1
-3 3 0 2
+3 1
-3 1
+3 1
-3 1 0 1
+3 1
-3 1
+3 1 0 1
cfi=(11)
cfn=(28)
calls=1 387 
* 23 4 1 0 2 0 0 1 0 3 1
* 1 1
+1 4 0 1
cfi=(11)
cfn=(28)
calls=1 387 
* 23 4 1 0 1 0 0 1 0 3 1
+1 1
+2 1 0 0 1 0 0 1
-3 1 1
+1 2
+2 3 0 0 0 0 0 0 0 0 1
+3 1
+2 1 0 1
-26 3
+28 3 0 1
+1 6 5

fn=(252)
417 7 0 4 2 0 0 2
+2 1 1
+11 1 1
+1 1
fi=(28)
56 1 1 1 0 0 0 0 0 0 0 0 1 1
cfi=(27)
cfn=(78)
calls=1 -20 
* 85 15 13 0 0 0 0 0 0 10 3
fe=(46)
432 2 0 0 0 0 0 0 0 0 1
+8 3
fi=(28)
44 1
fe=(46)
440 2
+5 1
-5 1
+1 1 0 0 1 0 0 1
+4 9 0 3 0 0 2 0 0 2 1 1
jcnd=1/1 * 
* 
* 295 0 294 0 0 35 0 0 35 295 9
jcnd=294/295 * 
* 
+19 1 0 1 0 0 1 0 0 1
-99 1 1
+4 1 0 0 1 0 0 1
+1 1
fi=(28)
44 1 1 1 0 0 0 0 0 0 0 0 1 1
cfi=(27)
cfn=(74)
calls=1 +36 
* 41 8 7 0 0 0 0 0 0 4 1 1
fe=(46)
371 2 0 0 0 0 0 0 0 0 1
+3 1 0 1 0 0 1 0 0 1
+6 2 0 1
+90 7 5

fn=(440)
523 11 0 8 1 0 0 1
+1 2 0 0 0 0 0 0 0 0 1
+4 1 1 0 0 1
+6 1 0 0 1 0 0 1
-6 1 0 1
+6 1 1 1 0 1 0 0 0 0 0 0 1 1
cfi=(24)
cfn=(86)
calls=1 42 
* 3 1
+3 3 2 0 0 1 0 0 0 0 1
+12 1 1
-18 1
+42 3
-19 12 1 1 1 0 0 1 0 0 1
jump=1 +6 
* 
+9 9 3
+1 6 0 0 0 0 0 0 0 0 3
+6 9 6 0 1 0 0 1 0 0 3
+3 3 3 0 0 2
-2 3
+2 3 3 0 0 1
-2 3
+2 12 3
+4 3 3
-4 3 0 3 0 0 1 0 0 1
+4 3
-1 6 0 0 0 0 0 0 0 0 3
+4 6 0 0 1 0 0 1 0 0 3
+1 12 6 0 0 2 0 0 0 0 3
+2 6 0 0 0 0 0 0 0 0 3
+1 6 3
+17 3 3
-8 3 0 3
+8 3 0 0 0 0 0 0 0 0 3 2
jcnd=3/3 +2 
* 
+2 12 3 6
cfi=(29)
cfn=(122)
calls=3 197 
* 47 9 6 0 3 3 0 1 3 10 5
* 18 3 3
cfi=(43)
cfn=(126)
calls=3 132 
* 57 3 14 0 0 1 0 0 1 9 4
-49 3 3
+55 3 3
-55 12 0 0 0 0 0 0 0 0 3
+6 8 0 0 1 0 0 1 0 0 4 3
jcnd=3/4 +3 
* 
* 1
+55 2 1 1 0 0 0 0 0 0 0 0 1 1
cfi=(24)
cfn=(86)
calls=1 42 
* 3 1
+3 2 1 1
+3 9 8

fn=(250)
216 9 0 6 1 0 0 1
+6 4 1 1 0 0 0 0 0 0 1
+3 2 1 0 0 0 0 0 0 0 1
+36 3 1 0 1 0 0 1 0 0 1
+2 1 1
-2 1
-2 1
-40 1
-1 1
-1 1
+46 2 0 1
jump=1 * 
* 
+23 9
+3 3
-3 15
+2 6 0 0 0 0 0 0 0 0 3 3
jcnd=3/3 +6 
* 
+6 3
-33 6 3
+20 3 0 3
-20 15 3 0 0 0 0 0 0 0 3 1
jcnd=1/3 +41 
* 
+2 6 3 0 1 0 0 1 0 0 3
+3 3 3
-1 3 3 0 1 0 0 1
+5 6 3
-5 3
+1 3
-1 3
+3 6
+2 9 0 0 0 0 0 0 0 0 3 3
jcnd=3/3 +16 
* 
+32 2 1 0 1 0 0 1
-1 1 0 1
+53 1 0 1
-52 5 0 0 1 0 0 1
+2 2 0 1
+51 8 7

fn=(438)
1017 24 0 12 1 0 0 1
+9 3 3 0 0 1
-9 3 0 3
+6 3 3
+4 3
jump=3 +4 
* 
+4 9 3 0 1 1 0 1 0 0 3
+34 6 0 0 0 0 0 0 0 0 3 3
jcnd=3/3 +3 
* 
+3 6 0 3 0 0 2
+1 9 3 3
+3 18 18 0 1 0 0 1

fn=(1748) _dl_allocate_tls
626 20 0 14 3 0 0 2
+1 4 0 0 0 0 0 0 0 0 2
365 2 2
fi=(28)
44 2
fe=(46)
369 2
+1 2
fi=(28)
44 2 2 2 0 0 0 0 0 0 0 0 2 1
cob=(2)
cfi=(194) ./malloc/./malloc/malloc.c
cfn=(774) calloc
calls=2 3699 
* 534 94 68 26 0 10 1 0 10 92 17 2
fe=(46)
371 4 0 0 0 0 0 0 0 0 2
+9 2
-6 2 0 2
+6 4 2 2 2 0 0 1
534 4 2 2 0 0 0 0 0 0 0 0 2 1
cob=(2)
cfi=(380) ./nptl/./nptl/pthread_mutex_lock.c
cfn=(1694) pthread_mutex_lock@@GLIBC_2.2.5
calls=2 77 
* 88 22 12 3 1 0 0 1 0 18 6
+3 6 4 0 0 0 0 0 0 0 2
+12 2 2 0 0 1
+24 2 2
-42 2
-1 4
+24 16 2 0 2 0 0 1 0 0 2
jump=2 +6 
* 
+9 18 6
+1 12 0 0 0 0 0 0 0 0 6
+6 18 12 0 2 0 0 1 0 0 6
+3 6 6
-2 6
+6 6 6
-6 6
+2 6
+4 6
-4 18 0 6
+3 12 0 0 0 0 0 0 0 0 6
+4 12 0 0 0 0 0 0 0 0 6
+1 24 12 0 2 0 0 1 0 0 6
+2 12 0 0 0 0 0 0 0 0 6
+1 6 6
+19 24 6 12
-19 6
+19 6 0 6
-10 6 0 6
+10 12 0 6
cfi=(29)
cfn=(122)
calls=6 197 
* 94 18 12 8 0 6 0 0 6 20 7
* 36 12 6
cfi=(43)
cfn=(126)
calls=6 132 
* 114 6 28 8 0 2 0 0 2 18 9
-49 6 6
+55 18 18
-55 24 0 0 0 0 0 0 0 0 6
+6 16 0 0 4 0 0 2 0 0 8 6
jcnd=6/8 +3 
* 
+55 4 2 2 0 0 0 0 0 0 0 0 2 1
cob=(2)
cfi=(382) ./nptl/./nptl/pthread_mutex_unlock.c
cfn=(1700) pthread_mutex_unlock@@GLIBC_2.2.5
calls=2 367 
* 74 18 10 1 0 0 0 0 0 20 8
+3 2 0 2
+2 2 2
+10 16 14

fn=(142)
192 1 0 0 1 0 0 1
+2 2 1 0 0 0 0 0 0 0 1
+1 1 1
+15 2 1

fn=(224)
125 2 0 0 1 0 0 1
+16 2 2
-13 2 2
-3 6 0 2
+3 2 0 0 0 0 0 0 0 0 2
+55 2 0 2 1 0 0 1
-2 2
+5 2 0 2
+1 4 4

fl=(147)
fn=(464)
27 1 0 0 1 0 0 1
+2 2 0 0 0 0 0 0 0 0 1
-2 1 0 1
+6 3
-6 3 0 1
+6 1
-6 2 0 1
+6 1 0 1
cfi=(146)
cfn=(460)
calls=1 +41 
* 225 50 14 0 8 0 0 5 0 24 4 2 2
+4 2 0 0 0 0 0 0 0 0 1
+2 3 2 0 1 0 0 1 0 0 1
+2 1 1
-1 1
-1 1 1
+2 2 2
-1 1 0 0 0 0 0 0 0 0 0 0 1 1
cob=(2)
cfi=(148) ./elf/./elf/libc_early_init.c
cfn=(466) __libc_early_init
calls=1 -7 
* 353 75 38 15 23 5 15 7 5 30 12 8 1

fl=(16)
fn=(36)
682 1 0 1 1 0 0 1
+17 1
-17 7 0 5
+3 1 0 1
+1 1 0 1 1 0 0 1
+1 1 0 1
+3 1 0 1 0 0 1 0 0 1
+9 2 0 1
+3 6 0 0 1 0 0 1 0 0 3 1
jcnd=1/1 +6 
* 
1001 3 1 0 1 0 0 1 0 0 1
+1 2 0 1
+3 2 0 0 0 0 0 0 0 0 1
+1 2 0 1
+6 1 0 1
+1 1 0 1
+1 1 0 1
+1 1 0 1 1 0 0 1
fi=(20) ./elf/../sysdeps/x86/dl-cacheinfo.h
792 1 0 1
+1 1 0 1
+2 1 0 1
+14 2 0 0 0 0 0 0 0 0 1 1
jcnd=1/1 +2 
* 
+85 1 1 0 1 0 0 1
+1 1 1
+15 1
-5 1 0 1
+5 1
-10 1 0 1 0 0 1 0 0 1
-6 1 0 1 0 0 1 0 0 1
+2 1 1
+14 1
-15 1 0 1
+2 1 1 0 1 0 0 1
-1 1 0 1
+2 1 1
-1 1 0 1
+2 1 1
-1 1 0 1
+1 1 0 1
+2 1 0 1
+1 1 0 1
+1 1 0 1 1 0 0 1
+1 1 0 1
+35 2 0 0 0 0 0 0 0 0 1
-15 3 1
+8 2
+27 6 0 0 1 0 0 1
+9 2 0 0 0 0 0 0 0 0 1 1
jcnd=1/1 +6 
* 
+19 2 1
+8 6 0 1 1 0 0 1
cfi=(11)
cfn=(28)
calls=1 387 
* 23 4 1 0 1 0 0 1 0 3 1
* 1 1
+2 2 0 0 0 0 0 0 0 0 1 1
jcnd=1/1 +3 
* 
+3 4 0 1
cfi=(11)
cfn=(28)
calls=1 387 
* 23 4 1 0 1 0 0 1 0 3 1
* 1 1
+2 2 0 0 0 0 0 0 0 0 1 1
jcnd=1/1 +3 
* 
+3 4 0 1 1 0 0 1
cfi=(11)
cfn=(28)
calls=1 387 
* 23 4 1 0 1 0 0 1 0 3 1
* 1 1
+1 5 0 1 0 0 0 0 0 0 1
+16 2 0 1 1 0 0 1
-12 5 0 2
cfi=(11)
cfn=(28)
calls=1 387 
* 23 4 1 0 1 0 0 1 0 3 1
* 1 1
+1 3 1 0 0 0 0 0 0 0 1 1
jcnd=1/1 +6 
* 
+6 3 0 1
+3 1 0 0 1 0 0 1
-3 2 0 1
cfi=(11)
cfn=(28)
calls=1 387 
* 23 4 1 0 1 0 0 1 0 3 1
* 1 1
+3 5 1 1
-3 1 0 1
+3 5 1 4 1 0 0 1
cfi=(11)
cfn=(58) __GI___tunable_set_val
calls=1 153 
* 62 9 6 5 0 0 5 0 0 9 4
+1 10 2 5 1 0 0 1
cfi=(11)
cfn=(58)
calls=1 153 
* 62 9 6 0 0 0 0 0 0 9 4
+1 11 2 5 1 0 0 1
cfi=(11)
cfn=(58)
calls=1 153 
* 62 9 6 0 0 0 0 0 0 9 1
+3 10 1 5
cfi=(11)
cfn=(58)
calls=1 153 
* 62 9 6 0 0 0 0 0 0 9
+2 10 1 5 1 0 0 1
cfi=(11)
cfn=(58)
calls=1 153 
* 62 9 6 0 0 0 0 0 0 9
+13 1 1
+2 1 1
fe=(16)
-23 1
fi=(20)
+21 1 1
+3 1 1 0 1 0 0 1
fe=(16)
-24 1
fi=(20)
+26 1 0 1
-5 1 1
+2 1 0 1
-2 1
+3 1 0 1
fe=(16)
-24 1
fi=(20)
+25 1 0 1
+3 1 0 1
-1 1 0 1 1 0 0 1
fe=(16)
-27 1 0 1
cfi=(11)
cfn=(28)
calls=1 387 
* 22 3 1 1 1 0 1 1 0 2 2
+3 4 0 1
cfi=(11)
cfn=(28)
calls=1 387 
* 24 4 1 0 1 0 0 1 0 3 2
+6 3 1 0 0 0 0 0 0 0 1 1
jcnd=1/1 +14 
* 
+54 1 1 0 1 0 0 1
-1 1 0 1
+1 1 0 0 0 0 0 0 0 0 1 1
jcnd=1/1 +4 
* 
+45 4 0 1
cfi=(11)
cfn=(28)
calls=1 387 
* 22 3 1 0 1 0 0 1 0 2 2
+2 4 0 1
cfi=(11)
cfn=(28)
calls=1 387 
* 22 3 1 0 1 0 0 1 0 2 2
+6 4 0 1
cfi=(11)
cfn=(28)
calls=1 387 
* 24 4 1 0 1 0 0 1 0 3 2
+7 8 7
fi=(20)
974 12 0 0 2 0 0 2
jump=1 +13 
* 
fe=(16)
+68 1 1
-1 2
+1 3 0 0 1 0 0 1 0 0 1 1
jcnd=1/1 +40 
* 
+44 3 1 0 0 0 0 0 0 0 1 1
jcnd=1/1 +17 
* 
+27 2 0 1
jump=1 +14 
* 
-10 2 0 0 1 0 0 1 0 0 1
+1 2 0 0 0 0 0 0 0 0 1
+2 3 0 0 0 0 0 0 0 0 1
+1 2 1 0 0 0 0 0 0 0 1
+2 3 0 0 0 0 0 0 0 0 1
+1 2
jump=1 +3 
* 
fi=(20)
811 2 0 1 1 0 0 1
cfn=(50) handle_intel.constprop.0
calls=1 255 
* 455 49 19 13 6 0 13 6 0 116 24
+1 1
-1 1 0 1
+1 1 0 1 1 0 0 1
cfn=(50)
calls=1 255 
* 503 49 19 0 0 0 0 0 0 128 24
+1 1
-1 1
+1 1 0 1
cfn=(50)
calls=1 255 
* 530 49 19 0 0 0 0 0 0 136 20
+4 1
-4 1 0 1
+1 2 0 2
+3 1 0 1
cfn=(50)
calls=1 255 
* 476 49 19 0 0 0 0 0 0 120 11
+2 1
-2 1 0 1
+2 1 0 1
cfn=(50)
calls=1 255 
* 468 49 19 1 0 0 1 0 0 122 9
+3 1
-3 1 0 1 1 0 0 1
+1 2 1 1
+2 1 0 1
cfn=(50)
calls=1 255 
* 446 49 19 0 0 0 0 0 0 117 11
+2 1
-2 1 0 1
+2 1 0 1
cfn=(50)
calls=1 255 
* 447 49 19 0 0 0 0 0 0 118 9
+3 1
-2 1 0 1
-1 1 0 1
+3 1 0 1
cfn=(50)
calls=1 255 
* 494 49 19 0 0 0 0 0 0 129 15
+2 1 0 0 1 0 0 1
-2 1 0 1
+2 1 0 1
cfn=(50)
calls=1 255 
* 495 49 19 0 0 0 0 0 0 130 9
+1 1 1
+2 1
-3 1 0 1
+1 1 0 1
+2 1 0 1
cfn=(50)
calls=1 255 
* 521 49 19 0 0 0 0 0 0 137 12
+2 1
-2 1 0 1
+2 1 0 1
cfn=(50)
calls=1 255 
* 522 49 19 0 0 0 0 0 0 138 10
+2 1 0 0 1 0 0 1
-2 1
+2 1 0 1
cfn=(50)
calls=1 255 
* 523 49 19 0 0 0 0 0 0 137 18
+2 4 1
-2 1 0 1
+2 1 0 1
cfn=(56) get_common_cache_info.constprop.0
calls=1 571 
* 223 25 21 14 0 0 14 0 0 40 13
+93 1 1
-6 3 3 0 1 0 0 1
+6 1
-6 2 1 1
+6 2
-6 2 1 1
+6 2 1
-1 2
jump=1 -36 
* 
fe=(16)
708 6 0 1 2 0 0 2
cfn=(38) get_common_indices.constprop.0
calls=1 398 
* 74 10 23 6 0 3 6 0 3 8 1
376 3
+1 2 0 0 0 0 0 0 0 0 1
+1 6 0 4
+5 2 0 0 1 0 0 1 0 0 1 1
jcnd=1/1 +1 
* 
713 1 0 1
cfn=(42) update_active.constprop.0
calls=1 72 
* 222 39 42 21 1 3 21 1 3 27 13
+2 1 1
+2 1 1
1015 1 1
715 2 0 0 0 0 0 0 0 0 1 1
jcnd=1/1 +2 
* 
878 2 1 0 1 0 0 1 0 0 1
+7 2 1 0 0 0 0 0 0 0 1
+2 2 0 1
+4 2 0 0 0 0 0 0 0 0 1
+6 2 1 0 0 0 0 0 0 0 1 1
jcnd=1/1 +2 
* 
+2 1 0 0 1 0 0 1
706 2 0 1
-3 1
jump=1 1001 
* 
384 6 0 4 1 0 0 1
+5 2 0 0 0 0 0 0 0 0 1
+1 7 0 4 1 0 0 1
jump=1 713 
* 
717 1 1 0 1 0 0 1
fi=(20)
987 1 1
-48 1 1
fe=(16)
717 1
fi=(20)
987 2 0 1
fe=(16)
717 6 1 1 1 1 0 1 1 0 1
+4 7 1 0 0 1 0 0 1 0 1 0 1 1
jump=1 +78 
* 
+78 1 0 1 1 0 0 1
-25 3 2 0 0 0 0 0 0 0 1 1
jcnd=1/1 +7 
* 
+92 2 0 0 0 0 0 0 0 0 1
+3 2 0 1
fi=(20)
+38 1 1
fe=(16)
-37 1 0 0 1 0 0 1
jump=1 +8 
* 
-89 2 0 1 1 0 0 1
+51 2 0 0 0 0 0 0 0 0 1 1
jcnd=1/1 +34 
* 

fn=(38)
398 3 0 2 1 0 0 1
+4 4 0 0 0 0 0 0 0 0 1
+3 3 0 1
+5 2
-5 1 0 1
+5 1
-5 1 0 1
+4 1 0 1
+1 1 0 1
+1 4 0 1 1 0 0 1
+1 4 0 1
+1 3 0 1
+1 2 1 0 0 0 0 0 0 0 1
+7 2 1 0 0 0 0 0 0 0 1
+2 5
+5 1 0 0 1 0 0 1
-5 1 0 1 0 0 1 0 0 1
+5 1
-5 1 0 1
+5 1
-5 2 0 2
+5 1
+7 1 1
-7 4 0 4 1 0 1 1 0 1
+7 1 0 0 0 0 0 0 0 0 1
+1 3
+6 1 1
-6 4 0 4 0 0 1 0 0 1
+6 1 0 0 0 0 0 0 0 0 1 1
jfi=(17) ./elf/../sysdeps/unix/sysv/linux/x86/dl-minsigstacksize.h
jcnd=1/1 24 
* 
fi=(17)
24 2 1 0 2 0 0 2 0 0 1
+3 2 1 0 0 0 0 0 0 0 1
+1 2 1 0 0 0 0 0 0 0 1
+37 3
+7 1
+2 1 0 1
fe=(16)
457 3 3

fn=(42)
72 8 0 6 2 0 0 2
+4 1 1
+10 1 1
+9 1 1
+9 1 1
-19 1
-1 1
+29 1 1
-4 1
-24 1
+9 1
+9 1
+9 1
-28 2 1 0 1 0 0 1
+25 1
-15 1
-9 1
+9 1 1
+9 1
+9 1
-3 1
+7 1
-13 1 1
+9 1 1
+4 2 1 0 1 0 0 1
-22 1 0 1
+22 2 0 2 0 0 1 0 0 1
-13 1 0 1
+6 1 0 1
+3 1 0 1
+5 1 1
+12 1 1
-8 1
-4 1 0 1 1 0 0 1
+7 1 1
-3 4 1 2
+1 1 1
+2 1 0 1
-2 2 0 1
+1 3 1 1 1 0 0 1
+5 1
+2 1 1 0 0 1 0 0 1
-2 4 1 1
+1 1
+1 1
-1 2 1
+1 1 0 1
-1 1 0 1 1 0 0 1
+3 2 0 0 0 0 0 0 0 0 1
+1 4 0 1
+14 2 0 0 0 0 0 0 0 0 1 1
jcnd=1/1 +4 
* 
356 2 0 0 0 0 0 0 0 0 1 1
jcnd=1/1 +4 
* 
+4 3 1 0 1 0 0 1 0 0 1 1
jfi=(18) ./elf/../sysdeps/unix/sysv/linux/x86/dl-hwcap2.h
jcnd=1/1 25 
* 
fi=(18)
25 2 1 0 0 0 0 0 0 0 1 1
jfi=(19)
jcnd=1/1 +5 
* 
fi=(19)
+5 1
-2 1
+2 3 0 0 0 0 0 0 0 0 1 1
jcnd=1/1 +2 
* 
fe=(16)
369 1 0 1
+1 8 7
151 2 0 1 1 0 1 1 0 1
+1 2 0 1
-1 5 0 3 1 0 0 1
+1 2
+2 3 0 0 0 0 0 0 0 0 1 1
jcnd=1/1 +4 
* 
+90 1 1
+1 1 1
-1 2 0 0 0 0 0 0 0 0 1 1
jcnd=1/1 +17 
* 
+17 4 0 0 1 0 0 1 0 0 1
+16 2 0 0 0 0 0 0 0 0 1 1
jcnd=1/1 +5 
* 
+5 1 1 0 1 0 0 1
-1 2 0 1
+4 4 1 1
+4 2 0 0 0 0 0 0 0 0 1
+4 3 0 0 1 0 0 1
+1 2 0 0 0 0 0 0 0 0 1
+3 1
-1 1
+9 1
-5 1
+2 1 0 1
-2 1 0 1
+5 1 0 0 0 0 0 0 0 0 1 1
jcnd=1/1 +51 
* 
+51 1 0 0 1 0 0 1
fi=(19)
31 1 1
fe=(16)
356 2
jump=1 * 
* 
fi=(19)
32 3 0 0 0 0 0 0 0 0 1
+4 3 0 0 0 0 0 0 0 0 1 1
jcnd=1/1 +3 
* 
fe=(16)
158 4 0 1 1 0 0 1 0 0 1
+3 1
+3 2 0 0 0 0 0 0 0 0 1 1
jcnd=1/1 +7 
* 
+14 1 1
+2 1 1
+10 3 0 1
-12 1 0 0 1 0 0 1
+12 1 0 1
-12 1
+2 2
-2 1 0 1
+2 1
+8 1 1
-8 1 0 1
+6 3
+2 1 1
-2 1 0 1
+2 3 0 1 1 0 0 1
+7 5 0 1 0 0 0 0 0 0 1 1
jcnd=1/1 +49 
* 
fi=(19)
39 2 0 0 1 0 0 1 0 0 1
+1 4 1 0 1 0 0 1 0 0 1
-2 1
+7 4 0 0 0 0 0 0 0 0 1
+2 1
+1 2 0 0 0 0 0 0 0 0 1
+3 5 1 0 1 0 0 1 0 0 1
+2 4 0 0 0 0 0 0 0 0 1
+1 2 0 0 0 0 0 0 0 0 1
+1 2 0 0 0 0 0 0 0 0 1
+3 1
-1 1
+1 3 0 0 0 0 0 0 0 0 1 1
jfi=(16)
jcnd=1/1 369 
* 
fe=(16)
171 1 0 1 1 0 1 1 0 1
-5 2 0 1
+4 1
jump=1 +8 
* 

fl=(58)
fn=(180)
33 2 0 0 1 0 0 1
+2 6 2 0 0 0 0 0 0 0 2 1
jcnd=1/2 -2 
* 
* 1 1
-2 4 0 2
+7 1
-7 2 0 1
+7 1
-7 2 0 1
+7 1
-7 1 0 0 1 0 0 1
+7 1 0 1 0 0 1 0 0 1
cfi=(11)
cfn=(28)
calls=1 387 
* 24 4 1 0 0 0 0 0 0 3 2
* 3 1 0 0 0 0 0 0 0 1 1
jcnd=1/1 +7 
* 
+7 1 0 1 1 0 0 1
+2 6 5

fl=(67)
fn=(222) _dl_cache_libcmp
357 20 0 0 1 0 0 1
+1 20 20
+32 20 20 0 0 16 0 0 16
-33 20
+1 44 0 0 1 0 0 1 0 0 22 2
jcnd=2/2 +32 
* 
+2 103
+2 103
-2 206 0 0 0 0 0 0 0 0 103 4
jcnd=2/103 +2 
* 
+20 202 0 0 0 0 0 0 0 0 101
+2 202 0 0 0 0 0 0 0 0 101 18
jcnd=18/101 +1 
* 
-12 83 83
+2 83 83 0 0 2 0 0 2
+14 83
+1 83
-29 166 0 0 0 0 0 0 0 0 83 8
jcnd=83/83 +2 
* 
+32 6 2
-28 4 0 0 1 0 0 1 0 0 2
+6 2
+2 2 2
-2 2
+1 2
-1 2
+1 2
-1 2
+2 6 0 0 0 0 0 0 0 0 2 2
jcnd=2/2 +2 
* 
+2 2 2
-3 2
+3 6 0 0 0 0 0 0 0 0 2 2
jcnd=2/2 +2 
* 
+2 4 0 0 0 0 0 0 0 0 2 2
jcnd=2/2 -16 
* 
+9 54 18 0 1 0 0 1

fn=(214)
403 20 0 14 1 0 0 1
+2 4 2 0 0 0 0 0 0 0 2
+3 6 2 0 1 0 0 1 0 0 2 2
jcnd=1/2 +3 
* 
+69 3 1 0 0 0 0 0 0 0 1
+5 2 2
205 2 2
482 4 0 0 0 0 0 0 0 0 2
+3 6 2 2
fi=(69) ./elf/../sysdeps/x86/dl-procinfo.h
39 4 0 0 1 0 0 1 0 0 2
+3 6 0 2
cfi=(31)
cfn=(90)
calls=2 +56 
* 50 14 0 0 1 0 0 1 0 6 3
* 8 0 2 0 0 1 0 0 1 2 2
jfi=(67)
jcnd=2/2 208 
* 
fe=(67)
208 12 0 4 1 0 0 1
cfi=(11)
cfn=(28)
calls=2 387 
* 46 8 2 0 1 0 0 1 0 6 1
* 2 2
+12 2
-10 2 2
-2 2 0 2 1 0 0 1
+12 4 0 0 0 0 0 0 0 0 2
-7 10 0 2
+9 10
+1 2
-32 4
+36 2 2 0 1 0 0 1
-4 2 2 0 0 1 0 0 1
+4 4 0 0 0 0 0 0 0 0 2
-5 80
+1 16
-32 32
+36 16 16
-4 16 16 0 0 12 0 0 12
+4 32 0 0 0 0 0 0 0 0 16
+4 54 18 18
cfn=(222)
calls=18 357 
* 1376 206 0 4 17 0 4 17 0 374 36
+1 36 0 0 0 0 0 0 0 0 18 2
jcnd=2/18 -12 
* 
346 16 0 0 0 0 0 0 0 0 16 6
jcnd=9/16 +1 
* 
+3 7
220 14 0 0 0 0 0 0 0 0 7 2
jcnd=7/7 +2 
* 
347 9 0 0 1 0 0 1
220 18 0 0 0 0 0 0 0 0 9 2
jcnd=9/9 +2 
* 
* 4 2
+2 20 4 6 1 0 0 1
jump=2 +18 
* 
+20 4 2
+3 4 0 0 0 0 0 0 0 0 2
+2 8 0 2
cfn=(222)
calls=2 357 
* 160 24 0 0 1 0 0 1 0 44 2
* 4 0 0 0 0 0 0 0 0 2 1
jcnd=2/2 -37 
* 
-7 4 0 0 0 0 0 0 0 0 2 2
jcnd=2/2 +2 
* 
-30 6 4
+1 2 0 0 1 0 0 1
fi=(516) ./elf/../sysdeps/x86/dl-isa-level.h
28 4 2 2
fe=(67)
210 4 0 2
fi=(516)
28 2 2
fe=(67)
210 2 0 2
+1 2
-1 6 0 2
+76 6 0 0 1 0 0 1
fi=(516)
28 6 0 2
jfi=(67)
jump=2 259 
* 
fe=(67)
259 4 2 0 0 0 0 0 0 0 2 2
jcnd=2/2 +10 
* 
+10 6 4 0 1 0 0 1 0 0 2
+1 8 2 0 0 0 0 0 0 0 2
+16 2
fi=(68) ./elf/../sysdeps/generic/dl-cache.h
125 2 2 0 1 0 0 1
fe=(67)
286 6 0 0 0 0 0 0 0 0 2
+9 4 2 0 0 0 0 0 0 0 2
+3 4 2 0 0 0 0 0 0 0 2
+3 2
+1 4 0 0 0 0 0 0 0 0 2 2
jcnd=2/2 * 
* 
* 2 2 0 1 0 0 1
+28 4 0 2
500 4 2 0 0 0 0 0 0 0 2
+12 4 2 2
cfi=(22)
cfn=(62)
calls=2 57 
* 70 10 0 0 2 0 0 2 0 6 2
+1 2
-1 2
+1 14 0 0 1 0 0 1 0 0 2 2
jcnd=2/2 * 
* 
* 10 0 2 0 0 0 0 0 0 2
+1 2
-1 2
+1 2 2 0 1 0 0 1
-1 2
+1 2 0 2
cfi=(29)
cfn=(82)
calls=2 210 
* 30 8 6 0 0 0 0 0 0 6 2
* 2
+1 2 0 2
cfi=(44)
cfn=(134)
calls=2 40 
* 198 40 30 0 0 0 0 0 0 20 4 2
+1 16 14
411 4 0 1 1 0 0 1
cfi=(52)
cfn=(216)
calls=1 36 
* 103 15 15 3 0 0 3 0 0 12 4
* 1
+8 5 1 0 1 0 0 1 0 0 2
+1 6 2 0 0 1 0 0 1 0 1 1
jcnd=1/1 * 
* 
* 2 1 0 1 0 0 1 0 0 1
+3 3
+1 1 1
-1 3 0 0 1 0 0 1 0 0 1
fi=(68)
194 1 1
+1 5 0 0 0 0 0 0 0 0 2 1
jfi=(67)
jcnd=1/1 431 
* 
fe=(67)
431 1 0 1 1 0 0 1
+1 2 0 1
jump=1 +50 
* 

fn=(484)
525 1 0 0 1 0 0 1
+1 4 1 0 0 1 0 0 0 0 1 1
jcnd=1/1 -1 
* 
-1 1 0 1
+3 1 1
-3 1
+3 1 0 1
cfi=(140) ./misc/../sysdeps/unix/syscall-template.S
cfn=(486) munmap
calls=1 117 
* 6 1 0 0 0 0 0 0 0 1
+7 1 1 0 1 0 0 1
-6 1 0 1
+4 1 0 1
+2 1 1

fl=(29)
fn=(82)
210 20 0 0 1 0 0 1
+1 20
+6 20
+1 20 0 0 0 0 0 0 0 0 20 8
jcnd=7/20 +90 
* 
+2 13 13
+1 13
+1 13 0 0 0 0 0 0 0 0 13 8
jcnd=7/13 392 
* 
+2 6 6
+1 6 0 6 0 0 2 0 0 2
+1 6 0 6
+2 6 6
+80 7 0 0 1 0 0 1
+1 7 0 0 0 0 0 0 0 0 7 6
jcnd=6/7 +55 
* 
+2 1
+4 1 0 0 0 0 0 0 0 0 1
+1 1
+1 1 0 0 0 0 0 0 0 0 1
+1 1 1 0 0 1 0 0 1
+1 1 0 0 0 0 0 0 0 0 1 1
jcnd=1/1 +4 
* 
+4 1 0 1 0 0 1 0 0 1
+2 1 1
+39 6 6
+1 6 6
+1 6 0 6 0 0 3 0 0 3
+1 6 0 6
+1 6 6
+7 7 7
+1 7 7
+1 7 0 7 0 0 1 0 0 1
+1 7 0 7
+1 7 0 7 0 0 3 0 0 3
+1 7 0 7
+1 7 7
+11 7
+1 7 0 0 0 0 0 0 0 0 7
+2 7 7
+1 7 0 0 1 0 0 1
+1 7 0 0 0 0 0 0 0 0 7 6
jcnd=7/7 -22 
* 

fn=(122)
197 25 0 0 2
+1 25
+1 25
+1 25
jump=25 +17 
* 
+17 25
+1 25 0 0 0 0 0 0 0 0 25 14
jcnd=14/25 +90 
* 
+2 11 11 0 0 2 0 0 1
+1 11
+1 11 0 0 0 0 0 0 0 0 11 6
jcnd=5/11 392 
* 
+2 6 6
+1 6 0 6 0 0 3 0 0 3
+1 6 0 6 0 0 1 0 0 1
+2 6 6
+80 14 0 0 3
+1 14 0 0 0 0 0 0 0 0 14 10
jcnd=9/14 +55 
* 
+2 5
+4 5 0 0 0 0 0 0 0 0 5
+1 5
+1 5 0 0 0 0 0 0 0 0 5 5
jcnd=5/5 +8 
* 
+8 5 5
+39 9 9 0 1 0 0 1
+1 9 9
+1 9 0 9 0 0 1 0 0 1
+1 9 0 9
+1 9 9
+7 5 5 0 0 1
+1 5 5
+1 5 0 5 0 0 3 0 0 3
+1 5 0 5 0 0 1 0 0 1
+1 5 0 5 0 0 4 0 0 4
+1 5 0 5
+1 5 5
+11 5 0 0 2
+1 5 0 0 0 0 0 0 0 0 5 1
+2 5 5
+1 5 0 0 2
+1 5 0 0 0 0 0 0 0 0 5 2
jcnd=5/5 -22 
* 

fl=(39) ./elf/./elf/dl-hwcaps_split.c
fn=(116) _dl_hwcaps_split
25 5 0 3 1 0 0 1
+1 3 1 0 0 0 0 0 0 0 1 1
jcnd=1/1 +21 
* 
+21 1 1 0 1 0 0 1
-20 1
+20 3 3

fn=(110) _dl_hwcaps_split_masked
51 110 0 66 1 0 1 1 0 1
-25 44 11 0 1 0 0 1 0 0 11 9
jcnd=9/11 +4 
* 
+36 5
-7 5
+7 35 35
-26 24 0 0 0 0 0 0 0 0 12 3
jcnd=3/12 +26 
* 
+5 27 0 9
cfi=(41)
cfn=(114)
calls=9 -9 
* 216 27 0 3 0 0 3 0 0 18
* 9
+1 18 0 0 0 0 0 0 0 0 9 2
jcnd=3/9 +1 
* 
+3 6
+11 12 6 6
+1 18 0 6
+1 12 0 0 0 0 0 0 0 0 6 2
jcnd=3/6 * 
* 
-2 6 3 3
+1 9 0 3
+1 6 0 0 0 0 0 0 0 0 3 2
jcnd=3/3 * 
* 
-28 24 12 12 1 0 0 1
+4 36 12 0 0 1 0 0 1 0 12 6
jcnd=6/12 +2 
* 
* 12
+1 12 0 6
-1 30 6 0 1 0 0 1 0 0 6
jump=6 +2 
* 
+24 6 6
+9 12 0 0 0 0 0 0 0 0 6 4
jcnd=6/6 -5 
* 
-5 6 0 0 1 0 0 1
-2 6
+2 42 42
-19 6 0 3 1 0 0 1
cfi=(22)
cfn=(62)
calls=3 +14 
* 51 6 0 0 0 0 0 0 0 6
* 6
jump=3 +13 
* 

fl=(24)
fn=(68)
53 3 0 0 1 0 0 1
+3 8 0 2 1 0 1 1 0 1
+5 1
-5 1
+5 1 0 1
+1 1 0 1 1 0 0 1
-6 1 0 1
+8 1 1

fn=(86)
42 10
+2 20 10

fn=(256)
68 2 0 1
fi=(517) ./elf/../include/list.h
-24 1
fe=(24)
+24 3 0 1
fi=(517)
-25 1 1
fe=(24)
+26 1 1
+3 1
fi=(517)
-29 1 0 1 1 0 0 1
+1 1 0 1
+1 1 0 1
+2 1 0 1
fe=(24)
+28 4 0 1
+1 2 0 1
+1 1 0 1 1 0 0 1
+5 2 1 1
+5 1
+6 1
-3 1 0 1
+3 1
-6 3 0 1
+6 1
+12 4 0 1 1 0 0 1
cfi=(11)
cfn=(28)
calls=1 387 
* 24 4 1 0 1 0 0 1 0 3 2
fi=(75) ./elf/../sysdeps/unix/sysv/linux/rseq-internal.h
-73 3 1 0 0 0 0 0 0 0 1 1
jcnd=1/1 +2 
* 
+8 1 0 1
fe=(24)
+81 3 2 1
+7 2 1 1
+1 3 3
fi=(75)
-95 7 0 0 1 0 0 1
+3 2 0 0 0 0 0 0 0 0 1 1
jcnd=1/1 +3 
* 
fe=(24)

fl=(54)
fn=(170)
25 3 0 0 1 0 0 1
+1 12 0 0 0 0 0 0 0 0 3
+1 3 3

fl=(7)
fn=(450)
76 2 0 1 1 0 0 1
+10 1
fi=(143) ./elf/../sysdeps/generic/dl-hash.h
-41 1
-1 1
fe=(7)
+32 8 0 5
+11 1 0 1
-1 1 0 1 1 0 0 1
fi=(143)
-43 1
+5 3
+14 4
-17 3 1 0 0 1 0 0 1 0 1 1
jcnd=1/1 +3 
* 
+3 15
+14 20
-17 15 5 0 0 0 0 0 0 0 5 3
jcnd=4/5 +3 
* 
fe=(7)
+46 2
fi=(143)
-24 1
fe=(7)
+22 1 0 1
+2 2 0 0 1 0 0 1
fi=(143)
-19 1 0 1
fe=(7)
+19 1 0 1
cfn=(454) lookup_malloc_symbol
calls=1 -30 
* 617 188 76 2 1 0 2 1 0 83 9 1 1
+1 3
-1 1
+1 1 0 1
cfn=(454)
calls=1 -31 
* 606 185 76 0 1 0 0 0 0 82 7 1
+1 3
-1 1
+1 1 0 1
cfn=(454)
calls=1 -32 
* 691 193 76 0 2 0 0 2 0 96 10 2 2
+1 3 0 0 1 0 0 1
-1 1
+1 1 0 1
cfn=(454)
calls=1 -33 
* 626 188 76 0 0 0 0 0 0 85 6 1
+5 1 0 1
+1 1 0 1
+1 1 0 1
+1 1 0 1
+1 8 7

fn=(454)
61 8 0 4 1 0 0 1
+3 4
-3 12 0 8
+3 4
-3 12 0 4
+3 4
-3 4
+2 4 0 4
+1 16 4 12
cfi=(78) ./elf/./elf/dl-lookup.c
cfn=(270) _dl_lookup_symbol_x
calls=4 772 
* 2368 698 268 0 4 0 0 3 0 326 32 5 3
+4 28 16 0 1 0 0 1 0 0 4
+1 28 12 0 0 0 0 0 0 0 8
+2 4 0 4
fi=(144) ./elf/./dl-sym-post.h
-30 8 0 0 0 0 0 0 0 0 4
+12 12 4 0 0 0 0 0 0 0 4
fe=(7)
+19 24 20

fn=(130)
239 2 0 0 1 0 0 1
+3 4 2 0 0 1 0 0 1 0 2
+2 2 2
+1 4 0 0 0 0 0 0 0 0 2 1
jcnd=1/2 +26 
* 
+4 3 1 0 0 0 0 0 0 0 1
-2 2
+4 2
jump=1 +3 
* 
* 26
jump=13 +3 
* 
+5 84 28 0 0 0 0 0 0 0 28 3
jcnd=14/28 -7 
* 
-2 56 28 0 0 0 0 0 0 0 28 6
jcnd=28/28 +2 
* 
+13 1 0 1
+4 4 2
-22 14 14 0 1 0 0 1
+15 14
-15 28 0 0 0 0 0 0 0 0 14 4
jcnd=13/14 +2 
* 
* 2
jump=1 +18 
* 

fn=(12)
42 1 0 0 1 0 0 1
+1 2 0 1 1 0 1 1 0 1
+1 2 0 1
+1 2 0 1
+1 2 0 1
+1 1 1

fl=(14)
fn=(30)
36 1 0 0 1 0 0 1
fi=(518) ./elf/../sysdeps/unix/sysv/linux/brk_call.h
-12 2
fe=(14)
+13 1 0 1 0 0 1 0 0 1
+1 2 0 0 0 0 0 0 0 0 1
+6 1
+1 1 1

fl=(37)
fn=(104)
172 6 0 3 1 0 0 1
+3 1
-3 3 0 2
+3 1
-3 5 0 4 1 0 1 1 0 1
+2 1 0 1 0 0 1 0 0 1
cfi=(38)
cfn=(106)
calls=1 29 
* 49 6 0 3 0 0 3 0 0 12 2
+1 1
fi=(40) ./elf/./dl-hwcaps.h
43 1 0 1
fe=(37)
174 1 0 1
fi=(40)
45 2 0 1
+32 1 0 1
+1 1 0 1
+1 1
jfi=(37)
jump=1 -27 
* 
fe=(37)
-27 2 0 1 1 0 0 1
cfi=(39)
cfn=(110)
calls=1 -1 
* 23 8 6 2 0 1 2 0 1 1
* 2 0 0 0 0 0 0 0 0 1
fi=(40)
-9 1
+2 1 0 1
-2 1 0 1
+34 2 1 1
+1 2 1 1
+1 1 0 0 1 0 0 1
jfi=(37)
jump=1 -27 
* 
fe=(37)
-24 2 2
-1 2
+1 2
+1 2
+1 2
-5 4 0 2
cfi=(39)
cfn=(110)
calls=2 -1 
* 130 28 19 1 0 0 1 0 0 14 7
* 2 0 1
cfi=(39)
cfn=(110)
calls=1 -1 
* 125 22 15 6 1 0 6 1 0 15 4
* 6 0 0 0 0 0 0 0 0 3 2
jcnd=2/3 +3 
* 
+48 4 0 2
fi=(28)
-44 2 1 1 0 0 0 0 0 0 0 0 1 1
cfi=(27)
cfn=(78)
calls=1 -20 
* 30 7 7 0 0 0 0 0 0 3
fe=(37)
+46 2 1 0 1 0 0 1
-2 1 0 1 0 0 1 0 0 1
+2 1 0 0 0 0 0 0 0 0 1
+3 1 0 1
+3 1
fi=(40)
-65 1 0 1
+2 1 0 1
fe=(37)
+67 1 0 1
fi=(40)
-66 1
jfi=(37)
jump=1 +66 
* 
fe=(37)
+66 2 0 1 1 0 0 1
cfi=(39)
cfn=(116)
calls=1 -87 
* 13 5 3 2 0 0 2 0 0 1 1
* 2 0 0 0 0 0 0 0 0 1
fi=(40)
-69 1
+2 1 0 1
-2 1 0 1
+34 2 1 1
+1 2 1 1 1 0 0 1
+1 1
jfi=(37)
jump=1 +46 
* 
fe=(37)
+48 10 4 2 0 0 1 0 0 1
+1 4 2 2
+1 2
+1 2
-1 2 0 2
-4 4 0 2
cfi=(39)
cfn=(110)
calls=2 -74 
* 130 28 19 0 0 0 0 0 0 14 7
* 2 0 1
cfi=(39)
cfn=(110)
calls=1 -74 
* 125 22 15 0 0 0 0 0 0 15 4
* 6 0 0 0 0 0 0 0 0 3 2
jcnd=2/3 +2 
* 
+8 3 1 0 1 0 0 1 0 0 1
+9 5 1 1 0 0 0 0 0 0 1
+3 8 1 5 1 0 0 1
-2 6 0 1
jump=1 +8 
* 
+14 1 0 0 0 0 0 0 0 0 1 1
jcnd=1/1 +4 
* 
+4 1 1
+1 1 1
+1 1 0 1
-20 3
+19 1 0 1
+1 1 0 1
-20 2 0 0 0 0 0 0 0 0 1 1
jcnd=1/1 +13 
* 
+8 2 2 0 1 0 0 1
+4 2 2
-4 3
+4 2 0 1 1 0 0 1
cfi=(42)
cfn=(118)
calls=1 -96 
* 19 5 0 2 0 0 2 0 0 4 2
+1 2 0 0 0 0 0 0 0 0 1 1
jcnd=1/1 +1 
* 
* 1 1
-14 8 6 0 0 0 0 0 0 0 1
+47 1 1
-4 2 0 1 1 0 0 1
+4 2 0 1 0 0 1 0 0 1
-3 1
+7 1 1
-7 2
+7 1
fi=(28)
56 1 1 1 0 0 0 0 0 0 0 0 1 1
cfi=(27)
cfn=(78)
calls=1 -20 
* 30 7 7 0 0 0 0 0 0 3
* 1
fe=(37)
194 2 0 0 0 0 0 0 0 0 1
+8 1 1
fi=(40)
43 1 0 1 1 0 0 1
fe=(37)
201 1
80 1
fi=(40)
-35 1 0 1
fe=(37)
+35 1
202 1 1
fi=(40)
77 1 0 1
+1 1 0 1
fe=(37)
202 3 0 1
fi=(40)
79 1 0 0 1 0 0 1
jfi=(37)
jump=1 -2 
* 
fe=(37)
-2 2 0 1 1 0 0 1
cfi=(39)
cfn=(110)
calls=1 -26 
* 23 8 6 0 0 0 0 0 0 1
* 2 0 0 0 0 0 0 0 0 1
fi=(40)
-34 1
+2 1 0 1
fe=(37)
+35 2
fi=(40)
-37 1 0 1
+34 2 1 1
+1 2 1 1
+1 1
jfi=(37)
jump=1 -2 
* 
* 2 0 2
fe=(37)
+1 4 2
+7 2
-7 8 2 6 0 0 1 0 0 1
cfi=(29)
cfn=(122)
calls=2 197 
* 26 6 4 1 0 0 1 0 0 4 4
+4 2 0 2
+2 2 2
+2 2
-2 4 0 2
-9 4 0 2
cfi=(39)
cfn=(110)
calls=2 -26 
* 130 28 19 0 0 0 0 0 0 14 4
* 2 0 1 1 0 0 1
cfi=(39)
cfn=(110)
calls=1 -26 
* 125 22 15 0 0 0 0 0 0 15 2
* 6 0 0 0 0 0 0 0 0 3 2
jfi=(40)
jcnd=2/3 +2 
* 
213 2 2 0 1 0 0 1
-5 1 0 1
+1 1 0 1
-1 1 1
+5 1 0 1
+3 9 7

fl=(65)
fn=(210)
28 6
+1 12
cfi=(66)
cfn=(212)
calls=3 146 
* 28 3 2 1 0 0 1 0 0 3 3

fl=(78)
fn=(274) do_lookup_x
347 1710 0 1330 4 0 2 2 0 1
+1 190 190 0 0 1
-1 760 380 380 0 0 2 0 0 1
+6 190
-6 190 0 190
+65 190
-58 190 190
+11 190 190
+50 190 0 190
-3 380 0 190
+3 380
-50 190
+50 760 190 190 2 0 0 1
jump=190 -57 
* 
-19 2331 777 0 0 6 0 0 0 0 777
+8 777 777 0 0 5
-4 777 0 777
+1 777 0 777
+3 3108 1554 0 0 5 0 0 0 0 777 4
jcnd=777/777 +1 
* 
+1 1554 1554 0 2 0 0 1
+3 777 777
-3 777
+4 1554 0 0 0 0 0 0 0 0 777
+4 1554 1554
-2 777 777 0 0 108 0 0 63
+5 3108 1554
+3 5439 777 0 0 0 0 0 0 0 777 184
jcnd=182/777 +4 
* 
+99 1791 0 0 0 0 0 0 0 0 597 10
jcnd=10/597 +4 
* 
358 1554 1554 0 2 6 0 1
+3 1554 0 0 0 0 0 0 0 0 777
+4 1554 0 0 0 0 0 0 0 0 777 80
jcnd=777/777 +21 
* 
+21 1554 777 0 2 5 0 1 0 0 777 11
jcnd=777/777 +4 
* 
+4 1554 777 0 0 1 0 0 0 0 777 14
jcnd=777/777 +6 
* 
+71 1432 1074 0 1 0 0 1
fi=(4)
139 358 179
+1 537
fe=(78)
476 358 0 0 1 0 0 1 0 0 179
fi=(4)
139 2 1 0 1
+1 3
fe=(78)
476 2 0 0 1 0 0 0 0 0 1
fi=(80) ./elf/../sysdeps/generic/dl-protected.h
29 720 0 0 0 0 0 0 0 0 360
fe=(78)
483 720 180 0 0 0 0 0 0 0 180 32
jcnd=43/180 +4 
* 
* 548 0 0 0 0 0 0 0 0 274
+16 360 180 180
+1 180 0 180
+22 180
-21 180
+21 1260 1260
-99 546 182 0 2 0 0 1
-1 364 364 0 0 102 0 0 68
+2 364 0 0 0 0 0 0 0 0 182 2
jcnd=2/182 +94 
* 
+2 180 180
+6 720 180 360 2 0 0 1
-6 180
+6 1260 0 900
jump=180 -3 
* 
+7 705 0 0 0 0 0 0 0 0 235 1
jcnd=1/235 +31 
* 
-10 2070 414 0 2 141 0 1 116 0 414 178
jcnd=228/414 +10 
* 
+2 186
+1 558 186
-1 186 186
+1 372 372 186 0 0 2 0 0 1
-1 186
+1 186 0 186
+1 186
-1 186 0 186
+1 186
-1 1302 558 558 2 0 0 1
cfn=(276) check_match
calls=186 70 
* 23451 6071 1417 47 337 2 31 244 1 2748 355 95 78
+4 558 0 0 0 0 0 0 0 0 186 11
jcnd=179/186 +25 
* 
+3 14 7
jump=7 * 
* 
+31 9 8 0 2 0 0 1 0 0 1
+2 2 0 0 0 0 0 0 0 0 1 1
jfi=(4)
jcnd=1/1 139 
* 
+50 10 0 0 1 0 0 1
-1 10
+1 70 70 0 1 0 0 1
-35 129 43 0 1 1 0 1 0 0 43 2
jcnd=43/43 +12 
* 

fn=(276)
70 2790 372 1116 2 104 2 1 96 1
+3 1116 372 0 2 26 0 1 25 0 186 4
+13 186
-13 186
+13 186
-13 186
+13 558 0 0 0 0 0 0 0 0 186
+3 372 0 0 0 0 0 0 0 0 186 15
jcnd=64/186 +4 
* 
* 488 244 122
cfi=(31)
cfn=(90)
calls=122 +9 
* 6403 1035 0 36 111 0 25 91 0 707 196 75 63
* 244 0 0 1 0 0 0 0 0 122 2
+4 186 186 0 1 3 0 1
+1 372 0 0 0 0 0 0 0 0 186 3
jcnd=3/186 +50 
* 
+2 366 0 0 0 0 0 0 0 0 183 1
+19 366 366 0 0 60 0 0 30
+1 1464 549 0 1 14 0 1 0 0 183 19
jcnd=177/183 +1 
* 
+2 12 6 0 0 0 0 0 0 0 6 5
jcnd=6/6 -40 
* 
+43 179
+1 1488 1302
-18 6 0 0 1 0 0 0 0 0 3
+2 6 6 0 0 2 0 0 1
+1 3
-1 6
+1 9 0 0 1
-1 6 0 0 0 0 0 0 0 0 3 2
jcnd=2/3 +15 
* 
+4 2 0 0 0 0 0 0 0 0 1
+1 7 3 1 0 0 0 0 0 0 1
+2 3 1 1
-75 2
jump=1 +84 
* 
* 12
jump=6 +84 
* 
+39 531 354 177 2 2 0 2
cfi=(31)
cfn=(90)
calls=177 -19 
* 5356 1275 0 0 15 0 0 1 0 618 97 20 15
* 354 0 0 0 0 0 0 0 0 177 11
jcnd=177/177 +44 
* 

fn=(270)
772 1140 0 760 2 0 0 1
+3 190
-3 570 0 380
+3 190
-3 760 0 570 2 0 2 1 0 1
fi=(79) ./elf/../sysdeps/generic/dl-new-hash.h
74 190 190 0 0 83 0 0 80
+3 380 0 0 0 0 0 0 0 0 190 1
-8 190
+1 380
+10 190 190 0 0 2 0 0 2
+1 380 0 0 0 0 0 0 0 0 190 6
-1 1092 1092 0 0 19 0 0 18
+1 2184 0 0 0 0 0 0 0 0 1092 91
jcnd=85/1092 +6 
* 
+20 1197
-2 1197
+6 1197
-3 2394
+2 1197 0 0 2 0 0 1
-30 1197 1197 0 0 18 0 0 18
+3 2394 0 0 0 0 0 0 0 0 1197 132
jcnd=1092/1197 +3 
* 
fe=(78)
774 190
+1 190
+3 190 0 190 0 0 2
-4 190 0 190 0 0 2 0 0 1
+1 190 0 190
+7 380 0 0 0 0 0 0 0 0 190 12
jcnd=13/190 +5 
* 
* 354 177 0 0 0 0 0 0 0 177 1
+5 190 190
-2 190 190
+2 190 190 0 0 3
-2 190 0 0 2 0 0 1 0 0 190
+6 2660 0 570 0 0 0 0 0 0 190
jump=190 +1 
* 
* 50 10 0 0 0 0 0 0 0 10 2
jcnd=10/10 +29 
* 
+1 2660 1330 1330 2 0 4 1 0 2
cfn=(274)
calls=190 347 
* 79397 26044 8177 76 718 8 47 491 4 11617 885 95 78
* 570 0 0 2 0 0 1 0 0 190 3
jcnd=10/190 -1 
* 
+28 190 190
-23 570 380
+23 190
-23 380 0 0 0 0 0 0 0 0 190 2
jcnd=10/190 +31 
* 
+24 360 0 0 0 0 0 0 0 0 180 116
jcnd=5/180 +7 
* 
* 700 175 0 0 0 0 0 0 0 175 31
+7 180 180
-7 180
+35 720 180 0 2 0 0 1 0 0 180
+34 720 180
-20 540 180 0 0 4 0 0 1 0 180 1
jcnd=1/180 +1 
* 
+3 360 180 0 0 0 0 0 0 0 180
-57 190 0 190
+76 1710 1330 0 2 0 0 1
fi=(79)
87 85 0 0 1 0 0 1
+1 85
+1 170
+1 85
jfi=(78)
jump=85 774 
* 
fe=(78)
871 2 0 1 1 0 0 1
jump=1 +2 
* 
-72 60 10 0 1 0 0 1 0 0 20 2
jcnd=10/10 +18 
* 
+18 30 0 0 1 0 0 1
jump=10 -1 
* 
+11 40 0 0 1 0 0 1
jump=10 -29 
* 

fl=(51)
fn=(158)
31 8 0 0 2 0 0 1
+2 8 0 8
+9 8
+1 16 8
+1 8 0 8
+4 8 0 8 0 0 1 0 0 1
+1 8 0 8
+1 8 0 8
+1 8 0 8
+1 8
+2 16 8
+2 8 0 8
+1 8 8 0 2 0 0 1
+1 8
+2 16 8
+2 8 0 8
+8 8
+3 8
+1 8 0 8 0 0 1 0 0 1
+7 8
+1 8 8

fl=(71)
fn=(228)
30 39 0 12 1 0 0 1
+4 3
+1 6 0 0 0 0 0 0 0 0 3 2
jcnd=3/3 +10 
* 
+10 6 3 0 0 0 0 0 0 0 3 2
jcnd=3/3 +18 
* 
+18 3 0 0 1 0 0 1
-17 3
+17 15 15

fl=(31)
fn=(90)
98 446 0 0 2 0 0 1
+33 446
+1 446
+2 446
+1 446
+21 446
+1 446 0 0 0 0 0 0 0 0 446 90
jcnd=84/446 +44 
* 
+1 362
+1 362 0 0 0 0 0 0 0 0 362 59
jcnd=68/362 +42 
* 
+1 294 294 0 0 62 0 0 49
+1 294 294 0 2 9 0 1 7
+1 294 294
+1 294 294
+17 294
+1 294
+1 294
+1 294
+1 294
+1 294
+1 294 0 0 0 0 0 0 0 0 294 88
jcnd=268/294 2104 
* 
+5 26
+1 78
+9 26 0 0 1
+1 26
+1 26
+1 26
+1 26
+1 26
+1 26
+1 26 0 0 0 0 0 0 0 0 26 2
jcnd=2/26 +21 
* 
-7 152 0 0 1 0 0 1
+1 152
+1 152
+1 152
+1 152
+1 152
+1 152
+1 152 0 0 0 0 0 0 0 0 152 17
jcnd=7/152 +21 
* 
+1 169 0 0 0 0 0 0 0 0 169 64
jcnd=63/169 +5 
* 
+1 106
+1 106
+1 106
+2 106
+1 106
+1 106
+1 106 106 0 0 3 0 0 1
+1 106
+1 106 0 0 0 0 0 0 0 0 0 0 106 85
jump=1 542 
* 
jump=1 1375 
* 
jump=17 1494 
* 
jump=6 1018 
* 
jump=1 661 
* 
jump=3 899 
* 
jump=3 780 
* 
jump=5 1137 
* 
jump=5 1613 
* 
jump=11 1732 
* 
jump=2 424 
* 
jump=8 +81 
* 
jump=12 1256 
* 
jump=14 1970 
* 
jump=17 1851 
* 
-5 63
+1 63
+1 63
+1 63 63 0 0 2 0 0 1
+1 63
+1 63 0 0 0 0 0 0 0 0 0 0 63 46
jump=6 +81 
* 
jump=2 899 
* 
jump=4 1970 
* 
jump=3 1018 
* 
jump=5 1613 
* 
jump=1 780 
* 
jump=1 542 
* 
jump=5 1851 
* 
jump=3 1732 
* 
jump=8 1256 
* 
jump=10 1494 
* 
jump=8 1375 
* 
jump=7 1137 
* 
+10 9 9 0 1 0 0 1
+1 9
+1 9
+2 9 9 0 0 3 0 0 3
+6 9
+1 9
+1 9
+1 9
+1 9
+5 9 0 0 0 0 0 0 0 0 9 7
jcnd=6/9 2095 
* 
+2 3
+1 3
+1 6
+8 3 3 0 2 0 0 1
+1 3 3 0 0 1 0 0 1
+3 3
+1 3
+1 3
+1 3
+1 3
+1 3 0 0 0 0 0 0 0 0 3 3
jcnd=3/3 2093 
* 
+31 14 0 0 2 0 0 1
+1 14 14
+1 14 14 0 0 1 0 0 1
+1 14
+1 14
+2 14
+1 14
+1 14 0 0 1 0 0 1
+1 14
+1 14
+1 14
+1 14 0 0 0 0 0 0 0 0 14 5
jcnd=7/14 2095 
* 
+1 7 7
+3 7
+1 7
+1 7
+6 7
+1 7
+1 14
+4 7 0 0 1 0 0 1
+1 7 0 0 0 0 0 0 0 0 7
+3 7 7
+1 7 7
+1 7
+2 7
+1 7
+1 7
+4 7
+1 7
+1 7
+1 7
+1 7
+1 7 0 0 1 0 0 1 0 0 7
jcnd=7/7 2093 
* 
+75 2 0 0 1 0 0 1
+1 2 2
+1 2 2
+1 2
+1 2
+2 2
+1 2
+1 2 0 0 1 0 0 1
+1 2
+1 2
+1 2
+1 2 0 0 0 0 0 0 0 0 2
+1 2 2
+3 2
+1 2
+1 2
+6 2
+1 2
+1 4
+4 2 0 0 1 0 0 1
+1 2 0 0 0 0 0 0 0 0 2
+3 2 2
+1 2 2
+1 2
+2 2
+1 2
+1 2
+4 2
+1 2
+1 2
+1 2
+1 2
+1 2 0 0 1 0 0 1 0 0 2
+7 2
+1 2
+2 2
+1 2 0 0 0 0 0 0 0 0 2
+2 2 2
+1 2 2
+1 2
+2 2
+1 2
+1 2
+4 2
+1 2
+1 2
+1 2
+1 2 0 0 1 0 0 1
+1 2 0 0 0 0 0 0 0 0 2 2
jcnd=2/2 2093 
* 
+41 2 0 0 1 0 0 1
+1 2 2 0 0 1 0 0 1
+1 2 2 0 0 1 0 0 1
+1 2
+1 2
+2 2
+1 2
+1 2 0 0 1 0 0 1
+1 2
+1 2
+1 2
+1 2 0 0 0 0 0 0 0 0 2 1
+1 2 2
+4 2
+1 2
+1 2
+6 2
+1 2
+1 4
+4 2 0 0 1 0 0 1
+1 2 0 0 0 0 0 0 0 0 2
+3 2 2 0 0 1 0 0 1
+1 2 2
+1 2
+2 2
+1 2
+1 2
+4 2
+1 2
+1 2
+1 2
+1 2
+1 2 0 0 1 0 0 1 0 0 2
jcnd=2/2 2093 
* 
+69 1 0 0 1 0 0 1
+1 1 1
+1 1 1
+1 1
+1 1
+2 1
+1 1
+1 1 0 0 1 0 0 1
+1 1
+1 1
+1 1
+1 1 0 0 0 0 0 0 0 0 1
jcnd=1/1 2095 
* 
780 4 0 0 1 0 0 1
+1 4 4
+1 4 4
+1 4
+1 4
+2 4
+1 4
+1 4 0 0 1 0 0 1
+1 4
+1 4
+1 4
+1 4 0 0 0 0 0 0 0 0 4
jcnd=2/4 2095 
* 
+1 2 2
+4 2
+1 2
+1 2
+6 2
+1 2
+1 4
+4 2 0 0 1 0 0 1
+1 2 0 0 0 0 0 0 0 0 2
+3 2 2
+1 2 2 0 0 1 0 0 1
+1 2
+2 2
+1 2
+1 2
+4 2
+1 2
+1 2
+1 2
+1 2
+1 2 0 0 1 0 0 1 0 0 2
jcnd=2/2 2093 
* 
+69 5 0 0 1 0 0 1
+1 5 5 0 0 1 0 0 1
+1 5 5 0 0 2 0 0 2
+1 5
+1 5
+2 5
+1 5
+1 5 0 0 1 0 0 1
+1 5
+1 5
+1 5
+1 5 0 0 0 0 0 0 0 0 5 2
jcnd=3/5 2095 
* 
+1 2 2
+4 2
+1 2
+1 2
+6 2
+1 2
+1 4
+4 2 0 0 1 0 0 1
+1 2 0 0 0 0 0 0 0 0 2
+3 2 2 0 0 2 0 0 2
+1 2 2
+1 2
+2 2
+1 2
+1 2
+4 2
+1 2
+1 2
+1 2
+1 2
+1 2 0 0 1 0 0 1 0 0 2
jcnd=1/2 2093 
* 
+7 1
+1 1
+2 1
+1 1 0 0 0 0 0 0 0 0 1
+2 1 1
+1 1 1
+1 1
+2 1
+1 1
+1 1
+4 1
+1 1
+1 1
+1 1
+1 1 0 0 1 0 0 1
+1 1 0 0 0 0 0 0 0 0 1
jcnd=1/1 2093 
* 
+41 9 0 0 1 0 0 1
+1 9 9 0 0 2 0 0 1
+1 9 9 0 0 2 0 0 2
+1 9
+1 9
+2 9
+1 9
+1 9 0 0 1 0 0 1
+1 9
+1 9
+1 9
+1 9 0 0 0 0 0 0 0 0 9 3
jcnd=2/9 2095 
* 
+1 7 7
+4 7
+1 7
+1 7
+6 7
+1 7
+1 14
+4 7 0 0 1 0 0 1
+1 7 0 0 0 0 0 0 0 0 7
+3 7 7 0 0 2 0 0 2
+1 7 7 0 0 1 0 0 1
+1 7
+2 7
+1 7
+1 7
+4 7
+1 7
+1 7
+1 7
+1 7
+1 7 0 0 1 0 0 1 0 0 7 3
jcnd=5/7 2093 
* 
+7 2
+1 2
+2 2
+1 2 0 0 0 0 0 0 0 0 2
+2 2 2
+1 2 2
+1 2
+2 2
+1 2
+1 2
+4 2
+1 2
+1 2
+1 2
+1 2 0 0 1 0 0 1
+1 2 0 0 0 0 0 0 0 0 2 2
jcnd=2/2 2093 
* 
+41 12 0 0 1 0 0 1
+1 12 12 0 0 1 0 0 1
+1 12 12 0 0 1 0 0 1
+1 12
+1 12
+2 12
+1 12
+1 12 0 0 1 0 0 1
+1 12
+1 12
+1 12
+1 12 0 0 0 0 0 0 0 0 12 3
jcnd=4/12 2095 
* 
+1 8 8
+4 8
+1 8
+1 8
+6 8
+1 8
+1 16
+4 8 0 0 1 0 0 1
+1 8 0 0 0 0 0 0 0 0 8
+3 8 8 0 0 2
+1 8 8 0 0 1 0 0 1
+1 8
+2 8
+1 8
+1 8
+4 8
+1 8
+1 8
+1 8
+1 8
+1 8 0 0 1 0 0 1 0 0 8 6
jcnd=8/8 2093 
* 
+69 20 0 0 1 0 0 1
+1 20 20 0 0 1 0 0 1
+1 20 20 0 0 3 0 0 2
+1 20
+1 20
+2 20
+1 20
+1 20 0 0 1 0 0 1
+1 20
+1 20
+1 20
+1 20 0 0 0 0 0 0 0 0 20 10
jcnd=10/20 2095 
* 
+1 10 10
+4 10
+1 10
+1 10
+6 10
+1 10
+1 20
+4 10 0 0 1 0 0 1
+1 10 0 0 0 0 0 0 0 0 10
+3 10 10 0 0 2 0 0 1
+1 10 10 0 0 2 0 0 2
+1 10
+2 10
+1 10
+1 10
+4 10
+1 10
+1 10
+1 10
+1 10
+1 10 0 0 2 0 0 1 0 0 10 6
jcnd=10/10 2093 
* 
+69 9 0 0 1 0 0 1
+1 9 9 0 0 1 0 0 1
+1 9 9 0 0 1 0 0 1
+1 9
+1 9
+2 9
+1 9
+1 9 0 0 1 0 0 1
+1 9
+1 9
+1 9
+1 9 0 0 0 0 0 0 0 0 9 7
jcnd=7/9 2095 
* 
+1 2 2
+4 2
+1 2
+1 2
+6 2
+1 2
+1 4
+4 2 0 0 2 0 0 1
+1 2 0 0 0 0 0 0 0 0 2
+3 2 2 0 0 1
+1 2 2
+1 2
+2 2
+1 2
+1 2
+4 2
+1 2
+1 2
+1 2
+1 2
+1 2 0 0 1 0 0 1 0 0 2 2
jcnd=2/2 2093 
* 
+69 27 0 0 1 0 0 1
+1 27 27 0 0 2 0 0 1
+1 27 27 0 0 5 0 0 4
+1 27
+1 27
+2 27
+1 27
+1 27 0 0 1 0 0 1
+1 27
+1 27
+1 27
+1 27 0 0 0 0 0 0 0 0 27 7
jcnd=9/27 2095 
* 
+1 18 18
+4 18
+1 18
+1 18
+6 18
+1 18
+1 36
+4 18 0 0 1 0 0 1
+1 18 0 0 0 0 0 0 0 0 18
+3 18 18 0 0 2 0 0 2
+1 18 18 0 0 2 0 0 1
+1 18
+2 18
+1 18
+1 18
+4 18
+1 18
+1 18
+1 18
+1 18
+1 18 0 0 1 0 0 1 0 0 18 7
jcnd=18/18 2093 
* 
+69 10 0 0 1 0 0 1
+1 10 10 0 0 5 0 0 4
+1 10 10 0 0 1
+1 10
+1 10
+2 10
+1 10
+1 10 0 0 1 0 0 1
+1 10
+1 10
+1 10
+1 10 0 0 0 0 0 0 0 0 10 2
jcnd=1/10 2095 
* 
+1 9 9
+4 9
+1 9
+1 9
+6 9
+1 9
+1 18
+4 9 0 0 1 0 0 1
+1 9 0 0 0 0 0 0 0 0 9
+3 9 9 0 0 1
+1 9 9 0 0 2 0 0 2
+1 9
+2 9
+1 9
+1 9
+4 9
+1 9
+1 9
+1 9
+1 9
+1 9 0 0 1 0 0 1 0 0 9 2
jcnd=8/9 2093 
* 
+7 1
+1 1
+2 1
+1 1 0 0 0 0 0 0 0 0 1
+2 1 1
+1 1 1 0 0 1 0 0 1
+1 1
+2 1
+1 1
+1 1
+4 1
+1 1
+1 1
+1 1
+1 1 0 0 1 0 0 1
+1 1 0 0 0 0 0 0 0 0 1
jcnd=1/1 2093 
* 
+41 14 0 0 1 0 0 1
+1 14 14 0 0 1
+1 14 14 0 0 3 0 0 3
+1 14
+1 14
+2 14
+1 14
+1 14 0 0 1 0 0 1
+1 14
+1 14
+1 14
+1 14 0 0 0 0 0 0 0 0 14 2
jcnd=8/14 2095 
* 
+1 6 6
+4 6
+1 6
+1 6
+6 6
+1 6
+1 12
+4 6 0 0 1 0 0 1
+1 6 0 0 0 0 0 0 0 0 6
+3 6 6 0 0 1 0 0 1
+1 6 6 0 0 1 0 0 1
+1 6
+2 6
+1 6
+1 6
+4 6
+1 6
+1 6
+1 6
+1 6
+1 6 0 0 1 0 0 1 0 0 6 2
jcnd=5/6 2093 
* 
+7 1
+1 1
+2 1
+1 1 0 0 0 0 0 0 0 0 1
+2 1 1
+1 1 1
+1 1
+2 1
+1 1
+1 1
+4 1
+1 1
+1 1
+1 1
+1 1 0 0 1 0 0 1
+1 1 0 0 0 0 0 0 0 0 1 1
jcnd=1/1 2093 
* 
+41 22 0 0 1 0 0 1
+1 22 22 0 0 3 0 0 2
+1 22 22 0 0 1
+1 22
+1 22
+2 22
+1 22
+1 22 0 0 1 0 0 1
+1 22
+1 22
+1 22
+1 22 0 0 0 0 0 0 0 0 22 17
jcnd=13/22 2095 
* 
+1 9 9
+4 9
+1 9
+1 9
+6 9
+1 9
+1 18
+4 9 0 0 1 0 0 1
+1 9 0 0 0 0 0 0 0 0 9
+3 9 9 0 0 1 0 0 1
+1 9 9 0 0 1
+1 9
+2 9
+1 9
+1 9
+4 9
+1 9
+1 9
+1 9
+1 9
+1 9 0 0 1 0 0 1 0 0 9 3
jcnd=9/9 2093 
* 
+69 18 0 0 2 0 0 1
+1 18 18 0 0 2 0 0 2
+1 18 18 0 0 2 0 0 1
+1 18
+1 18
+2 18
+1 18
+1 18 0 0 2 0 0 1
+1 18
+1 18
+1 18
+1 18 0 0 0 0 0 0 0 0 18 9
jcnd=10/18 2095 
* 
+2 8 8
+4 8
+1 8
+1 8
+6 8
+1 8
+2 16
+4 8 0 0 1 0 0 1
+1 8 0 0 0 0 0 0 0 0 8
+3 8 8 0 0 3 0 0 3
+1 8 8
+1 8
+2 8
+1 8
+1 8
+4 8
+1 8
+1 8
+1 8
+1 8
+1 8 0 0 1 0 0 1 0 0 8 2
jcnd=7/8 +71 
* 
+7 1
+1 1
+2 1
+1 1 0 0 0 0 0 0 0 0 1
+2 1 1
+1 1 1
+1 1
+2 1
+1 1
+1 1
+4 1
+1 1
+1 1
+1 1
+1 1 0 0 1 0 0 1
+1 1 0 0 0 0 0 0 0 0 1 1
jcnd=1/1 +43 
* 
+43 95
+2 95
+1 95
+1 95
+1 95 0 0 0 0 0 0 0 0 95 13
jcnd=39/95 +6 
* 
-3 83 0 0 2 0 0 1
+1 83
+1 83
+1 83 0 0 0 0 0 0 0 0 83 18
jcnd=33/83 +6 
* 
+1 212
+5 106
+6 106 106
+1 106 106
+8 106
+1 106 106
-16 340 0 0 2 0 0 1
+6 340 340
+1 340 340
+8 340
+1 340 340

fn=(244) strncmp
98 1 0 0 1 0 0 1
+27 1
+1 1 0 0 0 0 0 0 0 0 1
+1 1
+1 1 0 0 0 0 0 0 0 0 1
+1 1
+2 1
+1 1
+2 1 0 0 1 0 0 1
+1 1
+21 1
+1 1 0 0 0 0 0 0 0 0 1
+1 1
+1 1 0 0 0 0 0 0 0 0 1
+1 1 1
+1 1 1 0 0 1 0 0 1
+1 1 1
+1 1 1
+17 1
+1 1
+1 1
+1 1
+1 1
+1 1
+1 1 0 0 1 0 0 1 0 0 1 1
jcnd=1/1 2104 
* 
2104 1 0 0 1 0 0 1
+3 1
+1 1 0 0 0 0 0 0 0 0 1
+2 1 1
+1 1 1
+8 1
+1 1 1

fl=(11)
fn=(22)
261 8 0 5 2 0 0 2
+22 1
-22 1 0 1
128 1
283 1
-22 1
+6 4 1 0 0 0 0 0 0 0 1
42 295 59 0 1 0 0 1 0 0 118 1
jcnd=1/59 304 
* 
+6 58 58 0 0 28 0 0 28
-3 58
+3 7082 962 0 0 16 0 0 16 0 2040 69
jcnd=904/962 * 
* 
+4 116 0 0 0 0 0 0 0 0 58
+4 116 0 0 1 0 0 1
fi=(12) ./elf/./elf/dl-tunables.h
160 58
fe=(11)
56 116
jfi=(12)
jump=58 160 
* 
fi=(12)
161 22 0 0 0 0 0 0 0 0 11
-1 124 80 0 0 1 0 0 1 0 11
+1 138 0 0 0 0 0 0 0 0 69 9
jcnd=11/69 * 
* 
* 58
-1 116
jfi=(11)
jump=58 287 
* 
fe=(11)
281 9512 0 0 0 0 0 0 0 0 2378 58
jcnd=58/2378 42 
* 
+6 16646 4756 0 1 41 0 1 41 0 4756 645
jcnd=1798/2378 -6 
* 
* 580
fi=(12)
160 580 580
+1 1160 0 0 0 0 0 0 0 0 580 10
jfi=(11)
jcnd=576/580 281 
* 
-1 15 15
+1 30 0 0 0 0 0 0 0 0 15 5
jfi=(11)
jcnd=4/15 281 
* 
* 30 0 0 0 0 0 0 0 0 15
-1 75 15 0 1 0 0 1 0 0 15 6
jcnd=15/15 * 
* 
fe=(11)
304 8 7 0 1 0 0 1

fn=(58)
153 15 0 0 1 0 0 1
-81 40 5 0 1 0 0 1 0 0 5
+81 15 0 10
-81 10 0 0 0 0 0 0 0 0 5
+10 5 5
fi=(519) ./elf/./dl-tunable-types.h
+2 5
fe=(11)
+9 40 10 0 1 0 0 1 0 0 5
+1 25 10 0 0 0 0 0 0 0 5
fi=(12)
+47 10 0 0 0 0 0 0 0 0 5 3
jcnd=5/5 +1 
* 
fe=(11)
-26 25 0 5 1 0 0 1
+1 5 0 5
+1 5 0 5
+1 5 0 5
+39 15 15
fi=(12)
-15 10 0 0 1 0 0 1
fe=(11)
-45 10 0 0 0 0 0 0 0 0 5 2
jcnd=5/5 +3 
* 
+3 5
fi=(12)
+51 5
fe=(11)
-51 5
+4 10 0 0 0 0 0 0 0 0 5 2
jcnd=5/5 -4 
* 
+7 10 0 0 0 0 0 0 0 0 5
+1 10 0 0 0 0 0 0 0 0 5 2
jcnd=5/5 +3 
* 
-12 25
jump=5 +11 
* 

fn=(28)
387 38 0 0 2 0 0 1
+3 76
-3 38
+3 304 38 0 0 36 0 0 31 0 38 3
jcnd=3/38 +19 
* 
+9 35 35 0 0 13
-9 70 0 0 2 0 0 1 0 0 35 15
jcnd=15/35 +9 
* 
+19 23 0 23
+7 138 23 0 0 1 0 0 0 0 23 18
jcnd=23/23 +2 
* 
* 90 15 0 0 3 0 0 0 0 15 14
jcnd=15/15 +2 
* 
+2 38 38
-19 15 0 15
+1 15
jump=15 +16 
* 
+9 6 0 0 1 0 0 1
jump=3 * 
* 

fl=(57)
fn=(178)
47 16 0 0 1 0 0 1
+3 32 0 0 0 0 0 0 0 0 16
-3 96 0 48
+6 32 0 0 0 0 0 0 0 0 16 5
jcnd=6/16 * 
* 
+5 96 0 0 0 0 0 0 0 0 16
+2 64 64
-7 30 0 0 1 0 0 1 0 0 6 2
jcnd=3/6 +5 
* 
* 6 3 0 0 0 0 0 0 0 3 2
jcnd=3/3 +5 
* 

fl=(77)
fn=(262)
207 66 0 48 1 0 0 1
+1 12 6 0 0 0 0 0 0 0 6 1
jcnd=1/6 350 
* 
+12 5
+4 20 0 5 1 0 0 1
-4 5
+6 15 0 0 0 0 0 0 0 0 5
+3 5 5
-1 5 5
+1 10 0 0 0 0 0 0 0 0 5 5
jcnd=5/5 +22 
* 
+22 25 10 0 2 0 0 2 0 0 5 5
jcnd=5/5 +1 
* 
+4 6 0 0 0 0 0 0 0 0 3
+7 9 3 0 0 2 0 0 0 0 3
fi=(6)
81 12 3 0 0 0 0 0 0 0 3 2
jfi=(4)
jcnd=2/3 -2 
* 
* 2 0 0 0 0 0 0 0 0 1
+6 4 3 0 1 1 0 1 0 0 1 1
jcnd=1/1 +4 
* 
+4 3 1 0 0 1 0 0 1 0 1
+17 1 1
-11 1 0 1
+11 2 0 0 0 0 0 0 0 0 1
+21 2 1 0 0 0 0 0 0 0 1
+5 4 1 0 0 1
-2 2 0 1
fi=(4)
-53 1 1
fe=(77)
301 2 1
fi=(4)
79 2
fe=(77)
301 2 0 0 0 0 0 0 0 0 1
fi=(4)
79 4 4 0 1 0 0 1
fe=(77)
301 8 4 0 0 1
fi=(4)
79 8
fe=(77)
301 8 0 0 0 0 0 0 0 0 4 1
jcnd=1/4 * 
* 
* 12 4 0 1 3 0 1 0 0 4 4
jcnd=3/4 * 
* 
* 11 3 0 0 0 0 0 0 0 1 1
jump=1 * 
* 
* 114 32 3 1 5 3 1 5 3 35 3
jcnd=3/32 * 
* 
* 174 0 0 0 0 0 0 0 0 58 11
jcnd=10/29 * 
* 
* 3300 0 0 0 0 0 0 0 0 1650 287
jcnd=605/1650 * 
* 
* 4256 0 1064 0 0 192 0 0 192 1064 56
jcnd=1035/1064 * 
* 
* 1845 0 0 0 0 0 0 0 0 615 30
jcnd=615/615 * 
* 
* 116 0 0 1 0 0 1 0 0 29 8
jcnd=28/29 * 
* 
fi=(4)
79 1 1
fe=(77)
301 1 1
fi=(4)
79 2
fe=(77)
301 120 25 25 1 11 0 1 1 0 15 3
jcnd=2/5 * 
* 
* 12 6 3 0 3 0 0 0 0 3 1
jcnd=1/3 * 
* 
* 4 2 0 1 0 0 1 0 0 2 1
jcnd=1/2 * 
* 
* 51 12 3 1 0 0 1 0 0 3 3
jcnd=3/3 * 
* 
* 6 0 0 0 0 0 0 0 0 3 1
jcnd=1/3 * 
* 
* 4 0 0 0 0 0 0 0 0 2 1
jcnd=2/2 * 
* 
* 5
-80 10
fi=(6)
393 10 0 10 1 0 0 1
fe=(77)
190 5
+31 5 0 5
-31 5 0 5
fi=(6)
393 15 0 5
fi=(5)
49 5 5
fe=(77)
301 5 5
fi=(5)
50 5 5
+30 5 5
-31 10 0 0 1 0 0 1
+4 5 5
-3 5
+3 5
-3 5 0 5
+3 15 5 0 0 1
+27 10 0 0 0 0 0 0 0 0 5 5
jcnd=5/5 +34 
* 
-31 5 5 0 0 1
fe=(77)
301 5 5
fi=(5)
50 5 5
+30 5 5
-31 10
+4 5 5
-3 5
+3 5
-3 5 0 5
+3 15 5
+27 10 0 0 0 0 0 0 0 0 5 4
jcnd=4/5 +34 
* 
-7 1
-1 1
+11 8 0 1 1 0 0 1 0 0 1
jump=1 +2 
* 
fi=(6)
514 114 57
+4 114 0 0 0 0 0 0 0 0 57
+3 171 57 0 0 0 0 0 0 0 57
+1 57 0 57 0 0 7 0 0 7
fi=(5)
83 171 0 0 0 0 0 0 0 0 57 1
jcnd=1/57 +13 
* 
+2 228 57 0 1 22 0 1 22 0 57 2
jfi=(6)
jcnd=57/57 514 
* 
+11 6 1 0 0 0 0 0 0 0 1 1
jfi=(77)
jcnd=1/1 301 
* 
fe=(77)
301 30 10 0 1 0 0 1 0 0 10 5
jfi=(4)
jcnd=5/10 79 
* 
fi=(5)
51 5 5 0 0 1
fi=(4)
+28 10 5
jfi=(5)
jump=5 -30 
* 
* 15 10
fi=(6)
730 10 0 0 0 0 0 0 0 0 5 2
jfi=(77)
jcnd=2/5 304 
* 
+4 6 3 0 1 1 0 1 0 0 3
fe=(77)
304 25 10 0 0 0 0 0 0 0 10
+24 5 0 5
+3 10 0 0 0 0 0 0 0 0 5
+17 15 5 0 0 3 0 0 0 0 5 3
jcnd=5/5 +8 
* 
+2 48 42 0 0 2
-98 10 5 0 1 4 0 1 0 0 5 3
jcnd=3/5 +3 
* 
+3 4 0 0 0 0 0 0 0 0 2
+7 2 2
-9 2
+9 4 0 0 1 0 0 1 0 0 2
fi=(6)
81 4
jfi=(4)
jump=2 -2 
* 
fi=(5)
+33 27 0 0 1 0 0 1 0 0 9 4
jcnd=2/9 +12 
* 
+9 14 0 0 0 0 0 0 0 0 7 4
jcnd=4/7 +3 
* 
* 3
+1 3 3 0 0 3 0 0 2
fi=(6)
498 3 3
fi=(5)
124 3
fi=(6)
498 6 0 0 0 0 0 0 0 0 3
fi=(5)
124 1672 1672 0 0 209 0 0 209
fi=(6)
498 1672 1672 0 0 208 0 0 208
fi=(5)
124 1672
fi=(6)
498 3344 0 0 0 0 0 0 0 0 1672
+5 3350 0 0 0 0 0 0 0 0 1675
+1 1675 1675 0 0 210 0 0 210
fi=(5)
123 1675
fi=(6)
504 1675
-5 1675 0 1675 0 0 501 0 0 496
fi=(5)
123 3350 0 0 0 0 0 0 0 0 1675 9
jcnd=1672/1675 +1 
* 
+3 27 9 0 1 4 0 1 0 0 9 1
jcnd=2/9 +54 
* 
+3 28 14 7 0 3 1 0 0 0 7
+2 21 7 0 1 0 0 1 0 0 7 3
jfi=(77)
jcnd=3/7 301 
* 
* 4 4 0 0 1
fe=(77)
+59 8
fi=(5)
73 4 0 4
fe=(77)
190 4 0 4 0 0 1
fi=(5)
72 4
fe=(77)
190 36 0 20 1 0 0 1 0 0 4
fi=(5)
-57 8 8 0 0 2 0 0 1
+1 4 4
+1 4 4
-2 4
+2 4 4
+3 4 0 0 1 0 0 1
-5 4
+2 4 0 4
-2 4 4 0 0 4 0 0 3
+1 8
+2 4
-2 4 0 4
+2 12 4
+2 8 0 0 0 0 0 0 0 0 4
-5 490 490 0 0 88 0 0 87
+1 245 245
+1 245 245
-2 245
+2 245 245
+3 245
-5 245
+2 245 0 245
-2 245 245 0 0 45 0 0 44
+1 490
+2 245
-2 245 0 245
+2 735 245
+2 490 0 0 0 0 0 0 0 0 245 7
jcnd=47/245 +3 
* 
+9 202 0 202
fi=(6)
267 404 0 0 1 0 0 1 0 0 202
+7 404 0 0 0 0 0 0 0 0 202
+4 404 0 0 0 0 0 0 0 0 202
fe=(77)
170 808 202 0 0 107 0 0 105 0 202 5
jfi=(6)
jcnd=16/202 287 
* 
fi=(4)
-30 558 186
fe=(77)
+31 372 0 0 1 0 0 1 0 0 186
+3 372 186 0 0 3 0 0 0 0 186 12
jcnd=7/186 +1 
* 
+8 358 0 0 0 0 0 0 0 0 179
-8 537 0 0 0 0 0 0 0 0 179 1
jcnd=1/179 +12 
* 
* 1068 0 0 0 0 0 0 0 0 178
+12 356 356 0 1 1 0 1
-3 178 0 178
+1 178 0 178
+2 712 356 0 0 1 0 0 0 0 178 57
jcnd=178/178 * 
* 
* 2 2
-3 1 0 1
+1 1 0 1
+2 4 2 0 0 0 0 0 0 0 1 1
jcnd=1/1 * 
* 
* 179
+1 179
-1 179
+2 358 0 0 0 0 0 0 0 0 179
-1 716 179 179 1 11 0 1
+3 1074 358 537 0 0 1
cfi=(78)
cfn=(270)
calls=179 772 
* 107757 31986 11896 63 821 17 59 596 8 15436 1202 88 74
+3 179 179
+1 358 179
-4 179
+4 895 358 179 1 0 1 1
fi=(6)
+93 537 0 0 0 0 0 0 0 0 179 2
jcnd=6/179 +30 
* 
* 201 180 0 0 0 0 0 0 0 7
+3 180 180
-3 556 196 0 0 0 0 0 0 0 180 1
+3 196
-3 196 196
+5 392 0 0 0 0 0 0 0 0 196 14
jcnd=188/196 +25 
* 
* 16 0 0 0 0 0 0 0 0 8 2
jcnd=8/8 +3 
* 
+25 1212 202 0 1 3 0 1 2 0 202 0 202 19
jump=1 +29 
* 
jump=20 +3 
* 
jump=156 423 
* 
jump=16 +83 
* 
jump=9 423 
* 
423 27 18 9 0 0 2 0 0 2
fi=(5)
150 27 9 0 1 0 0 1 0 0 9 1
fi=(6)
423 352 176 176 0 0 17 0 0 16
fi=(5)
150 528 176 0 0 0 0 0 0 0 176 8
jcnd=20/176 +1 
* 
* 34 0 0 0 0 0 0 0 0 17
-19 996 249 0 0 0 0 0 0 0 249 22
jcnd=245/249 +2 
* 
* 12 8
+33 16 8 0 1 0 0 1 0 0 4 2
jfi=(77)
jcnd=2/4 301 
* 
+1 16 4 4 0 0 0 0 0 0 2
jump=2 +1 
* 
* 48 0 0 0 0 0 0 0 0 16
+1 189 63 0 1 0 0 1 0 0 63 7
jcnd=16/63 -1 
* 
+3 94 47
+4 47 47
-1 47 47
-3 47 47
+2 94 47
+2 47
-2 94 0 47
fe=(77)
-1 188 47 0 1 1 0 1 0 0 47 19
jfi=(6)
jcnd=47/47 287 
* 
fi=(6)
287 47 47 0 1 0 0 1
+3 47
-3 47 47
+4 94 0 0 0 0 0 0 0 0 47 14
jcnd=47/47 476 
* 
476 94 94 0 1 0 0 1
+2 47 0 47 0 0 0 0 0 0 0 0 47 47
cfi=(15)
cfn=(462)
calls=1 71 
* 6 2 0 1 0 0 1 0 0 1
cob=(2)
cfi=(139) ./string/../sysdeps/x86_64/multiarch/strncase.c
cfn=(432) strncasecmp
calls=1 31 
* 21 4 0 2 0 0 2 0 0 5 1
cob=(2)
cfi=(138) ./string/../sysdeps/x86_64/multiarch/mempcpy.c
cfn=(428) mempcpy
calls=1 33 
* 22 4 0 3 0 0 3 0 0 6 2
cob=(2)
cfi=(137) ./wcsmbs/../sysdeps/x86_64/multiarch/wcpcpy.c
cfn=(424) wcpncpy
calls=1 31 
* 18 4 0 2 0 0 2 0 0 3 1
cob=(2)
cfi=(136) ./string/../sysdeps/x86_64/multiarch/strspn.c
cfn=(422) strspn
calls=1 29 
* 7 3 0 2 0 0 2
cob=(2)
cfi=(134) ./string/../sysdeps/x86_64/multiarch/memchr.c
cfn=(418) memchr
calls=1 29 
* 23 4 0 2 0 0 2 0 0 4 1
cob=(2)
cfi=(133) ./string/../sysdeps/x86_64/multiarch/memmove.c
cfn=(414) memmove
calls=1 29 
* 22 4 0 4 0 0 4 0 0 6 2
cob=(2)
cfi=(132) ./string/../sysdeps/x86_64/multiarch/stpcpy.c
cfn=(410) stpcpy
calls=1 33 
* 17 4 0 1 0 0 1 0 0 5 1
cob=(2)
cfi=(131) ./debug/../sysdeps/x86_64/multiarch/memmove_chk.c
cfn=(406) __memmove_chk
calls=1 29 
* 22 4 0 1 0 0 1 0 0 6 1
cob=(2)
cfi=(129) ./wcsmbs/../sysdeps/x86_64/multiarch/wmemcmp.c
cfn=(402) wmemcmp
calls=1 29 
* 24 5 0 2 0 0 2 0 0 6
cob=(2)
cfi=(128) ./string/../sysdeps/x86_64/multiarch/strncpy.c
cfn=(398) strncpy
calls=1 29 
* 19 4 0 2 0 0 2 0 0 4 2
cob=(2)
cfi=(127) ./string/../sysdeps/x86_64/multiarch/strlen.c
cfn=(394) strlen
calls=1 29 
* 25 5 0 2 0 0 2 0 0 5 1
cob=(2)
cfi=(100) ./wcsmbs/../sysdeps/x86_64/multiarch/wcscat.c
cfn=(390) wcscat
calls=1 31 
* 18 4 0 1 0 0 1 0 0 3 1
cob=(2)
cfi=(126) ./string/../sysdeps/x86_64/multiarch/strcasecmp_l.c
cfn=(386) strcasecmp_l
calls=1 31 
* 21 4 0 2 0 0 2 0 0 5 1
cob=(2)
cfi=(125) ./string/../sysdeps/x86_64/multiarch/strcpy.c
cfn=(382) strcpy
calls=1 29 
* 17 4 0 2 0 0 2 0 0 5 1
cob=(2)
cfi=(123) ./wcsmbs/../sysdeps/x86_64/multiarch/wmemset.c
cfn=(378) wmemset
calls=2 31 
* 20 8 0 2 0 0 2 0 0 4 2
cob=(2)
cfi=(121) ./string/../sysdeps/x86_64/multiarch/memcmp.c
cfn=(374) bcmp
calls=1 29 
* 24 5 0 3 0 0 3 0 0 6
cob=(2)
cfi=(120) ./string/../sysdeps/x86_64/multiarch/strchrnul.c
cfn=(370) strchrnul
calls=1 31 
* 25 5 0 2 0 0 2 0 0 5
cob=(2)
cfi=(119) ./string/../sysdeps/x86_64/multiarch/strncase_l.c
cfn=(366) strncasecmp_l
calls=1 31 
* 21 4 0 3 0 0 3 0 0 5 1
cob=(2)
cfi=(117) ./string/../sysdeps/x86_64/multiarch/strcat.c
cfn=(362) strcat
calls=1 29 
* 17 4 0 2 0 0 2 0 0 5 1
cob=(2)
cfi=(116) ./wcsmbs/../sysdeps/x86_64/multiarch/wcscpy.c
cfn=(360) wcscpy
calls=1 60 
* 16 4 0 3 0 0 3 0 0 4 1
cob=(2)
cfi=(115) ./string/../sysdeps/x86_64/multiarch/strcspn.c
cfn=(358) strcspn
calls=1 29 
* 7 3 0 1 0 0 1
cob=(2)
cfi=(113) ./string/../sysdeps/x86_64/multiarch/strcasecmp.c
cfn=(354) strcasecmp
calls=1 31 
* 21 4 0 3 0 0 3 0 0 5 1
cob=(2)
cfi=(112) ./string/../sysdeps/x86_64/multiarch/strncmp.c
cfn=(352) strncmp
calls=1 67 
* 21 4 0 3 0 0 3 0 0 5 1
cob=(2)
cfi=(110) ./wcsmbs/../sysdeps/x86_64/multiarch/wmemchr.c
cfn=(348) wmemchr
calls=2 31 
* 46 8 0 3 0 0 3 0 0 8 2
cob=(2)
cfi=(108) ./string/../sysdeps/x86_64/multiarch/stpncpy.c
cfn=(344) stpncpy
calls=1 31 
* 19 4 0 2 0 0 2 0 0 4
cob=(2)
cfi=(107) ./wcsmbs/../sysdeps/x86_64/multiarch/wcscmp.c
cfn=(340) wcscmp
calls=1 30 
* 25 5 0 2 0 0 2 0 0 5 1
cob=(2)
cfi=(106) ./string/../sysdeps/x86_64/multiarch/strrchr.c
cfn=(336) rindex
calls=1 28 
* 25 5 0 1 0 0 1 0 0 5 1
cob=(2)
cfi=(104) ./debug/../sysdeps/x86_64/multiarch/memset_chk.c
cfn=(332) __memset_chk
calls=1 29 
* 24 4 0 1 0 0 1 0 0 6
cob=(2)
cfi=(103) ./string/../sysdeps/x86_64/multiarch/strchr.c
cfn=(330) index
calls=1 65 
* 19 4 0 2 0 0 2 0 0 5 1
cob=(2)
cfi=(100)
cfn=(324) wcschr
calls=2 31 
* 50 10 0 3 0 0 3 0 0 10 2
cob=(2)
cfi=(98) ./string/../sysdeps/x86_64/multiarch/memcmpeq.c
cfn=(320) memcpy@@GLIBC_2.14
calls=1 29 
* 22 4 0 4 0 0 4 0 0 6 2
cob=(2)
cfi=(96) ./wcsmbs/../sysdeps/x86_64/multiarch/wcsncpy.c
cfn=(316) wcsncpy
calls=1 31 
* 18 4 0 1 0 0 1 0 0 3 1
cob=(2)
cfi=(95) ./string/../sysdeps/x86_64/multiarch/memrchr.c
cfn=(312) memrchr
calls=1 29 
* 25 5 0 2 0 0 2 0 0 5 2
cob=(2)
cfi=(94) ./debug/../sysdeps/x86_64/multiarch/memcpy_chk.c
cfn=(308) __memcpy_chk
calls=1 29 
* 22 4 0 5 0 0 5 0 0 6 1
cob=(2)
cfi=(92) ./debug/../sysdeps/x86_64/multiarch/mempcpy_chk.c
cfn=(304) __mempcpy_chk
calls=1 29 
* 22 4 0 5 0 0 5 0 0 6 2
cob=(2)
cfi=(91) ./wcsmbs/../sysdeps/x86_64/multiarch/wcslen.c
cfn=(300) wcslen
calls=1 29 
* 19 4 0 3 0 0 3 0 0 5 1
cob=(2)
cfi=(89) ./string/../sysdeps/x86_64/multiarch/memset.c
cfn=(296) memset
calls=1 29 
* 24 4 0 2 0 0 2 0 0 6
cob=(2)
cfi=(87) ./wcsmbs/../sysdeps/x86_64/multiarch/wcsnlen.c
cfn=(292) wcsnlen
calls=1 30 
* 19 4 0 3 0 0 3 0 0 5 1
cob=(2)
cfi=(86) ./string/../sysdeps/x86_64/multiarch/strcmp.c
cfn=(290) strcmp
calls=1 79 
* 19 4 0 3 0 0 3 0 0 5 1
cob=(2)
cfi=(85) ./string/../sysdeps/x86_64/multiarch/strpbrk.c
cfn=(288) strpbrk
calls=1 29 
* 7 3 0 2 1 0 2
cob=(2)
cfi=(83) ./string/../sysdeps/x86_64/multiarch/strnlen.c
cfn=(284) strnlen
calls=2 31 
* 50 10 0 2 1 0 2 0 0 10 2
cob=(2)
cfi=(81) ./string/../sysdeps/x86/cacheinfo.c
cfn=(280) __x86_cacheinfo
calls=1 86 
* 28 9 8 4 2 2 4 0 2 3 1
fi=(5)
165 47
fi=(6)
479 47 0 47 0 0 2
fi=(5)
165 94 0 0 0 0 0 0 0 0 47 18
jcnd=45/47 +1 
* 
* 6 2
jfi=(77)
jump=2 301 
* 
-14 60 20 0 2 2 0 2 0 0 20 4
jcnd=20/20 -20 
* 
fi=(6)
400 48 16 0 1 0 0 1 0 0 16
+2 64 16 0 0 0 0 0 0 0 16
+4 16 16
+9 16 16
-9 32 16 0 1 3 0 1 3
+9 16 0 16 0 0 5 0 0 5
fi=(5)
150 32 16
jump=16 * 
* 
fi=(6)
320 20 0 20
+3 20
jump=20 423 
* 
+23 2 0 0 1 0 0 1 0 0 1
+1 3 2 1 0 1 1 0 0 1
fi=(5)
150 2 1
jump=1 * 
* 
fi=(6)
287 80 16 0 1 0 0 1 0 0 16 2
jcnd=16/16 * 
* 
fi=(5)
141 47 47
+1 47 0 47 1 0 0 1
-1 141 0 47
+2 47
jump=47 -12 
* 
fi=(6)
287 235 47 0 1 0 0 1 0 0 47 17
jcnd=47/47 * 
* 
fe=(77)
175 63 7 0 2 0 0 2 0 0 28 2
jcnd=7/7 +3 
* 
+3 7 7
-1 7 0 7
+19 7 7 0 1 0 0 1
-18 14 0 7
jfi=(6)
jump=7 287 
* 
fi=(6)
295 16 0 0 1 0 0 1 0 0 8
+1 24 8 0 0 0 0 0 0 0 8 2
jcnd=8/8 +11 
* 
+11 16 0 16 1 0 0 1
+7 8 0 8 0 0 0 0 0 0 0 0 8 8
cob=(2)
cfi=(127)
cfn=(394)
calls=1 29 
* 25 5 0 0 0 0 0 0 0 5 1
cob=(2)
cfi=(133)
cfn=(414)
calls=1 29 
* 22 4 0 0 0 0 0 0 0 6 2
cob=(2)
cfi=(121)
cfn=(374)
calls=2 29 
* 48 10 0 0 1 0 0 0 0 12
cob=(2)
cfi=(89)
cfn=(296)
calls=2 29 
* 48 8 0 0 0 0 0 0 0 12
cob=(2)
cfi=(98)
cfn=(320)
calls=2 29 
* 44 8 0 0 3 0 0 0 0 12 4
* 32 16 0 1 0 0 1
jump=8 +3 
* 
fe=(77)
-13 3 0 2 1 0 0 1
jump=1 * 
* 
+55 25 15 0 1 0 0 1
+3 5
-3 5
+3 5
+4 10 0 0 1 0 0 1 0 0 5
+1 20 0 5
cfi=(140)
cfn=(436) mprotect
calls=5 117 
* 30 5 0 2 0 0 2 0 0 5 2
* 10 0 0 0 0 0 0 0 0 5 4
jcnd=5/5 -14 
* 
-63 6 0 2 1 0 0 1
jump=2 * 
* 
fi=(5)
180 6 2 0 1 0 0 1 0 0 2 1
jfi=(77)
jcnd=1/2 301 
* 
* 1 1
fe=(77)
+10 2
fi=(5)
73 1 0 1 1 0 0 1
fe=(77)
190 3 0 2
fi=(6)
436 7 0 4 0 0 0 0 0 0 1
fi=(5)
182 2 2 0 1 0 0 1
+1 2 2
-1 1
+3 1
-3 4 0 1
+3 2 0 0 0 0 0 0 0 0 1
-3 10 10 0 0 2 0 0 2
+1 10 10
-1 5
+3 5
-3 20 0 5
+3 10 0 0 0 0 0 0 0 0 5
+8 6 0 6
fi=(6)
+74 12 0 0 1 0 0 1 0 0 6
+7 12 0 0 0 0 0 0 0 0 6
+4 12 0 0 0 0 0 0 0 0 6
fe=(77)
170 24 6 0 0 2 0 0 2 0 6 1
fi=(4)
-30 18 6
fe=(77)
+31 12 0 0 0 0 0 0 0 0 6
+3 12 6 0 1 1 0 1 0 0 6
+8 12 0 0 0 0 0 0 0 0 6
-8 54 0 0 0 0 0 0 0 0 12
+12 12 12 0 1 0 0 1
-3 6 0 6
+1 6 0 6
+2 24 12 0 0 0 0 0 0 0 6 2
jcnd=6/6 * 
* 
* 12 0 6
+4 24 6 6
-4 6
+4 18 6 12 1 0 0 1
cfi=(78)
cfn=(270)
calls=6 772 
* 3134 914 316 0 8 0 0 7 0 475 33 1
+3 6 6
+1 12 6
-4 6
+4 30 12 6
fi=(6)
+93 18 0 0 0 0 0 0 0 0 6 2
jcnd=4/6 +30 
* 
* 2 2
+3 2 2 0 1 0 0 1
-3 6 2 0 0 0 0 0 0 0 2
+3 2
-3 2 2
+5 4 0 0 0 0 0 0 0 0 2 1
jcnd=2/2 +25 
* 
+25 36 6 0 0 1 0 0 1 0 6 0 6 1
jump=6 423 
* 
423 6 0 6 1 0 2 1 0 2
fi=(5)
196 18 6 0 0 0 0 0 0 0 6
-16 24 6 0 0 0 0 0 0 0 6 4
jcnd=5/6 +2 
* 
+31 7 4 0 1 0 0 1 0 0 1 1
jfi=(77)
jcnd=1/1 +90 
* 
fe=(77)
-33 7 0 0 1 0 0 1
-3 21 0 0 0 0 0 0 0 0 7
jump=7 +3 
* 

fl=(43)
fn=(126)
132 16 0 0 3 0 0 1
+1 80
+5 16
+1 16 0 0 0 0 0 0 0 0 16 8
jcnd=8/16 350 
* 
+3 8
+1 8 0 0 0 0 0 0 0 0 8 4
jcnd=8/8 244 
* 
+38 3 0 3
+1 3 0 3
+2 3 3
+60 8 0 8 3 0 2 1 0 2
+1 8 0 8
+12 8
+3 8
+1 8 0 0 0 0 0 0 0 0 8 3
jcnd=3/8 -80 
* 
+12 5 0 5
+1 5 0 5 0 0 5 0 0 5
+13 5
+1 5
+2 5 0 0 0 0 0 0 0 0 5 3
jcnd=3/5 +18 
* 
+3 2
+3 4
+3 2 0 2
+1 2 0 2
+1 2 0 2
+1 2 0 2 0 0 1 0 0 1
+1 2
+1 2
+1 2 0 0 0 0 0 0 0 0 2 2
jcnd=2/2 -6 
* 
-6 39 0 39 0 0 34 0 0 34
+1 39 0 39
+1 39 0 39
+1 39 0 39 0 0 5 0 0 5
+1 39
+1 39
+1 39 0 0 0 0 0 0 0 0 39 13
jcnd=37/39 -6 
* 
+3 5 0 5 0 0 1 0 0 1
+1 5 0 5
+1 5 0 5
+1 5 0 5
+5 5 5
+34 8 0 0 3 0 0 1
+2 8
+1 8 0 0 0 0 0 0 0 0 8 6
jcnd=8/8 +39 
* 
+39 8 0 8 3 0 1 1 0 1
+1 8 0 8 0 0 1 0 0 1
+2 8 8

fl=(20)
fn=(50)
255 24 12 0 1 0 0 1 0 0 12
-5 12 0 12
+17 12
-17 96 0 60
+11 12 0 12
+1 12 0 12
+5 36 0 12
+4 24 0 0 0 0 0 0 0 0 12 10
jcnd=12/12 +5 
* 
+34 96 84
-29 12 0 0 1 0 0 1
+3 24
-3 12
+3 36 0 12
cfn=(52) intel_check_word.constprop.0
calls=12 123 
* 4092 408 48 6 6 0 6 6 0 1236 92
+2 24 0 0 0 0 0 0 0 0 12
+3 60 0 12 1 0 0 1
cfn=(52)
calls=12 123 
* 1272 84 48 5 0 0 5 0 0 244 58
+2 24 0 0 0 0 0 0 0 0 12 12
jcnd=12/12 +19 
* 

fn=(52)
123 48 0 0 1 0 0 1 0 0 24
-4 72 0 24
+10 24 0 0 1 0 0 1
-10 96 0 48
+10 48
-10 24 0 24
+10 24
-10 24
+10 24
+2 48 0 0 0 0 0 0 0 0 24
+71 48 24
fi=(21) ./elf/../bits/stdlib-bsearch.h
32 24
fe=(20)
202 120 24 0 1 0 0 1
jump=24 -69 
* 
-71 96 0 0 0 0 0 0 0 0 48 2
jcnd=12/48 -6 
* 
+2 60
+2 120 0 0 0 0 0 0 0 0 60
+8 120 0 0 1 0 0 1 0 0 60 2
jcnd=12/60 +12 
* 
+51 96 0 0 0 0 0 0 0 0 48 6
jcnd=48/48 +22 
* 
+22 48
fi=(21)
28 48
-1 96
+2 216 0 0 0 0 0 0 0 0 108 14
jfi=(20)
jcnd=24/60 131 
* 
+2 168
+1 84
fe=(20)
+78 168 84 0 1 2 0 1 2 0 84
+3 324 0 0 0 0 0 0 0 0 324 41
jfi=(21)
jcnd=60/324 -76 
* 
fi=(21)
-78 264
-6 528 0 0 0 0 0 0 0 0 264 24
jfi=(20)
jcnd=24/264 131 
* 
+2 480
+1 240
fe=(20)
+78 480 240 0 0 4 0 0 4 0 240 5
jcnd=240/240 +3 
* 
+15 12
246 144 120
fi=(21)
37 120 0 0 1 0 0 1
jump=60 -8 
* 
fe=(20)
155 36
+3 36 0 0 0 0 0 0 0 0 12
-6 12
+3 36 0 0 1 0 0 1 0 0 12 5
jcnd=9/12 +7 
* 
* 3
jump=3 +9 
* 
+9 18 0 0 0 0 0 0 0 0 9
+23 21
-32 63
+3 63 0 0 0 0 0 0 0 0 21 1
jcnd=1/21 +32 
* 
+4 58
+2 116 0 0 0 0 0 0 0 0 29 2
jcnd=9/29 * 
* 
+3 80 0 0 0 0 0 0 0 0 20 11
jcnd=18/20 +1 
* 
* 4 0 0 0 0 0 0 0 0 2 2
jcnd=2/2 +5 
* 
+1 36 0 0 0 0 0 0 0 0 18 7
jcnd=12/18 +1 
* 
* 12 0 0 0 0 0 0 0 0 6 2
jcnd=3/6 +4 
* 
+1 30 0 0 0 0 0 0 0 0 15 5
jcnd=6/15 +1 
* 
* 18 0 0 0 0 0 0 0 0 9 3
jcnd=3/9 +3 
* 
+1 24 0 0 0 0 0 0 0 0 12 6
jcnd=9/12 +17 
* 
* 6 0 0 0 0 0 0 0 0 3 3
jcnd=3/3 +17 
* 
+2 11 0 0 1 0 0 1
+2 22 0 0 0 0 0 0 0 0 11 4
jcnd=4/11 +2 
* 
+6 14 0 0 1 0 0 1 0 0 7 3
jcnd=3/7 +1 
* 
+3 8 0 0 0 0 0 0 0 0 4
+1 12
jump=4 +62 
* 
-20 15 0 0 1 0 0 1 0 0 6 2
jcnd=3/3 +8 
* 
+12 4
+2 4
+1 4
-2 4
-1 4
+2 8
-2 4 0 0 1 0 0 1
+3 4
-2 12
+2 12
jump=4 +67 
* 
+11 2
jump=1 +56 
* 
-9 12
jump=3 +65 
* 

fn=(56)
571 11 0 6 1 0 0 1
+17 1 1
+1 1 1 0 1 0 0 1
+9 1 1
-12 1 1
+2 1 0 1
+2 1 1
+8 1 0 1
-11 1 1
+3 1 0 1
+11 2 0 0 0 0 0 0 0 0 1
-5 3 0 1
+17 1
+5 3 1 0 1 0 0 1 0 0 1
+4 2 0 0 0 0 0 0 0 0 1 1
jcnd=1/1 +5 
* 
770 5 1 0 0 0 0 0 0 0 2
+1 5 0 1
+4 2 1 0 1 0 0 1 0 0 1 1
jcnd=1/1 +8 
* 
+8 1 1
-1 1 0 1
+1 1 0 1
+1 1 0 1
+1 7 7
627 3 0 0 1 0 0 1 0 0 1 1
jcnd=1/1 * 
* 
* 2 1
+3 6 0 3 0 0 0 0 0 0 1 1
jcnd=1/1 * 
* 
-32 5 2 1 1 0 0 1
+75 4 0 0 0 0 0 0 0 0 2
+8 5
+2 2 0 0 0 0 0 0 0 0 1
-2 1
+6 3 0 0 1 0 0 1
+3 1
+1 5 1 0 0 0 0 0 0 0 2
-4 4 0 0 0 0 0 0 0 0 1
jump=1 +6 
* 
+21 2 0 0 0 0 0 0 0 0 1 1
jcnd=1/1 +3 
* 
-21 4
+2 1
+2 4 0 0 0 0 0 0 0 0 2
-4 1
+6 2 0 0 0 0 0 0 0 0 1 1
jcnd=1/1 +15 
* 
* 2 0 0 1 0 0 1 0 0 1
+3 2 0 0 0 0 0 0 0 0 1
+5 1
+2 2 0 0 1 0 0 1
+1 1
+1 1
-2 2
+1 1
-19 2 0 0 0 0 0 0 0 0 1 1
jcnd=1/1 +2 
* 
* 2 0 0 0 0 0 0 0 0 1
+46 2 0 0 0 0 0 0 0 0 1
+1 1
+1 2 0 0 0 0 0 0 0 0 1
+1 1
+25 3
jump=1 +11 
* 
630 3 0 2 1 0 0 1
jump=1 * 
* 
+10 6 0 0 0 0 0 0 0 0 3 2
jcnd=2/3 -10 
* 
+14 2 0 0 0 0 0 0 0 0 1
+4 1
+3 1
+1 1
-4 2
+3 3 0 1
+6 2 0 0 0 0 0 0 0 0 1 1
jcnd=1/1 +29 
* 
* 2 0 0 0 0 0 0 0 0 1
-37 12
+7 6 0 0 0 0 0 0 0 0 3
-7 3 0 0 1 0 0 1
+7 2 0 0 0 0 0 0 0 0 1
+3 20 0 0 0 0 0 0 0 0 4 3
jcnd=3/4 * 
* 
+5 2 0 0 1 0 0 1 0 0 1
+4 1
+1 1
-1 2
+1 1
jump=1 +17 
* 
+61 2 0 0 1 0 0 1 0 0 1
+7 1
+2 2
-16 1
+22 1
-6 2
+1 1
+5 1
jump=1 -41 
* 
-30 5 4 0 1 0 0 1
jump=1 -98 
* 

fl=(1) ???
fn=(0) 0x000000000001f540
0 2 0 1 1 0 1 1 0 1
cfi=(2)
cfn=(2)
calls=1 517 
0 256592 62909 22827 1008 2325 1099 1000 1916 1073 48566 4607 511 242
0 5 1 0 1 0 0 0 0 0 1 1
0 3 0 1
cfi=(76)
cfn=(492)
calls=1 331 
0 4 1 0 1 0 0 1 0 0 1
0 10 2 1 1 0 0 1
cfi=(155)
cfn=(496)
calls=1 81 
0 856 166 110 67 34 4 67 2 1 171 52 8 8
0 3 0 0 0 0 0 0 0 0 0 0 1 1
cob=(6) /home/hatch/workspace/rustgres/target/debug/rustgres
cfi=(162) ???
cfn=(534) (below main)
calls=1 0 
0 120931 26702 17839 1655 230 210 1297 81 118 20347 1516 709 233

fl=(49)
fn=(152)
32 6 0 2 1 0 0 1
+1 3 1 0 0 1 0 0 1 0 1
+1 2 1 0 0 0 0 0 0 0 1
+5 6 0 4 0 0 2 0 0 2
+1 4 0 4 1 0 1 1 0 1
+1 4 0 4 0 0 1 0 0 1
+1 4 0 4
+2 1
+3 3 1 1 1 0 0 1
+1 2 0 0 0 0 0 0 0 0 1 1
jcnd=1/1 -1 
* 
-1 6 2 2
+1 4 0 0 0 0 0 0 0 0 2 1
jcnd=1/2 -1 
* 
+3 4 2 0 0 0 0 0 0 0 1
+1 4 2 0 0 0 0 0 0 0 1
+1 4 2 0 1 0 0 1 0 0 1
+1 4 2 0 0 0 0 0 0 0 1
+2 3
+6 1 1
-1 1
+1 1 1
+2 2 2
-1 2 2 0 1 0 0 1
+2 1 1
+2 6 1 0 0 0 0 0 0 0 1 1
jcnd=1/1 -5 
* 
-5 11 11 0 0 1 0 0 1
-1 11
+1 11 11
+2 22 22
-1 22 22
+2 11 11
+2 66 11 0 0 0 0 0 0 0 11 9
jcnd=10/11 -5 
* 
+2 1
+1 2 0 0 0 0 0 0 0 0 1 1
jcnd=1/1 * 
* 
* 1
+1 2 2
-1 1
+1 1 1

fl=(22)
fn=(62)
57 20 0 0 1 0 0 1
+44 20
+1 20
+1 20
+1 20
+1 20
+1 20
+1 20
+2 20
+2 20 0 0 0 0 0 0 0 0 20
+31 20 20 0 0 1 0 0 1
+1 20
+1 20
+1 20
+1 20 0 0 0 0 0 0 0 0 20 7
jcnd=9/20 +7 
* 
+1 11
+2 11 11
+4 9 0 0 1 0 0 1
+1 9 9
+1 9 9
+1 9 9 0 0 2 0 0 2
+1 9
+1 9
+1 9
+1 9
+1 9
+1 9
+1 9
+1 9
+5 72 9 0 1 0 0 1 0 0 9

fl=(48)
fn=(556) _dl_audit_preinit
118 1 0 0 1 0 0 1
+1 4 2 0 0 0 0 0 0 0 1

fn=(198)
77 3 0 0 1 0 0 1
+1 12 6 0 0 0 0 0 0 0 3

ob=(3)
fl=(153)
fn=(554) 0x00000000048a27b0
0 2 1 0 1 1 0 1 0 0 0 0 1 1
cob=(1)
cfi=(48)
cfn=(556)
calls=1 118 
0 5 2 0 1 0 0 1 0 0 1

fn=(476) 0x00000000048a2720
0 42 21 0 1 1 0 1 0 0 0 0 21 1
cob=(1)
cfi=(11)
cfn=(28)
calls=21 387 
0 493 84 21 2 37 0 0 16 0 63 26

fn=(514) 0x00000000048a2660
0 2 1 0 1 1 0 1 0 0 0 0 1 1
cob=(2)
cfi=(159) ./string/../sysdeps/x86_64/multiarch/strrchr-avx2.S
cfn=(516) __strrchr_avx2
calls=1 53 
0 22 2 0 2 1 0 2 0 0 3 1

fn=(736) 0x00000000048a23e0
0 36 18 0 2 1 0 0 0 0 0 0 18 2
cob=(2)
cfi=(194)
cfn=(738) free
calls=18 3359 
0 1300 375 195 4 0 0 3 0 0 182 14

fn=(764) 0x00000000048a2740
0 16 8 0 3 0 0 1 0 0 0 0 8 1
cob=(2)
cfi=(227) ./string/../sysdeps/x86_64/multiarch/memset-vec-unaligned-erms.S
cfn=(766) __memset_avx2_unaligned_erms
calls=8 158 
0 183 13 54 16 0 11 5 0 11 33 12

fn=(1696) 0x00000000048a24e0
0 8 4 0 1 0 0 1 0 0 0 0 4 1
cob=(1)
cfi=(381)
cfn=(1698)
calls=4 214 
0 124 48 20 10 0 0 4 0 0 24 4

fn=(720) 0x00000000048a2500
0 90 45 0 2 1 0 1 0 0 0 0 45 1
cob=(2)
cfi=(218) ./string/../sysdeps/x86_64/multiarch/strlen-avx2.S
cfn=(722) __strlen_avx2
calls=45 52 
0 1302 215 0 3 0 0 3 0 0 215 15

fn=(936) 0x00000000048a2600
0 8 4 0 2 1 0 1 0 0 0 0 4 1
cob=(2)
cfi=(274) ./string/../sysdeps/x86_64/multiarch/strcmp-avx2.S
cfn=(938) __strncmp_avx2
calls=4 206 
0 97 18 0 4 2 0 3 0 0 16 5

fn=(500)
0 5 1 0 1 1 0 1 0 0 1 1
0 2 1

fn=(520)
0 5 1 0 1 1 0 1 0 0 1 1
0 2 1

fn=(542) 0x00000000001f4564
0 5 1 0 1 1 0 1 0 0 1 1
0 2 1

fn=(694) 0x00000000048a2480
0 92 46 0 1 1 0 1 0 0 0 0 46 1
cob=(2)
cfi=(213) ./string/../sysdeps/x86_64/multiarch/memchr-avx2.S
cfn=(696) __memchr_avx2
calls=46 61 
0 1690 214 0 9 15 0 9 15 0 359 60

fn=(698) 0x00000000048a2410
0 14 7 0 3 1 0 1 0 0 0 0 7 3
cob=(2)
cfi=(194)
cfn=(700) realloc
calls=7 3407 
0 1619 349 187 29 4 6 24 3 6 269 54 1 1

ob=(1)
fl=(48)
fn=(482)
41 1 0 0 1 0 0 1
+4 4 1
+1 1 1
+1 5 1 0 1 0 0 1 0 0 2

fn=(148)
29 2 0 1
+2 1 1
-2 5 0 4 1 0 0 1
+1 1 1
+1 2 0 0 0 0 0 0 0 0 1 1
jcnd=1/1 +6 
* 
+6 6 6 0 1 0 0 1

fl=(73)
fn=(242) _dl_check_map_versions
155 50 0 30
+15 15 5 0 0 0 0 0 0 0 5
+2 25 10 0 1 0 0 1 0 0 5
+2 5 5
+1 5 5
+2 10 0 0 0 0 0 0 0 0 5 2
jcnd=2/5 -13 
* 
+3 6 6
-16 6 0 3
+20 3 3 0 0 3 0 0 3
-4 3 0 0 1 0 0 1
-24 3 0 3
+28 21 0 15 0 0 0 0 0 0 3
+16 6 6 0 1 0 0 1
36 3
200 3
36 21 6 0 0 0 0 0 0 0 3 3
jcnd=3/3 +2 
* 
200 6 6
36 3
200 3
36 21 6 0 0 0 0 0 0 0 3 3
jcnd=3/3 +2 
* 
+1 20 20
-1 40 0 0 0 0 0 0 0 0 20
+2 78 0 26 1 0 0 1
cfi=(52)
cfn=(164)
calls=26 +30 
* 3011 578 133 2 0 0 2 0 0 374 77 34 26
* 52 0 0 0 0 0 0 0 0 26 8
jcnd=20/26 -1 
* 
* 6
208 18 6 0 0 0 0 0 0 0 6
+5 6 6
fi=(520) ./elf/../sysdeps/generic/_itoa.h
76 18 6 12
fe=(73)
213 12
+4 12 12 0 1 1 0 1 1
+1 12 12
-1 12 0 6
+4 6 6
-3 6 6
+3 6 0 6
-3 18 12 0 0 0 0 0 0 0 6 3
jcnd=3/6 56 
* 
-1 44 44 0 0 6 0 0 6
+1 44 44
-1 44 0 22
+4 22 22
-3 22 22
+3 22 0 22
-3 66 44 0 0 0 0 0 0 0 22 4
jcnd=7/22 56 
* 
* 90 36 0 1 0 0 1
56 72 54 0 0 0 0 0 0 0 18 9
jcnd=18/18 +8 
* 
* 40 30 0 0 0 0 0 0 0 10 7
jcnd=10/10 +8 
* 
+8 84 28 0 0 0 0 0 0 0 28
+6 84 28 0 1 0 0 1 0 0 28
+16 28 28
+1 56 0 0 0 0 0 0 0 0 28
+2 28 28
+5 196 28 84 0 3 0 0 3 0 28
+14 862 431 0 0 5 0 0 5 0 431 31
jcnd=28/403 +2 
* 
+12 1209 403 0 1 4 0 1 4 0 403
+4 403
-30 806 403 0 0 12 0 0 12 0 403 5
jcnd=403/403 +14 
* 
231 112 28
+3 84 28 0 0 0 0 0 0 0 28 9
jcnd=6/28 -6 
* 
+5 22
-24 22
jump=22 +2 
* 
110 28 28 0 1 4 0 1 4
+3 140 56 56 1 2 0 1 2
cfi=(31)
cfn=(90)
calls=28 -15 
* 1080 212 0 15 11 0 15 11 0 123 33 8 6
* 84 28 0 0 0 0 0 0 0 28
224 84 56 0 0 0 0 0 0 0 28 7
jcnd=28/28 +7 
* 
+4 12 6 6 1 0 0 1
+15 18 6 0 0 0 0 0 0 0 6 3
jcnd=3/6 +14 
* 
+5 3
-50 3
jump=3 +2 
* 
+59 15 9 0 2 0 0 2 0 0 3 1
jcnd=1/3 +17 
* 
+3 6 6
+3 21 6 3
+3 12 3 0 0 0 0 0 0 0 3
+4 3
-7 12 3
+3 9 3 0 0 0 0 0 0 0 3 3
jcnd=3/3 +4 
* 
+4 58
-7 232 58 0 0 4 0 0 4
+3 174 58 0 0 1 0 0 1 0 58 20
jcnd=55/58 +4 
* 
* 3 0 3
+8 9 3 0 0 0 0 0 0 0 3
+6 8 4 4 1 0 0 1
fi=(28)
44 4
fe=(73)
280 8
fi=(28)
44 4 4 4 0 0 0 0 0 0 0 0 4 1
cfi=(27)
cfn=(74)
calls=4 +36 
* 164 32 28 0 0 0 0 0 0 16 3 4
fe=(73)
281 8 4
-2 4 0 4
fi=(28)
44 4 0 0 1 0 0 1
fe=(73)
281 4 0 0 0 0 0 0 0 0 4
+13 4 4
-3 4 0 4
+3 16 8 4 0 1 0 0 0 0 4
+2 8 0 0 0 0 0 0 0 0 4 1
jcnd=1/4 +38 
* 
+3 12 6 0 1 0 0 1
+4 9 3
jump=3 +3 
* 
* 9 3
jump=3 +3 
* 
+7 28
+1 28
-1 84 28
+1 28 0 28 0 0 13 0 0 13
+1 28 28
-2 28 0 28
+2 56 0 28 0 0 1 0 0 1
+1 84 28 28
+3 84 28 0 0 0 0 0 0 0 28 6
jcnd=6/28 +8 
* 
+5 22
-15 22 22
+2 22
-2 22
+2 22
-2 22
+2 44 0 0 0 0 0 0 0 0 22 10
jcnd=22/22 +2 
* 
-2 6 6 0 1 0 0 1
+2 6
-2 6
+2 6
-2 6
+2 12 0 0 0 0 0 0 0 0 6 5
jcnd=6/6 +2 
* 
+16 18 6 0 0 0 0 0 0 0 6 3
jcnd=3/6 +10 
* 
+5 3 0 0 1 0 0 1
-28 3
jump=3 +2 
* 
+33 6 0 0 0 0 0 0 0 0 3 1
jcnd=1/3 +32 
* 
+3 6 3
jump=3 +6 
* 
+4 61 61
+6 61 61
+1 61 61
+1 61 61
-1 183
+1 61
-1 61 0 61 0 0 16 0 0 16
+1 61 0 61
+1 61 0 61 0 0 7 0 0 7
+3 183 61 0 0 0 0 0 0 0 61 3
jcnd=3/61 +12 
* 
+4 61
-14 122 61 0 0 0 0 0 0 0 61 12
jcnd=61/61 -2 
* 
* 6 3 0 0 0 0 0 0 0 3
+10 9 3 0 0 0 0 0 0 0 3 3
jcnd=3/3 +4 
* 
+12 6 0 0 0 0 0 0 0 0 3 1
jcnd=1/3 +22 
* 
+1 6 3 0 1 0 0 1 0 0 3
+1 6 3 0 0 0 0 0 0 0 3 2
jcnd=2/3 +20 
* 
+1 2 1 0 0 0 0 0 0 0 1 1
jcnd=1/1 +2 
* 
+19 45 40 0 1 0 0 1
164 2 0 2 1 0 0 1
-8 2 0 2
257 4 0 0 0 0 0 0 0 0 2 1
jcnd=1/2 +3 
* 
* 1
jump=1 387 
* 
+17 3 1 0 1 0 0 1 0 0 1 1
jcnd=1/1 +6 
* 
+60 2 0 0 0 0 0 0 0 0 1
-40 2 1
jump=1 +43 
* 
+76 4 3 0 1 0 0 1 0 0 1 1
jcnd=1/1 +2 
* 
+2 4 2 0 0 0 0 0 0 0 1
+4 2
jump=1 -3 
* 
-4 120 30 0 0 0 0 0 0 0 30 1
jcnd=1/30 +15 
* 
+1 60 0 0 1 0 0 1 0 0 30 3
jcnd=29/30 -1 
* 
+2 1 1
+1 2
-1 1
+1 1 0 1
cfi=(31)
cfn=(244)
calls=1 98 
* 32 7 0 4 1 0 4 1 0 6 1
* 2 0 0 0 0 0 0 0 0 1 1
jcnd=1/1 -4 
* 

fn=(240)
392 7 0 5 1 0 0 1
+4 5 0 0 0 0 0 0 0 0 1
-2 1
+4 2 1 0 1 0 0 1 0 0 1 1
jcnd=1/1 * 
* 
* 8 4 0 0 0 0 0 0 0 4 4
jcnd=4/4 * 
* 
* 20 0 5
cfn=(242)
calls=5 155 
* 12353 3673 778 45 58 37 45 57 37 2442 288 50 33
-2 5 5
+2 15
-1 5
-1 10 0 0 0 0 0 0 0 0 5 4
jcnd=4/5 +2 
* 
+5 7 6

fl=(23)
fn=(64)
37 4 0 2 1 0 0 1
+3 1 1
-3 2 0 1
+21 2 0 0 0 0 0 0 0 0 1
+4 2 0 0 0 0 0 0 0 0 1 1
jcnd=1/1 +16 
* 
+16 5 4 0 1 0 0 1

fl=(140)
fn=(436)
117 25 0 0 2 0 0 2 0 0 5 2
+5 5 5

fn=(486)
117 5 0 0 0 0 0 0 0 0 1
+5 1 1

ob=(3)
fl=(153)
fn=(1808) 0x00000000048a2590
0 8 4 0 2 1 0 1 0 0 0 0 4 1
cob=(2)
cfi=(206) ./string/../sysdeps/x86_64/multiarch/strchr-avx2.S
cfn=(1810) __strchrnul_avx2
calls=4 53 
0 76 8 0 4 2 0 2 2 0 8

fn=(618) 0x00000000048a23f0
0 6 3 0 1 0 0 1 0 0 0 0 3 1
cob=(2)
cfi=(194)
cfn=(620) malloc
calls=3 3294 
0 2187 272 353 67 26 48 67 13 47 402 84 12

fn=(664) 0x00000000048a2680
0 2 1 0 1 0 0 1 0 0 0 0 1 1
cob=(2)
cfi=(206)
cfn=(666) __strchr_avx2
calls=1 53 
0 21 3 0 2 1 0 2 1 0 3 1

fn=(772) 0x00000000048a2450
0 12 6 0 3 0 0 1 0 0 0 0 6 1
cob=(2)
cfi=(194)
cfn=(774)
calls=6 3699 
0 1506 283 160 27 0 16 15 0 16 261 54 3

fn=(706) 0x00000000048a26b0
0 9088 4544 0 1658 733 0 0 0 0 0 0 4544 1191
cob=(2)
cfi=(214) ./string/../sysdeps/x86_64/multiarch/memmove-vec-unaligned-erms.S
cfn=(708) __memcpy_avx_unaligned_erms
calls=4544 255 
0 388817 278889 272604 2797 9858 17237 12 1 2392 253093 4696

fn=(1746) 0x00000000048a2700
0 4 2 0 2 0 0 0 0 0 0 0 2 1
cob=(1)
cfi=(46)
cfn=(1748)
calls=2 626 
0 1332 284 198 61 2 18 9 1 18 226 53 8 3

ob=(1)
fl=(8)
fn=(14)
25 5 0 0 1 0 0 1
+3 5 5
-3 5
+3 10 0 0 1 0 0 1 0 0 5
+3 15 10 0 0 0 0 0 0 0 5
+1 10 5 5 0 4 1 0 4 1
+2 5 5
-1 5 5
+3 15 0 0 0 0 0 0 0 0 5
+1 5 0 5
+1 10 5
+7 5
-5 5 0 5
-2 5 0 5 1 0 0 1
+3 10
+2 5 0 5
+2 10 0 5
+5 5 5

ob=(6)
fl=(300) /home/hatch/.rustup/toolchains/nightly-x86_64-unknown-linux-gnu/lib/rustlib/src/rust/library/core/src/result.rs
fn=(1386) <core::result::Result<core::option::Option<rustgres::wal::Frame>, core::io::error::Error> as core::ops::try_trait::Try>::branch
2175 3 0 3 1 0 0 1
+1 6 1 0 0 0 0 0 0 0 1 1
0 2 2 0 1 0 0 1
2177 16 8 8 1 0 0 1
0 1 1
2180 1 1

fn=(1770) <core::result::Result<std::thread::join_handle::JoinHandle<()>, core::io::error::Error>>::expect
1178 18 0 16 2 0 0 1
+4 14 2 0 2 0 0 1 0 0 2 2
0 6 6 0 2 0 0 1
1183 12 6 6
+3 4 2

fn=(1986) <core::result::Result<(i32, alloc::vec::Vec<u8>), core::io::error::Error> as core::ops::try_trait::FromResidual<core::result::Result<!, core::io::error::Error>>>::from_residual
2188 2 0 1 1 0 0 1
+2 4 0 4 0 0 1 0 0 1
+2 1 1

fn=(2242) <core::result::Result<&[u8], core::io::error::Error> as core::ops::try_trait::Try>::branch
2175 3 0 3 1 0 0 1
+1 7 1 0 1 0 0 1 0 0 1 1
0 2 2 0 1 0 0 1
2177 6 2 4
0 1 1
2180 1 1

fn=(3302) <core::result::Result<rustgres::sql::Literal, rustgres::sql::SqlError> as core::ops::try_trait::Try>::branch
2175 2376 0 2376 396
+1 1584 792 0 396 0 0 1 0 0 792 4
0 1584 1584 0 396 0 0 1
2177 10296 4752 5544 396 0 0 1
0 792 792
2180 792 792

fn=(3304) <core::result::Result<rustgres::sql::InsertValue, rustgres::sql::SqlError> as core::ops::try_trait::Try>::branch
2175 2376 0 2376 396 0 0 1
+1 1584 792 0 0 0 0 0 0 0 792 5
0 1584 1584 0 396 0 0 1
2177 10296 4752 5544 396 0 0 1
0 792 792
2180 792 792

fn=(2762) <core::result::Result<alloc::string::String, rustgres::sql::SqlError> as core::ops::try_trait::Try>::branch
2175 1209 0 1209 399 0 0 1
+1 806 403 0 399 0 0 1 0 0 403 2
0 806 806 0 399 0 0 1
2177 5239 2418 2821 399 0 0 1
0 403 403
2180 403 403

fn=(2764) <core::result::Result<rustgres::sql::Stmt, rustgres::sql::SqlError> as core::ops::try_trait::Try>::branch
2175 4764 0 3573 1191 0 0 1
+1 7146 1191 0 0 0 0 0 0 0 1191 2
0 1191 1191 0 1191 0 0 1
2177 3573 0 1191 795 0 0 1
cob=(2)
cfi=(214)
cfn=(708)
calls=1191 255 
* 26202 7146 4764 0 0 0 0 0 0 5955 6
* 1191 1191 0 0 0 0 0 0 0 0 0 1191
* 4764 1191 1191
cob=(2)
cfi=(214)
cfn=(708)
calls=1191 255 
* 26202 7146 4764 0 0 0 0 0 0 5955 1192
* 1191 1191 0 0 0 0 0 0 0 0 0 1191
0 1191 1191
2180 2382 1191

fn=(1564) <core::result::Result<std::net::tcp::TcpListener, core::io::error::Error>>::expect
1178 7 0 6 1 0 0 1
+4 3 1 0 0 0 0 0 0 0 1 1
0 1 1 0 1 0 0 1
1183 2 1 1
+3 2 1

fn=(1982) <core::result::Result<i32, core::io::error::Error> as core::ops::try_trait::FromResidual<core::result::Result<!, core::io::error::Error>>>::from_residual
2188 2 0 1 1 0 0 1
+2 4 0 4
+2 1 1

fn=(2412) <core::result::Result<&str, core::io::error::Error> as core::ops::try_trait::Try>::branch
2175 3573 0 3573 1191 0 0 1
+1 8337 1191 0 0 0 0 0 0 0 1191 2
0 2382 2382 0 1191 0 0 1
2177 7146 2382 4764
0 1191 1191
2180 1191 1191 0 1191

fn=(2758) <core::result::Result<(), rustgres::sql::SqlError> as core::ops::try_trait::Try>::branch
2175 3579 0 3579 399 0 327 1
+1 7158 1193 0 0 0 0 0 0 0 1193 403
0 1193 1193 0 399 0 0 1
2177 1193 0 1193
0 1193 1193
2180 1193 1193

fn=(2410) <core::result::Result<&str, core::str::error::Utf8Error>>::map_err::<core::io::error::Error, <rustgres::protocol::Cursor>::read_cstring::{closure#2}>
961 4764 0 3573 2382 0 0 2
+4 2382 1191 0 0 0 0 0 0 0 1191 2
0 2382 2382 0 1191 0 0 1
966 7146 2382 4764
0 1191 1191
969 2382 1191 0 1191 0 0 1

fn=(2970) <core::result::Result<rustgres::storage::ColType, rustgres::sql::SqlError> as core::ops::try_trait::Try>::branch
2175 6 0 6 1 0 0 1
+1 12 2 0 0 0 0 0 0 0 2 2
0 4 4 0 1 0 0 1
2177 8 2 6
0 2 2
2180 2 2

fn=(1256) <core::result::Result<(rustgres::storage::Database, u64), core::io::error::Error> as core::ops::try_trait::Try>::branch
2175 4 0 3 1 0 0 1
+1 7 1 0 0 0 0 0 0 0 1 1
0 1 1 0 1 0 0 1
2177 3 0 1
cob=(2)
cfi=(214)
cfn=(708)
calls=1 255 
* 12 3 2 0 0 0 0 0 0 2
* 1 1 0 0 0 0 0 0 0 0 0 1
* 4 1 1 1 0 0 1
cob=(2)
cfi=(214)
cfn=(708)
calls=1 255 
* 12 3 2 0 0 1 0 0 0 2
* 1 1 0 0 0 0 0 0 0 0 0 1
0 1 1
2180 2 1

fn=(1306) <core::result::Result<u64, core::io::error::Error> as core::ops::try_trait::Try>::branch
2175 6 0 6 1 0 0 1
+1 6 3 0 0 0 0 0 0 0 3 3
jcnd=3/3 +1 
* 
+1 12 3 9 1 0 0 1
+3 9 9

fn=(1320) <core::result::Result<core::option::Option<u64>, core::io::error::Error> as core::ops::try_trait::Try>::branch
2175 3 0 3 1 0 0 1
+1 6 1 0 0 0 0 0 0 0 1 1
0 2 2 0 1 0 0 1
2177 6 2 4
0 1 1
2180 1 1

fn=(1944) <core::result::Result<std::net::tcp::TcpStream, core::io::error::Error>>::expect
1178 14 0 12 4 0 0 2
+4 6 2 0 0 0 0 0 0 0 2 1
0 2 2 0 2 0 0 1
1183 4 2 2
+3 4 2

fn=(1990) <core::result::Result<(), core::io::error::Error> as core::ops::try_trait::FromResidual<core::result::Result<!, core::io::error::Error>>>::from_residual
2188 2 0 1 1 0 0 1
+2 2 0 2
+2 1 1

fn=(2384) <core::result::Result<rustgres::protocol::FrontendMessage, core::io::error::Error> as core::ops::try_trait::Try>::branch
2175 3576 0 3576 1192 0 0 1
+1 7152 1192 0 0 0 0 0 0 0 1192 1
0 2384 2384 0 1192 0 0 1
2177 19072 9536 9536 1192 0 0 1
0 1192 1192
2180 1192 1192

fn=(2898) <core::result::Result<rustgres::exec::ExecResult, rustgres::exec::ExecError> as core::ops::try_trait::Try>::branch
2175 12 0 9 3 0 0 1
+1 18 3 0 0 0 0 0 0 0 3 2
0 3 3 0 3 0 0 1
2177 9 0 3
cob=(2)
cfi=(214)
cfn=(708)
calls=3 255 
* 36 9 6 0 0 1 0 0 0 6
* 3 3 0 0 0 0 0 0 0 0 0 3
* 12 3 3
cob=(2)
cfi=(214)
cfn=(708)
calls=3 255 
* 36 9 6 0 0 1 0 0 0 6 1
* 3 3 0 0 0 0 0 0 0 0 0 3
0 3 3
2180 6 3

fn=(1290) <core::result::Result<std::fs::Metadata, core::io::error::Error> as core::ops::try_trait::Try>::branch
2175 4 0 3 1 0 0 1
+1 6 1 0 0 0 0 0 0 0 1
0 1 1 0 1 0 0 1
2177 3 0 1
cob=(2)
cfi=(214)
cfn=(708)
calls=1 255 
* 30 10 8 0 0 0 0 0 0 5 1
* 1 1 0 0 0 0 0 0 0 0 0 1
* 4 1 1
cob=(2)
cfi=(214)
cfn=(708)
calls=1 255 
* 30 10 8 0 0 3 0 0 0 5 1
* 1 1 0 0 0 0 0 0 0 0 0 1
0 1 1
2180 2 1

fn=(2350) <core::result::Result<i32, std::time::SystemTimeError>>::unwrap_or
1587 3 0 3 1 0 0 1
+5 6 1 0 0 0 0 0 0 0 1 1
0 1 1
1593 2 1 1
0 1 1
1596 6 1 0 1 0 0 1 0 0 1 1
jcnd=1/1 * 
* 
* 2 2

fn=(3484) <core::result::Result<rustgres::storage::Value, rustgres::exec::ExecError> as core::ops::try_trait::Try>::branch
2175 3168 0 2376 396 0 0 1
+1 4752 792 0 0 0 0 0 0 0 792 3
0 1584 1584 0 396 0 0 1
2177 10296 4752 5544 396 0 0 1
0 792 792
2180 1584 792

fn=(1100) <core::result::Result<(), core::io::error::Error> as core::ops::try_trait::Try>::branch
2175 17521 0 17521 1194 0 0 1
+1 122647 17521 0 1194 0 0 1 0 0 17521 33
jcnd=17520/17521 +1 
* 
+2 4 1 2
jump=1 +2 
* 
-1 17520 0 17520
+3 35042 35042

fn=(1988) <core::result::Result<(i32, alloc::vec::Vec<u8>), core::io::error::Error> as core::ops::try_trait::Try>::branch
2175 6 0 6 2 0 0 1
+1 12 2 0 2 0 0 1 0 0 2 1
0 2 2
2178 5 1 3
0 2 2
2177 16 8 8 1
0 1 1
2180 1 1
0 1 1 0 1 0 0 1
2180 1 1

fn=(2704) <core::result::Result<alloc::vec::Vec<rustgres::sql::Token>, rustgres::sql::SqlError> as core::ops::try_trait::Try>::branch
2175 3573 0 3573 1191 0 0 1
+1 2382 1191 0 0 0 0 0 0 0 1191 30
0 2382 2382 0 1191 0 0 1
2177 15483 7146 8337 1191 0 0 1
0 1191 1191
2180 1191 1191

fn=(1276) <core::result::Result<std::fs::File, core::io::error::Error> as core::ops::try_trait::Try>::branch
2175 3 0 3 1 0 0 1
+1 3 1 0 0 0 0 0 0 0 1 1
0 2 2 0 1 0 0 1
2177 4 1 3
0 1 1
2180 1 1

fn=(2344) <core::result::Result<core::time::Duration, std::time::SystemTimeError>>::map::<i32, rustgres::server::run_connection::{closure#0}>
832 4 0 3 2 0 0 2
+4 2 1 0 0 0 0 0 0 0 1 1
0 1 1
837 5 2 3 1 0 0 1
cfi=(426) /home/hatch/workspace/rustgres/src/server.rs
cfn=(2346) rustgres::server::run_connection::{closure#0}
calls=1 151 
* 10 3 4 2 0 0 2
* 4 1 2
0 1 1
840 2 1

fn=(2406) <core::result::Result<usize, core::io::error::Error> as core::ops::try_trait::Try>::branch
2175 2382 0 2382 1191 0 0 1
+1 2382 1191 0 1191 0 0 1 0 0 1191 2
jcnd=1191/1191 +1 
* 
+1 4764 1191 3573
+3 3573 3573

fn=(3354) <core::result::Result<&mut rustgres::storage::Table, rustgres::exec::ExecError> as core::ops::try_trait::Try>::branch
2175 1584 0 1188 396 0 0 1
+1 2376 396 0 0 0 0 0 0 0 396 3
0 792 792 0 792 0 0 2
2177 1584 396 1188
0 396 396
2180 792 396

fn=(1984) <core::result::Result<i32, core::io::error::Error> as core::ops::try_trait::Try>::branch
2175 3585 0 3585 1193 0 0 1
+1 3585 1195 0 0 0 0 0 0 0 1195 3
0 2 2
2178 5 1 3 1 0 0 1
0 2388 2388 0 1192
2177 4776 1194 3582
0 1194 1194
2180 1194 1194
0 1 1
2180 1 1

fn=(2428) <core::result::Result<alloc::string::String, core::io::error::Error> as core::ops::try_trait::Try>::branch
2175 3573 0 3573 1191 0 0 1
+1 7146 1191 0 0 0 0 0 0 0 1191 8
0 2382 2382 0 1191 0 0 1
2177 14292 7146 7146 1191
0 1191 1191
2180 1191 1191

fl=(366) /home/hatch/.rustup/toolchains/nightly-x86_64-unknown-linux-gnu/lib/rustlib/src/rust/library/std/src/thread/functions.rs
fn=(1644) std::thread::functions::spawn::<rustgres::main::{closure#0}, ()>
125 8 0 4 4 0 0 2
fi=(367) /home/hatch/.rustup/toolchains/nightly-x86_64-unknown-linux-gnu/lib/rustlib/src/rust/library/std/src/thread/builder.rs
-46 24 10 14 2 1 0 1 1
191 6 0 2
cfn=(1646) <std::thread::builder::Builder>::spawn_unchecked::<rustgres::main::{closure#0}, ()>
calls=2 +63 
* 7757 1936 1560 448 32 50 183 9 45 1082 224 76 28
0 2 2 0 2
fe=(366)
131 10 0 2
cfi=(300)
cfn=(1770)
calls=2 1178 
* 54 16 22 6 0 0 3 0 0 2 2
* 2 2
+1 4 2

fl=(485) /home/hatch/.rustup/toolchains/nightly-x86_64-unknown-linux-gnu/lib/rustlib/src/rust/library/std/src/sync/poison.rs
fn=(3136) std::sync::poison::map_result::<std::sync::poison::Guard, std::sync::poison::mutex::MutexGuard<rustgres::wal::Wal>, <std::sync::poison::mutex::MutexGuard<rustgres::wal::Wal>>::new::{closure#0}>
379 3980 0 2388 398 0 0 1
+4 1990 398 0 0 0 0 0 0 0 398 1
0 398 398 0 398 0 0 1
384 2786 398 796
cfi=(353) /home/hatch/.rustup/toolchains/nightly-x86_64-unknown-linux-gnu/lib/rustlib/src/rust/library/std/src/sync/poison/mutex.rs
cfn=(3138) <std::sync::poison::mutex::MutexGuard<rustgres::wal::Wal>>::new::{closure#0}
calls=398 720 
* 2786 398 796 1
* 2388 398 1194 0 0 250
0 398 398
388 796 398 0 14

fn=(2796) <std::sync::poison::Flag>::guard
115 3579 0 2386 797 0 0 1
fi=(369) /home/hatch/.rustup/toolchains/nightly-x86_64-unknown-linux-gnu/lib/rustlib/src/rust/library/core/src/sync/atomic.rs
3141 1193 0 1193
769 1193 0 1193
fi=(424) /home/hatch/.rustup/toolchains/nightly-x86_64-unknown-linux-gnu/lib/rustlib/src/rust/library/std/src/panicking.rs
462 2386 1193 1193 0 281
fi=(369)
3143 3579 1193 1193 797 0 0 1
cfn=(1654) core::sync::atomic::atomic_load::<usize, false>
calls=1193 4315 
* 22667 7158 5965 3440 530 0 0 0 0 0 0 1193
fi=(424)
462 4772 0 0 0 0 0 0 0 0 1193
+10 1193 0 1193
-10 1193
0 1193 1193
603 3579 1193 1193
fe=(485)
116 2386 0 1193
fi=(354) /home/hatch/.rustup/toolchains/nightly-x86_64-unknown-linux-gnu/lib/rustlib/src/rust/library/core/src/cell.rs
2437 1193 0 1193 797 0 0 1
fi=(369)
773 2386 0 1193
cfn=(2800) core::sync::atomic::atomic_load::<u8, false>
calls=1193 4315 
* 22667 7158 5965 1947 795 0 2 0 0 0 0 1193 398
* 1193
fe=(485)
120 1193 0 0 0 0 0 0 0 0 1193
0 1193 1193
120 4772 0 2386
jump=1193 +1 
* 
+1 4772 3579

fn=(2922) <std::sync::poison::Flag>::done
125 4772 0 3579 795 0 0 1
fi=(369)
3141 1193 0 1193
835 2386 0 2386
fe=(485)
126 2386 1193 0 0 0 0 0 0 0 1193 1
fi=(424)
462 2386 1193 1193 0 509
fi=(369)
3143 3579 1193 1193 795 0 0 1
cfn=(1654)
calls=1193 4315 
* 22667 7158 5965 706 970 0 0 0 0 0 0 1193
fi=(424)
462 4772 0 0 0 0 0 0 0 0 1193 801
jfi=(485)
jcnd=1193/1193 126 
* 
fe=(485)
129 2386 1193
-3 1193
jump=1193 +3 
* 

fn=(2804) std::sync::poison::map_result::<std::sync::poison::Guard, std::sync::poison::mutex::MutexGuard<rustgres::storage::Database>, <std::sync::poison::mutex::MutexGuard<rustgres::storage::Database>>::new::{closure#0}>
379 7950 0 4770 795 0 0 1
+4 3975 795 0 795 0 0 1 0 0 795 4
0 795 795 0 795 0 0 1
384 5565 795 1590
cfi=(353)
cfn=(2806) <std::sync::poison::mutex::MutexGuard<rustgres::storage::Database>>::new::{closure#0}
calls=795 720 
* 5565 795 1590 795 0 0 1
* 4770 795 2385 795 0 0 1
0 795 795
388 1590 795

fl=(177) /rustc/4aa1fbcf467cf38ce58abfa8eb9213a789c5381c/library/core/src/sync/atomic.rs
fn=(1058) core::io::error::os_functions::get_os_functions
4319 8 8 0 1 0 0 1
fi=(294) /rustc/4aa1fbcf467cf38ce58abfa8eb9213a789c5381c/library/core/src/io/error/os_functions_atomic.rs
27 4 4
fe=(177)

fn=(1410) <std::sync::once_lock::OnceLock<std::sync::reentrant_lock::ReentrantLock<core::cell::RefCell<alloc::io::buffered::linewriter::LineWriter<std::io::stdio::StdoutRaw>>>>>::initialize::<<std::sync::once_lock::OnceLock<std::sync::reentrant_lock::ReentrantLock<core::cell::RefCell<alloc::io::buffered::linewriter::LineWriter<std::io::stdio::StdoutRaw>>>>>::get_or_init<std::io::stdio::stdout::{closure#0}>::{closure#0}, !>
4320 1 1 0 1 0 0 1
fi=(334) /rustc/4aa1fbcf467cf38ce58abfa8eb9213a789c5381c/library/std/src/sys/sync/once/futex.rs
87 1
fi=(335) /rustc/4aa1fbcf467cf38ce58abfa8eb9213a789c5381c/library/std/src/sync/once.rs
222 1 0 0 0 0 0 0 0 0 1 1
fi=(333) /rustc/4aa1fbcf467cf38ce58abfa8eb9213a789c5381c/library/std/src/sync/once_lock.rs
0 3 0 1
fi=(335)
226 6 0 2 1 0 0 1
+1 7 2 3 0 0 0 0 0 0 0 0 1 1
cfi=(334)
cfn=(1414) <std::sys::sync::once::futex::Once>::call
calls=1 -81 
* 131 36 32 7 1 1 7 0 0 15 2 4 3
* 2 1
fi=(333)
586 1 1
fe=(177)

fn=(1664) <std::thread::id::ThreadId>::new
4319 2 2 0 2 0 0 1
0 2
fi=(173) /rustc/4aa1fbcf467cf38ce58abfa8eb9213a789c5381c/library/core/src/num/uint_macros.rs
968 2
fi=(301) /rustc/4aa1fbcf467cf38ce58abfa8eb9213a789c5381c/library/core/src/intrinsics/mod.rs
486 2 0 0 0 0 0 0 0 0 2
fi=(173)
968 2
fe=(177)
4465 2 0 2 2 0 0 1
fi=(370) /rustc/4aa1fbcf467cf38ce58abfa8eb9213a789c5381c/library/std/src/thread/id.rs
53 2 0 0 0 0 0 0 0 0 2
+52 4 2
fe=(177)

fn=(1052) core::io::error::os_functions::set_functions::set_functions_inner
4303 2 1 1 1 0 0 1
fi=(294)
38 1 1
fe=(177)

fl=(309) /home/hatch/.rustup/toolchains/nightly-x86_64-unknown-linux-gnu/lib/rustlib/src/rust/library/std/src/thread/local.rs
fn=(1186) <std::thread::local::LocalKey<core::cell::Cell<(u64, u64)>>>::with::<<std::hash::random::RandomState>::new::{closure#0}, std::hash::random::RandomState>
423 9 0 3 2 0 0 1
+4 6 0 3
cfn=(1188) <std::thread::local::LocalKey<core::cell::Cell<(u64, u64)>>>::try_with::<<std::hash::random::RandomState>::new::{closure#0}, std::hash::random::RandomState>
calls=3 +31 
* 705 174 220 63 3 9 32 1 5 44 16 7 4
* 6 3 0 0 0 0 0 0 0 3 3
jcnd=3/3 +1 
* 
+1 12 6 6
+3 6 3

fn=(1188)
458 12 0 9 2 0 0 1
+4 12 3 6 0 2 0 0 0 0 0 0 3 1
cfi=(250) /home/hatch/.rustup/toolchains/nightly-x86_64-unknown-linux-gnu/lib/rustlib/src/rust/library/core/src/ops/function.rs
cfn=(1190) <<std::hash::random::RandomState>::new::KEYS::{K#0}::{closure#1} as core::ops::function::FnOnce<(core::option::Option<&mut core::option::Option<core::cell::Cell<(u64, u64)>>>,)>>::call_once
calls=3 250 
* 570 132 151 55 1 9 28 1 5 41 16 4 3
* 6 0 6
0 3 3
fi=(280) /home/hatch/.rustup/toolchains/nightly-x86_64-unknown-linux-gnu/lib/rustlib/src/rust/library/core/src/ptr/const_ptr.rs
38 3 0 0 2 0 0 1
271 3 0 0 0 0 0 0 0 0 3
0 3 3
271 3 0 3
fi=(265) /home/hatch/.rustup/toolchains/nightly-x86_64-unknown-linux-gnu/lib/rustlib/src/rust/library/core/src/option.rs
1337 9 3 6
fi=(300)
2177 9 3 6
fe=(309)
462 6 3 3
+1 6 0 6
cfi=(314) /home/hatch/.rustup/toolchains/nightly-x86_64-unknown-linux-gnu/lib/rustlib/src/rust/library/std/src/hash/random.rs
cfn=(1232) <std::hash::random::RandomState>::new::{closure#0}
calls=3 71 
* 24 9 9
* 9 0 6 2 0 0 1
0 9 9
463 9 0 9 2 0 0 1
0 3 3
464 6 3

fl=(329) /home/hatch/.rustup/toolchains/nightly-x86_64-unknown-linux-gnu/lib/rustlib/src/rust/library/alloc/src/io/read.rs
fn=(1380) alloc::io::read::default_read_exact::<std::fs::File>
1037 5 0 4 1 0 0 1
+1 4 2 2
fi=(325) /home/hatch/.rustup/toolchains/nightly-x86_64-unknown-linux-gnu/lib/rustlib/src/rust/library/core/src/slice/mod.rs
139 1 0 0 1 0 0 1
fe=(329)
1038 1 0 0 0 0 0 0 0 0 1
0 1 1
1039 3 3 1 0 0 0 0 0 0 0 0 1 1
cfi=(286) /rustc/4aa1fbcf467cf38ce58abfa8eb9213a789c5381c/library/std/src/fs.rs
cfn=(1312) <std::fs::File as alloc::io::read::Read>::read
calls=1 1498 
* 25 8 4 0 0 1 0 0 0 3 1 1
* 5 1 2 0 0 0 0 0 0 1
jump=1 * 
* 
* 2 1 0 1 0 0 1 0 0 1
fi=(251) /home/hatch/workspace/rustgres/src/main.rs
0 1
jfi=(329)
jump=1 1048 
0 
fe=(329)
1048 4 2 2 1 0 0 1
fi=(325)
139 1
fe=(329)
1048 2 0 0 0 0 0 0 0 0 1
jump=1 * 
* 
+1 3 2 0 1 0 0 1
-1 3 0 1 1 0 0 1
jump=1 +1 
* 
+1 1
jump=1 * 
* 

fn=(1968) alloc::io::read::default_read_exact::<std::net::tcp::TcpStream>
1037 17895 0 14316 1193 0 514 0 0 4
+1 14316 7158 7158 1193 0 522 1
fi=(325)
139 3579
fe=(329)
1038 3579 0 0 0 0 0 0 0 0 3579 2
* 14308 7154 7154
fi=(325)
139 3577
fe=(329)
1038 3577 0 0 0 0 0 0 0 0 3577 2
0 3578 3578
1039 10734 10734 3578 0 0 0 0 0 0 0 0 3578 1
cfi=(431) /rustc/4aa1fbcf467cf38ce58abfa8eb9213a789c5381c/library/std/src/net/udp.rs
cfn=(1970) <std::net::udp::UdpSocket>::recv
calls=3578 737 
* 293396 75138 53670 4779 428 1083 7 0 4 32202 2429 3578 1
* 17890 3578 7156 1193 0 0 1 0 0 3578
jump=3578 * 
* 
fi=(251)
0 3578
jfi=(329)
jump=3578 1048 
0 
fe=(329)
1039 7156 3578 0 0 0 0 0 0 0 3578 2
jcnd=3577/3578 +2 
* 
fi=(251)
0 1
jfi=(329)
jump=1 1048 
0 
fe=(329)
1041 10731 3577 7154
fi=(319) /home/hatch/.rustup/toolchains/nightly-x86_64-unknown-linux-gnu/lib/rustlib/src/rust/library/core/src/slice/index.rs
557 17885 3577 3577 1191 0 0 0 0 0 3577
fe=(329)
1048 14316 7158 7158 1 0 1 1 0 1
fi=(325)
139 3579
fe=(329)
1048 3579 0 0 0 0 0 0 0 0 3579 3
jcnd=3578/3579 * 
* 
* 1
jump=1 * 
* 
0 7154 7154
fi=(319)
562 7154 0 3577 1192 0 1 1 0 1
+1 14308 7154 7154
102 3577
563 7154 0 7154
fe=(329)
1043 3577
jump=3577 +3 
* 
+3 10731 3577 0 1192 0 0 1 0 0 3577
jump=3577 -8 
* 
+3 10737 7158 0 1 0 0 1
-11 3577 0 0 1192
jump=3577 * 
* 
+10 3 0 1 1 0 0 1
jump=1 +1 
* 
* 3578 0 3578 1192
+1 3578
jump=3578 * 
* 
* 1
jump=1 * 
* 

fn=(1378) <std::fs::File as alloc::io::read::Read>::read_exact
396 4 0 3 1 0 0 1
+1 1 0 1
cfn=(1380)
calls=1 1037 
* 62 20 16 6 0 1 6 0 0 7 1 2 1
+1 2 1

fn=(1966) <std::net::tcp::TcpStream as alloc::io::read::Read>::read_exact
396 14316 0 10737 1193 0 0 1
+1 3579 0 3579
cfn=(1968)
calls=3579 1037 
* 522384 150273 132385 14320 428 2121 14 0 10 57247 2438 7156 2
+1 7158 3579

fl=(373) /rustc/4aa1fbcf467cf38ce58abfa8eb9213a789c5381c/library/core/src/mem/alignment.rs
fn=(1674) alloc::sync::arcinner_layout_for_value_layout
289 6 0 0 2 0 0 1
fi=(374) /rustc/4aa1fbcf467cf38ce58abfa8eb9213a789c5381c/library/core/src/alloc/layout.rs
+84 6
508 2
97 4
-22 2
+38 2 0 0 0 0 0 0 0 0 2
373 10
fi=(375) /rustc/4aa1fbcf467cf38ce58abfa8eb9213a789c5381c/library/alloc/src/sync.rs
+53 2 2
fe=(373)

fl=(162)
fn=(812) __rustc::__rust_no_alloc_shim_is_unstable_v2
0 186645 186645 0 1 0 0 1

fn=(1902) __rust_try
0 14 2 8 4 0 0 2 0 0 0 0 2 1
cfi=(424)
cfn=(2084) std::panicking::catch_unwind::do_call::<core::panic::unwind_safe::AssertUnwindSafe<<std::thread::lifecycle::Packet<()> as core::ops::drop::Drop>::drop::{closure#0}>, ()>
calls=2 569 
0 116 30 40 11 0 2 4 0 0 4 2
0 24 4 8 2 0 0 1 0 0 0 0 2 1
cfi=(424)
cfn=(1904) std::panicking::catch_unwind::do_call::<core::panic::unwind_safe::AssertUnwindSafe<std::thread::lifecycle::spawn_unchecked<rustgres::main::{closure#0}, ()>::{closure#1}::{closure#0}>, ()>
calls=2 569 
0 231944057 61209796 62611060 1477154 985595 139987 2153 36 3382 21583055 432935 2166066 343914
0 10 2 0 2 1

fn=(2664) <[u8]>::ends_with
0 2382 0 0 0 0 0 0 0 0 1191 2
0 9528 1191 2382 1191 586 0 1 0 0 0 0 1191 1
cob=(2)
cfi=(477) ./string/../sysdeps/x86_64/multiarch/memcmp-avx2-movbe.S
cfn=(2666) __memcmp_avx2_movbe
calls=1191 73 
0 11910 3573 0 3573 0 0 3 0 0 3573 4
0 4764 2382

fn=(1346) core::slice::copy_from_slice_impl::<u8>
0 12 2 0 1 0 0 1 0 0 2 0 2 1
cob=(2)
cfi=(214)
cfn=(708)
calls=2 255 
0 26 6 4 0 1 0 0 1 0 6 4

fn=(2268) <alloc::raw_vec::RawVecInner<_>>::reserve::do_reserve_and_handle::<alloc::alloc::Global>
0 35805 11935 23870 1192 445 0 1 0 0 0 0 11935 1
cfn=(2270) <alloc::raw_vec::RawVecInner>::grow_amortized
calls=11935 0 
0 4102491 1076301 807179 70594 15759 20314 23 1 2566 799364 51620 45971 1193
0 47740 23870 0 1190 0 0 1 0 0 11935 48

fn=(2272) <alloc::raw_vec::RawVecInner>::finish_grow
0 302200 0 75550 3179 0 1 2 0 0 15110 19
0 90660 15110 0 0 0 0 0 0 0 30220 7157
0 31795 6359 6359 1585
0 35004 8751 8751 401 0 0 1 0 0 8751 4
0 57231 19077 12718 0 772 1 0 0 0 12718 0 6359 1
cfn=(1126) __rustc::__rust_realloc
calls=6359 0 
0 2907593 814517 587196 62391 15467 22204 21 3 2771 687694 48519 10841 1189
0 6359
0 17502 0 0 0 0 0 0 0 0 8751 2
0 8751 8751 8751 0 0 0 0 0 0 0 0 8751 1
cfn=(812)
calls=8751 0 
0 8751 8751
0 26253 8751 8751 401 0 0 1 0 0 0 0 8751 1
cfn=(814) __rustc::__rust_alloc
calls=8751 0 
0 590092 138908 74908 1543 1870 450 0 0 7 94785 7171 8751
0 90660 0 15110 1188 0 0 0 0 0 15110
0 151100 90660 30220

fn=(1952) <alloc::raw_vec::RawVecInner>::try_allocate_in
0 1825866 0 608622 2776 0 249 2 0 2 86946 414
0 173892 0 0 0 0 0 0 0 0 86946 4
0 173888 86944 86944 0 146 1265 0 0 0 0 0 86944 2
cfn=(812)
calls=86944 0 
0 86944 86944
0 347776 0 0 0 0 0 0 0 0 86944 415
0 1192 1192 1192 0 0 0 0 0 0 0 0 1192 1190
cfn=(2220) __rustc::__rust_alloc_zeroed
calls=1192 0 
0 280331 62519 30035 17587 307 220 2 0 2 50216 5028 1192 1
0 1192
0 6 0 4
0 85752 85752 85752 1589 0 0 1 0 0 0 0 85752 1
cfn=(814)
calls=85752 0 
0 30744835 6379303 4314145 30846 328605 17978 18 0 65 5546347 91827 85752
0 1304182 608622 260834 395 186 203 0 0 0 86944 1

fn=(896) <alloc::raw_vec::RawVec<u8> as core::ops::drop::Drop>::drop
0 296694 98898 0 1986 560 0 1 0 0 0 0 98898 5
cfn=(898) <alloc::raw_vec::RawVecInner>::deallocate
calls=98898 0 
0 13729375 3673469 1500636 4229 78019 529 18 0 0 2400167 16975 197794 3579

fn=(2270)
0 30220 0 0 2244 0 0 1 0 0 15110 17
0 407970 30220 75550 2383 753 0 1 0 0 15110 1 15110 1
cfn=(2272)
calls=15110 0 
0 4323951 1119635 828314 70688 18109 22656 25 3 2778 873139 62872 43453 1192
0 30220 15110 0 0 0 0 0 0 0 15110 61
0 151100 90660 30220

fn=(566) main
0 8 2 2 1 1 0 1
cfi=(170) /home/hatch/.rustup/toolchains/nightly-x86_64-unknown-linux-gnu/lib/rustlib/src/rust/library/std/src/rt.rs
cfn=(568) std::rt::lang_start::<()>
calls=1 199 
0 120664 26637 17774 1627 217 208 1269 80 117 20323 1510 703 227

fn=(814)
0 185453
cfi=(243) /rustc/4aa1fbcf467cf38ce58abfa8eb9213a789c5381c/library/std/src/alloc.rs
cfn=(816) __rustc::__rdl_alloc
calls=185453 467 
0 46328377 10013432 6433614 38954 347595 35805 27 0 115 8403319 201230 185453 2

fn=(1126)
0 6768
cfi=(243)
cfn=(1128) __rustc::__rdl_realloc
calls=6768 484 
0 2929978 821583 591982 62424 15474 22214 25 3 2776 691395 48994 11258 1191

fn=(534)
0 12 2 3 2 0 0 2 0 0 0 0 1 1
cob=(2)
cfi=(163) ./csu/../csu/libc-start.c
cfn=(536) __libc_start_main@@GLIBC_2.34
calls=1 242 
0 120919 26700 17836 1653 230 210 1295 81 118 20347 1516 708 232

fn=(898)
0 1119804 186634 0 1192 2292 0 1 0 0 373268 702
0 931175 186235 186235 1194 12696 0 1
0 1995 399 399 0 0 0 0 0 0 399 5
0 1489880 558705 186235 0 0 0 0 0 0 372470 853 186235 1
cfn=(900) __rustc::__rust_dealloc
calls=186235 0 
0 22718335 6078134 2482701 9436 87982 556 24 0 0 3882900 27578 186235 3974
0 399 399

fn=(900)
0 186637 0 0 1
cfi=(244) /rustc/4aa1fbcf467cf38ce58abfa8eb9213a789c5381c/library/std/src/sys/alloc/unix.rs
cfn=(902) __rustc::__rdl_dealloc
calls=186637 65 
0 22571538 6089539 2488733 9493 88777 604 62 2 46 3888145 28034 186637 3974

fn=(2220)
0 1192
cfi=(243)
cfn=(2222) __rustc::__rdl_alloc_zeroed
calls=1192 499 
0 279139 62519 30035 17587 307 220 2 0 2 50216 5028 1192 1

fn=(2266) <alloc::vec::Vec<u8>>::reserve
0 265050 88350 0 2411 0 0 1 0 0 44175 3658
0 60893 44175 0 0 774 0 0 0 0 0 0 8359 1
cfn=(2268)
calls=8359 0 
0 1994243 445813 310929 21520 3363 1304 10 0 61 275583 20508 40970 7

fn=(548) 0x000000000003b480
0 9 0 0 1 0 0 1 0 0 1 1
0 3 1 0 1 0 0 1

fn=(892) <alloc::vec::Vec<u8> as core::ops::drop::Drop>::drop
0 98898 98898 0 2356 0 0 1

fl=(271) /rustc/4aa1fbcf467cf38ce58abfa8eb9213a789c5381c/library/core/src/slice/memchr.rs
fn=(1444) core::slice::memchr::memrchr_aligned
123 60 0 50 1 0 0 1
fi=(233) /rustc/4aa1fbcf467cf38ce58abfa8eb9213a789c5381c/library/core/src/ptr/mod.rs
2383 20
+1 30
fi=(302) /rustc/4aa1fbcf467cf38ce58abfa8eb9213a789c5381c/library/core/src/slice/mod.rs
4533 20 0 0 0 0 0 0 0 0 10
2064 20 0 0 1 0 0 1
4487 10
fe=(271)
140 20
fi=(290) /rustc/4aa1fbcf467cf38ce58abfa8eb9213a789c5381c/library/core/src/slice/index.rs
544 10 0 0 0 0 0 0 0 0 10
0 10
fi=(178) /rustc/4aa1fbcf467cf38ce58abfa8eb9213a789c5381c/library/core/src/ptr/non_null.rs
1663 10
fi=(288) /rustc/4aa1fbcf467cf38ce58abfa8eb9213a789c5381c/library/core/src/slice/iter/macros.rs
25 10 0 0 0 0 0 0 0 0 10 5
* 15
-25 5
fe=(271)
144 5 5 0 0 1 0 0 1
fi=(288)
402 5 0 0 0 0 0 0 0 0 5 1
fe=(271)
144 24 24
fi=(288)
402 24 0 0 0 0 0 0 0 0 24
fi=(178)
1663 112 0 0 1 0 0 1
fi=(288)
25 28 0 0 0 0 0 0 0 0 28 12
jfi=(271)
jcnd=24/28 144 
* 
-25 18
fi=(340) /rustc/4aa1fbcf467cf38ce58abfa8eb9213a789c5381c/library/core/src/num/mod.rs
1487 27
0 18
fe=(271)
154 18 0 0 0 0 0 0 0 0 9 5
fi=(340)
0 3
fe=(271)
154 6 0 0 0 0 0 0 0 0 3 2
+4 6 3 0 1 0 0 1
+4 3
19 12 3
163 3
19 9
164 12 0 0 0 0 0 0 0 0 3 3
0 9
fi=(173)
1122 9 0 0 0 0 0 0 0 0 9
fi=(178)
1663 9
fi=(288)
25 9 0 0 0 0 0 0 0 0 9 1
-25 24
fe=(271)
172 8 8 0 1 0 0 1
fi=(288)
402 8 0 0 0 0 0 0 0 0 8 1
fe=(271)
172 15 15
fi=(288)
402 15 0 0 0 0 0 0 0 0 15
fi=(178)
1663 22
fi=(288)
25 22 0 0 0 0 0 0 0 0 22 16
jfi=(271)
jcnd=15/22 172 
* 
* 7
jfi=(271)
jump=7 173 
* 
-25 4
jfi=(271)
jump=2 173 
0 
0 1
fe=(271)
173 70 50

fl=(286)
fn=(1014) <std::fs::DirBuilder>::_create
3734 9 0 6 2 0 1 2
+1 2 1 0 0 0 0 0 0 0 1
0 1 0 1 0 0 1
fi=(302)
139 1
fe=(286)
3741 1 0 0 0 0 0 0 0 0 1
0 1 1
fi=(289) /rustc/4aa1fbcf467cf38ce58abfa8eb9213a789c5381c/library/std/src/sys/path/mod.rs
5 1 1
fi=(287) /rustc/4aa1fbcf467cf38ce58abfa8eb9213a789c5381c/library/std/src/path.rs
3246 8 0 6 1 0 2 1
2637 1 1 1 0 1 1 0 0 0 0 0 1 1
cfn=(1016) <std::path::Components as core::iter::traits::double_ended::DoubleEndedIterator>::next_back
calls=1 976 
* 199 39 18 11 0 2 11 0 0 43 8
fi=(263) /rustc/4aa1fbcf467cf38ce58abfa8eb9213a789c5381c/library/core/src/option.rs
1543 4 1 0 0 0 0 0 0 0 1 1
0 1
fi=(287)
2640 1 1 1 0 0 0 0 0 0 0 0 1 1
cfn=(1030) <std::path::Components>::as_path
calls=1 728 
* 119 26 21 6 0 1 6 0 0 20 9
fi=(263)
634 1 0 0 1 0 0 1
fe=(286)
3741 1 0 0 0 0 0 0 0 0 1
0 7 2 2
fi=(263)
0 1 0 0 1 0 0 1
fi=(302)
139 1
fi=(287)
329 1 0 0 0 0 0 0 0 0 1
fi=(289)
5 3 1
jfi=(287)
jump=1 3246 
* 
fi=(287)
3246 6 0 6 1 0 0 1
2637 3 1 1 0 0 0 0 0 0 0 0 1 1
cfn=(1016)
calls=1 976 
* 199 39 18 0 0 0 0 0 0 43 2
fi=(263)
1543 4 1 0 1 0 0 1 0 0 1
fi=(287)
2640 2 1 1 0 0 0 0 0 0 0 0 1 1
cfn=(1030)
calls=1 728 
* 119 26 21 0 0 0 0 0 0 20 5
* 3 0 1
0 1 1
fi=(302)
139 1
fe=(286)
3752 1 0 0 0 0 0 0 0 0 1
fi=(289)
5 1 1
fi=(287)
3246 5 0 5 1 0 0 1
2637 3 1 1 0 0 0 0 0 0 0 0 1 1
cfn=(1016)
calls=1 976 
* 199 39 18 0 0 0 0 0 0 43 2
fi=(263)
1543 4 1 0 0 0 0 0 0 0 1
fi=(287)
2640 2 1 1 0 0 0 0 0 0 0 0 1 1
cfn=(1030)
calls=1 728 
* 119 26 21 0 0 0 0 0 0 20 1
fi=(263)
634 1 0 0 1 0 0 1
fe=(286)
3752 1 0 0 0 0 0 0 0 0 1
0 3
3756 4 1 2
cfi=(291) /rustc/4aa1fbcf467cf38ce58abfa8eb9213a789c5381c/library/std/src/sys/fs/unix.rs
cfn=(1038) <std::sys::fs::unix::DirBuilder>::mkdir
calls=1 1720 
* 128 33 19 6 1 2 6 0 0 18 11 5 5
* 3 0 1 0 0 0 0 0 0 1
0 1
fi=(295) /rustc/4aa1fbcf467cf38ce58abfa8eb9213a789c5381c/library/core/src/io/error/repr_bitpacked.rs
252 6 1 0 1 1 0 1 1 0 0 0 1 1
jfi=(294)
jump=1 53 
* 
fi=(294)
53 1 1 1 0 0 0 0 0 0 0 0 1 1
cfi=(177)
cfn=(1058)
calls=1 4319 
* 3 3 0 1 0 0 1
fi=(295)
254 2
fi=(294)
54 1 1 1 0 1 0 0 0 0 0 0 1 1
cfi=(293) /rustc/4aa1fbcf467cf38ce58abfa8eb9213a789c5381c/library/std/src/sys/io/error/unix.rs
cfn=(1062) std::sys::io::error::unix::decode_error_kind
calls=1 +86 
* 8 2 0 1 1 0 0 1 0 1
* 1
jfi=(296) /rustc/4aa1fbcf467cf38ce58abfa8eb9213a789c5381c/library/core/src/io/error.rs
jump=1 764 
* 
fi=(296)
764 1
fe=(286)
3758 1 0 0 0 0 0 0 0 0 1 1
fi=(233)
0 1 0 0 1 0 0 1
fi=(295)
252 3 1 0 0 0 0 0 0 0 0 0 1 1
jfi=(294)
jump=1 53 
* 
fi=(294)
53 1 1 1 1 0 0 1 0 0 0 0 1 1
cfi=(177)
cfn=(1058)
calls=1 4319 
* 3 3
* 1 1
fi=(295)
254 2
fi=(294)
54 1 1 1 0 0 0 0 0 0 0 0 1 1
cfi=(293)
cfn=(1062)
calls=1 +86 
* 8 2 0 0 0 0 0 0 0 1
* 1
jfi=(296)
jump=1 764 
* 
fi=(296)
764 1
fe=(286)
3763 1 0 0 0 0 0 0 0 0 1
0 1
2966 3 2 1 1 1 0 1 0 0 0 0 1 1
cfi=(297) /rustc/4aa1fbcf467cf38ce58abfa8eb9213a789c5381c/library/std/src/sys/fs/mod.rs
cfn=(1068) std::sys::fs::metadata
calls=1 113 
* 260 61 68 16 1 7 16 1 1 27 9 4 4
fi=(245) /rustc/4aa1fbcf467cf38ce58abfa8eb9213a789c5381c/library/core/src/result.rs
836 2 1 0 0 0 0 0 0 0 1 1
jfi=(291)
jcnd=1/1 -70 
* 
fi=(291)
-70 2 1 0 1 0 0 1
-4 1
fe=(286)
3763 4 0 2 0 0 0 0 0 0 1
cfi=(233)
cfn=(1094) core::ptr::drop_glue::<core::io::error::Error>
calls=1 848 
* 7 2 0 2 0 0 2 0 0 1 1
0 1 1 0 1 0 0 1
fi=(173)
3242 8
fi=(301)
486 2 0 0 0 0 0 0 0 0 1 1
jfi=(253) /rustc/4aa1fbcf467cf38ce58abfa8eb9213a789c5381c/library/alloc/src/raw_vec/mod.rs
jcnd=1/1 -14 
* 
fi=(253)
-14 2 0 0 0 0 0 0 0 0 1 1
0 2 0 0 1 0 0 1
fi=(254) /rustc/4aa1fbcf467cf38ce58abfa8eb9213a789c5381c/library/alloc/src/vec/mod.rs
977 3 0 3
fi=(521) /rustc/4aa1fbcf467cf38ce58abfa8eb9213a789c5381c/library/core/src/iter/adapters/take.rs
37 2 0 0 0 0 0 0 0 0 1 1
jfi=(286)
jcnd=1/1 3781 
* 
fe=(286)
3781 1 1 0 1 0 0 1
fi=(253)
647 2 0 0 0 0 0 0 0 0 1 1
fi=(242) /rustc/4aa1fbcf467cf38ce58abfa8eb9213a789c5381c/library/alloc/src/alloc.rs
0 1
fe=(286)
3736 9 7 0 1 0 0 1

fn=(1352) <std::fs::File as core::io::write::Write>::write
1520 1596 0 1197 399 0 0 1
1406 399 399
fi=(321) /rustc/4aa1fbcf467cf38ce58abfa8eb9213a789c5381c/library/std/src/sys/fd/unix.rs
371 399 399 399 0 250 0 0 0 0 0 0 399 399
cob=(2)
cfi=(327) ./io/../sysdeps/unix/sysv/linux/write.c
cfn=(1354) write
calls=399 25 
* 22694 5176 3582 2389 285 0 1 0 0 3186 5
* 798
fi=(176) /rustc/4aa1fbcf467cf38ce58abfa8eb9213a789c5381c/library/std/src/sys/pal/unix/mod.rs
230 399
+10 399 0 0 0 0 0 0 0 0 399 3
jcnd=399/399 -10 
* 
-10 1197 0 0 399 0 0 1
fe=(286)
1522 1596 1596

fn=(1362) <std::fs::File>::sync_all
783 3192 0 2793 399 0 0 1
+1 1596 1197 0 0 253
0 399
fi=(291)
1276 798 399 399 399 280 0 1 0 0 0 0 399 2
cob=(2)
cfi=(328) ./misc/../sysdeps/unix/sysv/linux/fsync.c
cfn=(1364) fsync
calls=399 26 
* 21102 4380 2786 797 0 0 2 0 0 3186 797
fi=(176)
230 399
+10 399 0 0 0 0 0 0 0 0 399 3
fi=(294)
0 399
fi=(176)
240 399
jfi=(286)
jump=399 785 
* 
fe=(286)
785 3192 2793 0 399 0 0 1

fn=(1370) <std::fs::File as core::io::seek::Seek>::stream_position
1543 4 0 3 1 0 0 1
-51 1 1
fi=(291)
+34 3 1 1 0 0 0 0 0 0 0 0 1 1
cob=(2)
cfi=(317) ./io/../sysdeps/unix/sysv/linux/lseek64.c
cfn=(1300) lseek
calls=1 28 
* 6 1 0 0 0 0 0 0 0 1
* 2
fi=(176)
230 1
+10 1 0 0 0 0 0 0 0 0 1 1
jcnd=1/1 -10 
* 
-10 3 0 0 1 0 0 1
fe=(286)
1545 4 4

fn=(1298) <std::fs::File as core::io::seek::Seek>::seek
1537 8 0 6 1 0 0 1
-67 2 2
fi=(291)
+49 4 2 0 0 1 0 0 1
+7 6 2 2 0 0 0 0 0 0 0 0 2 1
cob=(2)
cfi=(317)
cfn=(1300)
calls=2 28 
* 12 2 0 1 0 0 1 0 0 2
* 4
fi=(176)
230 2
+10 2 0 0 0 0 0 0 0 0 2 2
jcnd=2/2 -10 
* 
-10 6 0 0 1 0 0 1
fe=(286)
1539 8 8

fn=(1322) <std::fs::File>::set_len
1124 8 0 7 1 0 0 1
fi=(322) /rustc/4aa1fbcf467cf38ce58abfa8eb9213a789c5381c/library/core/src/convert/num.rs
384 2 0 0 0 0 0 0 0 0 1
0 5 2 0 1 0 0 1
fi=(291)
1460 3 1 1 0 0 0 0 0 0 0 0 1 1
cob=(2)
cfi=(323) ./misc/../sysdeps/unix/sysv/linux/ftruncate64.c
cfn=(1326) ftruncate
calls=1 28 
* 6 1 0 1 0 0 1 0 0 1
fi=(176)
230 1
+10 1 0 0 0 0 0 0 0 0 1 1
fi=(291)
0 1 0 0 1 0 0 1
fi=(176)
240 1
jfi=(286)
jump=1 1126 
* 
fe=(286)
1126 8 7 0 1 0 0 1

fn=(1268) <std::fs::OpenOptions>::_open
2141 10 0 5 1 0 0 1
fi=(270) /rustc/4aa1fbcf467cf38ce58abfa8eb9213a789c5381c/library/std/src/sys/helpers/small_c_string.rs
25 2 0 0 0 0 0 0 0 0 1
-25 1
fi=(233)
574 4 1 1 0 0 0 0 0 0 0 0 1 1
cob=(2)
cfi=(214)
cfn=(708)
calls=1 255 
* 11 3 2 0 0 0 0 0 0 2 2
1966 1 0 1 1 0 0 1
fi=(270)
47 5 1 1 0 0 0 0 0 0 0 0 1 1
cfi=(256) /rustc/4aa1fbcf467cf38ce58abfa8eb9213a789c5381c/library/core/src/ffi/c_str.rs
cfn=(922) <core::ffi::c_str::CStr>::from_bytes_with_nul
calls=1 352 
* 93 15 4 0 0 0 0 0 0 27 6
* 2 1 0 0 0 0 0 0 0 1 1
jcnd=1/1 +1 
* 
+1 2 1
fi=(291)
1231 2 0 1 1 0 0 1
cfn=(1156) <std::sys::fs::unix::File>::open_c
calls=1 +3 
* 103 28 19 0 0 0 0 0 0 11 4 1
fi=(245)
836 2 1 0 0 0 0 0 0 0 1 1
jcnd=1/1 +1 
* 
+1 3 1 1
0 1 0 1
fe=(286)
2143 8 6

fn=(1312)
1498 8 0 6 1 0 0 1
fi=(522) /rustc/4aa1fbcf467cf38ce58abfa8eb9213a789c5381c/library/std/src/os/fd/owned.rs
166 2 2
fi=(321)
-31 2 2 2 0 1 1 0 0 0 0 0 2 1
cob=(2)
cfi=(320) ./io/../sysdeps/unix/sysv/linux/read.c
cfn=(1314) read
calls=2 25 
* 16 4 0 1 0 0 1 0 0 4
* 4 0 0 1 0 0 1
fi=(176)
+95 2
+10 2 0 0 0 0 0 0 0 0 2 2
jcnd=2/2 -10 
* 
-10 6
fe=(286)
1500 8 8

fn=(1278) <std::fs::File>::metadata
1142 7 0 4 1 0 0 1
+1 1 1
fi=(291)
1251 5 0 1
cfn=(1074) std::sys::fs::unix::try_statx
calls=1 142 
* 124 30 44 0 0 0 0 0 0 6 3 1
* 3 1 0 0 0 0 0 0 0 1
fi=(316) /rustc/4aa1fbcf467cf38ce58abfa8eb9213a789c5381c/library/core/src/profiling.rs
13 5 2 1 1 0 0 1 0 0 0 0 1 1
cob=(2)
cfi=(214)
cfn=(708)
calls=1 255 
* 30 10 8 0 0 0 0 0 0 5 2
fi=(245)
836 2 0 0 0 0 0 0 0 0 1 1
jfi=(316)
jcnd=1/1 13 
* 
fi=(316)
13 4 1 1 1 0 0 1 0 0 0 0 1 1
cob=(2)
cfi=(214)
cfn=(708)
calls=1 255 
* 30 10 8 0 0 2 0 0 0 5 1
* 3 0 2
jfi=(286)
jump=1 1144 
* 
fe=(286)
1144 7 5 0 1 0 0 1

fn=(1150) std::fs::read::inner
347 7 0 4 1 0 0 1
1915 3 0 2
fi=(270)
25 2 0 0 0 0 0 0 0 0 1
-25 1
fi=(233)
574 3 1 1 1 0 0 1 0 0 0 0 1 1
cob=(2)
cfi=(214)
cfn=(708)
calls=1 255 
* 12 3 2 0 0 0 0 0 0 2
1966 1 0 1
fi=(270)
47 5 1 1 0 0 0 0 0 0 0 0 1 1
cfi=(256)
cfn=(922)
calls=1 352 
* 63 8 4 0 0 0 0 0 0 11 6
* 2 1 0 0 0 0 0 0 0 1 1
jcnd=1/1 +1 
* 
+1 3 1 0 1 0 0 1
fi=(291)
1231 1 0 1
cfn=(1156)
calls=1 +3 
* 129 41 20 14 0 1 14 0 0 16 6 4 4
fi=(245)
836 2 1 0 0 0 0 0 0 0 1
+2 1 1
2190 2 0 2
fi=(299) /rustc/4aa1fbcf467cf38ce58abfa8eb9213a789c5381c/library/std/src/lib.rs
0 1
jfi=(286)
jump=1 353 
0 
fe=(286)
353 7 5 0 1 0 0 1

fl=(473) /home/hatch/.rustup/toolchains/nightly-x86_64-unknown-linux-gnu/lib/rustlib/src/rust/library/alloc/src/vec/spec_from_iter.rs
fn=(2520) <alloc::vec::Vec<char> as alloc::vec::spec_from_iter::SpecFromIter<char, core::str::iter::Chars>>::from_iter
32 11910 0 7146 1191 0 0 1
+1 2382 0 2382
cfi=(474) /home/hatch/.rustup/toolchains/nightly-x86_64-unknown-linux-gnu/lib/rustlib/src/rust/library/alloc/src/vec/spec_from_iter_nested.rs
cfn=(2522) <alloc::vec::Vec<char> as alloc::vec::spec_from_iter_nested::SpecFromIterNested<char, core::str::iter::Chars>>::from_iter
calls=2382 -15 
* 8429767 2226973 2742715 65799 3507 7687 29 0 100 611102 35662 27822 1188
* 2382 2382
+1 4764 2382

fn=(3364) <alloc::vec::Vec<usize> as alloc::vec::spec_from_iter::SpecFromIter<usize, core::ops::range::Range<usize>>>::from_iter
32 1980 0 1188 396 0 0 1
+1 396 0 396
cfi=(474)
cfn=(3366) <alloc::vec::Vec<usize> as alloc::vec::spec_from_iter_nested::SpecFromIterNested<usize, core::ops::range::Range<usize>>>::from_iter
calls=396 +17 
* 239580 68508 93456 16643 0 0 27 0 0 11880 333 1584
* 396 396
+1 792 396

fl=(279) /home/hatch/.rustup/toolchains/nightly-x86_64-unknown-linux-gnu/lib/rustlib/src/rust/library/core/src/ub_checks.rs
fn=(1218) core::ptr::replace::precondition_check
68 18 0 12 4 0 0 2
+73 2 0 2
cfi=(280)
cfn=(1220) <*const ()>::is_aligned_to
calls=2 1356 
* 72 6 8 3 0 0 2 0 0 2 2
* 4 0 2
0 2 2
124 4 0 0 0 0 0 0 0 0 2 2
fi=(264) /home/hatch/.rustup/toolchains/nightly-x86_64-unknown-linux-gnu/lib/rustlib/src/rust/library/core/src/ptr/mod.rs
0 2 2
fe=(279)
124 6 0 0 0 0 0 0 0 0 2
0 2 2 0 2 0 0 1
fi=(280)
38 4
fe=(279)
+86 2
fi=(264)
1595 4 0 0 0 0 0 0 0 0 2 2
jfi=(279)
jcnd=2/2 75 
* 
fe=(279)
75 4 2

fn=(2258) core::slice::raw::from_raw_parts::precondition_check
68 76500 6375 57375 2384 0 382 2
+53 6375 0 6375
fi=(455) /home/hatch/.rustup/toolchains/nightly-x86_64-unknown-linux-gnu/lib/rustlib/src/rust/library/core/src/slice/raw.rs
+15 6375 0 6375
fe=(279)
+5 6375 0 6375
cfi=(280)
cfn=(1220)
calls=6375 1356 
* 229500 19125 25500 4 0 1 0 0 0 6375 29
* 12750 0 6375
0 6375 6375 0 1192 0 0 1
124 12750 0 0 0 0 0 0 0 0 6375 25
fi=(455)
0 6375 6375
fi=(280)
38 12750
fe=(279)
+86 6375
fi=(455)
+12 12750 0 0 0 0 0 0 0 0 6375 20
fi=(251)
0 6375 6375
fe=(279)
148 19125 0 0 0 0 0 0 0 0 6375 2
0 6375 6375 0 1192 0 0 1
148 25500 0 6375 399 0 0 1
0 6375 6375
149 6375 6375
fi=(455)
-12 6375 0 0 0 0 0 0 0 0 6375 8
jfi=(279)
jcnd=6375/6375 -62 
* 
fe=(279)
-62 12750 6375

fn=(2274) core::ptr::copy_nonoverlapping::precondition_check
68 215088 0 197164 1007 0 2 1
fi=(264)
565 35848 0 0 1020 0 0 1 0 0 17924 33
0 17924 17924
565 71696 0 17924
0 35848 35848
566 53772 17924 35848
fe=(279)
141 17924 0 17924 0 0 1
cfi=(280)
cfn=(1220)
calls=17924 1356 
* 645264 53772 71696 2387 0 1 0 0 0 17924 17
* 35848 0 17924
0 17924 17924 0 1191 0 0 1
124 35848 0 0 0 0 0 0 0 0 17924 16
fi=(264)
0 17924 17924
fe=(279)
124 53772 0 0 0 0 0 0 0 0 17924 4
fi=(251)
0 17924 17924
fi=(280)
38 35848
fe=(279)
+86 17924
fi=(264)
566 35848 0 0 0 0 0 0 0 0 17924 7
0 35848 35848
567 17924 0 17924 1193 0 0 1
fe=(279)
141 17924 0 17924
cfi=(280)
cfn=(1220)
calls=17924 1356 
* 645264 53772 71696 0 0 0 0 0 0 17924 4
* 35848 0 17924
fi=(264)
0 17924 17924
fe=(279)
124 35848 0 0 0 0 0 0 0 0 17924 3
jcnd=17924/17924 * 
* 
* 53772 17924 0 0 0 0 0 0 0 17924
fi=(251)
0 17924 17924
fi=(280)
38 35848
fe=(279)
+86 17924
fi=(264)
567 35848 0 0 0 0 0 0 0 0 17924 2
0 71696 71696 0 1192 0 0 1
fi=(456) /home/hatch/.rustup/toolchains/nightly-x86_64-unknown-linux-gnu/lib/rustlib/src/rust/library/core/src/intrinsics/mod.rs
2514 17924 0 17924
cfn=(2280) core::ub_checks::maybe_is_nonoverlapping::runtime
calls=17924 -13 
* 729894 161316 286784 7598 0 451 4 0 1 35848 6347
* 35848 0 17924
fe=(279)
0 17924 17924 0 1193 0 0 1
fi=(264)
564 35848 0 0 0 0 0 0 0 0 17924 4
jfi=(279)
jcnd=17924/17924 75 
* 
fe=(279)
75 35848 17924

fn=(2302) <alloc::vec::Vec<_, _>>::set_len::precondition_check
68 647068 0 485301 1007 0 0 2
fi=(452) /home/hatch/.rustup/toolchains/nightly-x86_64-unknown-linux-gnu/lib/rustlib/src/rust/library/alloc/src/vec/mod.rs
2233 323534 0 0 0 0 0 0 0 0 161767 29
jfi=(279)
jcnd=161767/161767 75 
* 
fe=(279)
75 323534 161767

fn=(2468) core::char::convert::from_u32_unchecked::precondition_check
68 181352 0 90676 1191 0 0 1
fi=(324) /home/hatch/.rustup/toolchains/nightly-x86_64-unknown-linux-gnu/lib/rustlib/src/rust/library/core/src/num/uint_macros.rs
2718 45338 0 45338
fi=(523) /home/hatch/.rustup/toolchains/nightly-x86_64-unknown-linux-gnu/lib/rustlib/src/rust/library/core/src/char/convert.rs
293 90676 0 45338
fi=(324)
2719 45338
fi=(523)
293 90676 0 0 0 0 0 0 0 0 45338
fe=(279)
75 90676 45338

fn=(2494) <isize>::unchecked_neg::precondition_check
68 10719 0 7146 1191 0 224 1 0 1
fi=(451) /home/hatch/.rustup/toolchains/nightly-x86_64-unknown-linux-gnu/lib/rustlib/src/rust/library/core/src/num/int_macros.rs
2983 17865 0 3573 1191 0 0 1
fi=(456)
486 10719 0 0 0 0 0 0 0 0 3573 1
jfi=(279)
jcnd=3573/3573 75 
* 
fe=(279)
75 7146 3573 0 1191 0 0 1

fn=(1954) core::hint::assert_unchecked::precondition_check
68 521664 0 173888 2617 0 0 1
fi=(510) /home/hatch/.rustup/toolchains/nightly-x86_64-unknown-linux-gnu/lib/rustlib/src/rust/library/core/src/hint.rs
208 173888 0 0 0 0 0 0 0 0 86944 1970
jfi=(279)
jcnd=86944/86944 75 
* 
fe=(279)
75 173888 86944 0 1193 0 0 1

fn=(2112) <core::alloc::layout::Layout>::from_size_alignment_unchecked::precondition_check
68 8 0 6 2 0 0 1
fi=(524) /home/hatch/.rustup/toolchains/nightly-x86_64-unknown-linux-gnu/lib/rustlib/src/rust/library/core/src/alloc/layout.rs
+29 4
-22 2 0 0 2 0 0 1
+89 2 0 0 0 0 0 0 0 0 2 2
jfi=(279)
jcnd=2/2 -89 
* 
fe=(279)
-89 4 2

fn=(2506) <core::ops::range::Range<usize> as core::slice::index::SliceIndex<str>>::get_unchecked::precondition_check
68 25011 0 21438 1191 0 0 1
fi=(480) /home/hatch/.rustup/toolchains/nightly-x86_64-unknown-linux-gnu/lib/rustlib/src/rust/library/core/src/str/traits.rs
215 7146 0 0 0 0 0 0 0 0 3573 1
fe=(279)
0 7146 7146 0 1191 0 0 1
fi=(480)
215 7146 0 0 0 0 0 0 0 0 3573
fe=(279)
75 7146 3573

fn=(2614) <usize>::unchecked_add::precondition_check
68 175050 0 105030 17
fi=(324)
3020 105030
1038 35010 0 0 0 0 0 0 0 0 35010 23
fe=(279)
75 70020 35010

fn=(2858) <usize as core::slice::index::SliceIndex<[_]>>::get_unchecked::precondition_check
68 9536 0 7152 796 0 0 1
fi=(319)
209 4768 0 0 0 0 0 0 0 0 2384 2
jfi=(279)
jcnd=2384/2384 75 
* 
fe=(279)
75 4768 2384 0 796 0 0 1

fn=(978) <*const _>::offset_from_unsigned::precondition_check
68 192316 0 144237 797 0 233 1 0 2
fi=(280)
717 48079
+11 48079 0 0 0 0 0 0 0 0 48079 2196
jfi=(279)
jcnd=48079/48079 75 
* 
fe=(279)
75 96158 48079 0 1192 0 0 1

fn=(1596) <core::ptr::non_null::NonNull<_>>::new_unchecked::precondition_check
68 2454 0 1636 400 0 0 1
fi=(280)
-30 818
fi=(358) /home/hatch/.rustup/toolchains/nightly-x86_64-unknown-linux-gnu/lib/rustlib/src/rust/library/core/src/ptr/non_null.rs
245 818 0 0 0 0 0 0 0 0 818 1
fe=(279)
75 1636 818

fn=(2108) <core::mem::alignment::Alignment>::new_unchecked::precondition_check
68 8 0 4 2 0 0 1
fi=(324)
+17 38 0 0 2 0 0 1
3922 2
fi=(436) /home/hatch/.rustup/toolchains/nightly-x86_64-unknown-linux-gnu/lib/rustlib/src/rust/library/core/src/mem/alignment.rs
194 2 0 0 0 0 0 0 0 0 2 2
jfi=(279)
jcnd=2/2 75 
* 
fe=(279)
75 4 2 0 1 0 0 1

fn=(2652) core::slice::raw::from_raw_parts_mut::precondition_check
68 976620 81385 732465 2753 0 0 1
+53 81385 0 81385
fi=(455)
+70 81385 0 81385
fe=(279)
-50 81385 0 81385
cfi=(280)
cfn=(1220)
calls=81385 1356 
* 2929860 244155 325540 1188 0 0 0 0 0 81385 5
* 162770 0 81385
0 81385 81385
124 162770 0 0 0 0 0 0 0 0 81385 2
fi=(455)
0 81385 81385 0 1193 0 0 1
fi=(280)
38 162770
fe=(279)
+86 81385
fi=(455)
+67 162770 0 0 0 0 0 0 0 0 81385 5
fi=(251)
0 81385 81385
fe=(279)
148 244155 0 0 0 0 0 0 0 0 81385
0 81385 81385 0 1564 0 0 1
148 325540 0 81385
0 81385 81385
149 81385 81385
fi=(455)
+43 81385 0 0 0 0 0 0 0 0 81385 4
jfi=(279)
jcnd=81385/81385 75 
* 
fe=(279)
75 162770 81385 0 1985 0 0 1

fn=(3122) <alloc::vec::Vec<_, _>>::from_raw_parts_in::precondition_check
68 8 0 6 2
fi=(452)
1203 4 0 0 0 0 0 0 0 0 2 2
jfi=(279)
jcnd=2/2 75 
* 
fe=(279)
75 4 2

fl=(338) /rustc/4aa1fbcf467cf38ce58abfa8eb9213a789c5381c/library/core/src/fmt/mod.rs
fn=(2068) <core::fmt::Formatter>::pad
1910 8 0 6 2 0 0 2
+2 3 1 0 0 0 0 0 0 0 1 1
0 11 9 0 1 0 0 1 0 0 0 0 1 1
cfi=(339) /rustc/4aa1fbcf467cf38ce58abfa8eb9213a789c5381c/library/core/src/io/write.rs
cfn=(2044) <core::io::write::default_write_fmt::Adapter<std::io::stdio::StderrLock> as core::fmt::Write>::write_str
calls=1 390 
0 118 28 22 0 0 0 0 0 0 15 4 1

fn=(1466) <core::fmt::Formatter>::pad_integral
1826 4788 0 2394 794 0 0 2
+4 798 0 0 0 0 0 0 0 0 399
0 399 399
2316 798
1833 2394
2373 399
1838 399 0 0 0 0 0 0 0 0 399 4
0 399 0 0 397 0 0 1
1855 399 399
+1 798 0 0 397 0 0 1 0 0 399 31
+2 2394 798 399
cfn=(1468) <core::fmt::Formatter>::pad_integral::write_prefix
calls=399 -11 
* 8379 2394 1995 794 0 0 2 0 0 798 8
* 798
fi=(245)
2176 798 0 0 0 0 0 0 0 0 399
fe=(338)
1859 4788 2793 0 397 0 0 1 0 0 0 0 399 2
cfi=(262) /rustc/4aa1fbcf467cf38ce58abfa8eb9213a789c5381c/library/alloc/src/string.rs
cfn=(3556) <alloc::string::String as core::fmt::Write>::write_str
calls=396 3416 
* 17424 4752 3168 0 0 0 0 0 0 3168 9 396
cfi=(339)
cfn=(1438) <core::io::write::default_write_fmt::Adapter<std::io::stdio::StdoutLock> as core::fmt::Write>::write_str
calls=3 390 
* 390 90 66 0 0 0 0 0 0 60 11 9

fn=(1468)
1847 3990 0 1995 397 0 0 1
+1 798 0 0 0 0 0 0 0 0 399 4
jcnd=399/399 +3 
* 
+3 798 0 0 0 0 0 0 0 0 399 4
0 399 0 0 397 0 0 1
1852 2394 2394

fn=(1434) core::fmt::write
1631 4788 0 2394 398 0 0 1
878 798 0 0 0 0 0 0 0 0 399 1
jcnd=1/399 +5 
* 
0 398 0 398
fi=(233)
1758 398 398 0 0 2 0 0 2
fe=(338)
1653 796 0 0 0 0 0 0 0 0 398
0 1990 796 796 398 306 0 1
jfi=(178)
jump=398 627 
0 
fi=(233)
1758 1608 804 0 0 1 0 0 1
fe=(338)
1653 1608 0 0 0 0 0 0 0 0 804 5
fi=(178)
627 1608
fe=(338)
1656 1608 0 0 0 0 0 0 0 0 804 6
jcnd=401/804 +10 
* 
+9 1612 403 403 0 0 0 0 0 0 0 0 403 3
cfi=(262)
cfn=(3556)
calls=396 3416 
* 16236 5148 3564 1185 0 0 2 0 0 1980 792 396 396
cfi=(339)
cfn=(2044)
calls=2 390 
* 236 56 44 8 0 0 7 0 0 30 6 2 1
cfi=(339)
cfn=(1438)
calls=5 390 
* 1052 233 137 19 2 0 19 1 0 189 61 20 8
fi=(245)
2176 806 0 0 0 0 0 0 0 0 403
fe=(338)
0 403 0 0 398 0 0 1
fi=(245)
2176 403
jfi=(233)
jump=403 1758 
* 
fe=(338)
1666 1604 0 0 0 0 0 0 0 0 802
0 401 401
fi=(178)
627 802
fe=(338)
-50 802 0 401
jump=401 * 
* 
* 1203 401 802 398 0 0 1
fi=(525) /rustc/4aa1fbcf467cf38ce58abfa8eb9213a789c5381c/library/core/src/fmt/rt.rs
144 401 401
+8 802 401 401 0 0 0 0 0 0 0 0 401 4
cfi=(295)
cfn=(2064) <core::io::error::Error as core::fmt::Display>::fmt
calls=1 +57 
* 152 43 28 5 2 0 5 1 0 16 5 4 3
cfi=(287)
cfn=(1472) <std::path::Display as core::fmt::Display>::fmt
calls=1 3750 
* 367 79 43 9 1 0 9 0 0 64 19 7 4
cfi=(342) /rustc/4aa1fbcf467cf38ce58abfa8eb9213a789c5381c/library/core/src/fmt/num.rs
cfn=(1464) <u64 as core::fmt::Display>::fmt
calls=399 -17 
* 59703 14019 9618 4367 461 0 11 1 0 7215 862 1203 399
fi=(245)
2176 802 0 0 0 0 0 0 0 0 401
fe=(338)
0 1203 0 401
jfi=(233)
jump=401 1758 
0 
883 1
1633 11 7 0 0 0 0 0 0 0 0 0 1 1
cfi=(339)
cfn=(1438)
calls=1 390 
* 170 39 30 5 0 0 5 0 0 22 9 4 1
0 796 0 0 398 0 0 1
jump=398 1740 
0 
1740 3184 2786

fl=(439) /rustc/4aa1fbcf467cf38ce58abfa8eb9213a789c5381c/library/alloc/src/collections/btree/remove.rs
fn=(2146) <alloc::collections::btree::node::Handle<alloc::collections::btree::node::NodeRef<alloc::collections::btree::node::marker::Mut, usize, std::sys::pal::unix::stack_overflow::thread_info::ThreadInfo, alloc::collections::btree::node::marker::Leaf>, alloc::collections::btree::node::marker::KV>>::remove_leaf_kv::<<alloc::collections::btree::map::entry::OccupiedEntry<usize, std::sys::pal::unix::stack_overflow::thread_info::ThreadInfo>>::remove_kv::{closure#0}, alloc::alloc::Global>
26 22 0 16 2 0 0 1
fi=(419) /rustc/4aa1fbcf467cf38ce58abfa8eb9213a789c5381c/library/alloc/src/collections/btree/node.rs
315 2 2
1321 2 2
291 2 2
fi=(239) /rustc/4aa1fbcf467cf38ce58abfa8eb9213a789c5381c/library/core/src/ptr/mut_ptr.rs
971 2
fi=(233)
1758 4 2 2 2 0 0 1
fi=(239)
971 4
fi=(419)
1913 6
fi=(233)
665 6 2 2 0 0 0 0 0 0 0 0 2 1
cob=(2)
cfi=(214)
cfn=(708)
calls=2 255 
* 26 2 0 0 0 0 0 0 0 10 4
* 2 0 2
fi=(239)
971 6
fi=(233)
1758 16 8 8 2 2 0 1
fi=(239)
971 4
fi=(233)
665 4 2 2 2 0 0 1 0 0 0 0 2 1
cob=(2)
cfi=(214)
cfn=(708)
calls=2 255 
* 26 2 0 0 0 0 0 0 0 10 4
fi=(419)
1323 4 0 2
+1 2 2
fe=(439)
33 4 0 0 0 0 0 0 0 0 2
fi=(419)
340 2 2
fi=(263)
744 4 0 0 0 0 0 0 0 0 2 2
jfi=(419)
jcnd=2/2 904 
* 
fi=(419)
904 6 0 4 2 0 0 1
0 4 2 2 2 0 0 1
fe=(439)
60 10 6 4
fi=(419)
340 2 2
fi=(263)
744 4 0 0 0 0 0 0 0 0 2 2
fi=(440) /rustc/4aa1fbcf467cf38ce58abfa8eb9213a789c5381c/library/alloc/src/collections/btree/fix.rs
0 6 6 0 2 0 0 1
fe=(439)
75 26 10 16 2 0 0 1
+1 16 14

fl=(512) /home/hatch/.rustup/toolchains/nightly-x86_64-unknown-linux-gnu/lib/rustlib/src/rust/library/core/src/tuple.rs
fn=(3648) <(alloc::string::String, rustgres::storage::ColType) as core::cmp::PartialEq>::ne
34 3960 0 3168 792 0 0 1
+1 792 0 792
cfi=(482) /home/hatch/.rustup/toolchains/nightly-x86_64-unknown-linux-gnu/lib/rustlib/src/rust/library/core/src/cmp.rs
cfn=(3650) <alloc::string::String as core::cmp::PartialEq>::ne
calls=792 278 
* 54639 12758 18216 475 1188 0 1 0 0 3650 117 792
* 1584 0 0 0 0 0 0 0 0 792
-35 1584 1584
35 2376 0 792
cfi=(482)
cfn=(3652) <rustgres::storage::ColType as core::cmp::PartialEq>::ne
calls=792 278 
* 14256 3168 5544 1188 0 0 1
* 2376 0 792
jump=792 +1 
* 
+1 3168 1584

fl=(265)
fn=(904) <core::option::Option<core::num::nonzero::NonZero<usize>> as core::ops::try_trait::Try>::branch
2875 1 0 1 1 0 0 1
+1 6 1 0 0 0 0 0 0 0 1 1
jcnd=1/1 +2 
* 
+2 1 0 1 1 0 0 1
+2 2 2

fn=(2404) <core::option::Option<usize>>::ok_or_else::<core::io::error::Error, <rustgres::protocol::Cursor>::read_cstring::{closure#1}>
1361 3573 0 2382 1191 0 0 1
+4 2382 1191 0 0 0 0 0 0 0 1191
+1 4764 1191 3573 1191 0 0 1
+3 1191
jump=1191 * 
* 
* 4764 3573

fn=(2894) <core::option::Option<rustgres::storage::Table>>::is_none
682 2 0 2 2 0 0 1
-48 8 2
fi=(282) /home/hatch/.rustup/toolchains/nightly-x86_64-unknown-linux-gnu/lib/rustlib/src/rust/library/core/src/macros/mod.rs
434 4
fe=(265)
683 2
+1 4 2

fn=(2734) <core::option::Option<rustgres::sql::Token>>::unwrap_or
1038 37730 0 30184 1191 0 0 1
+4 45276 7546 0 0 0 0 0 0 0 7546 6
0 22638 22638
1043 60368 30184 30184 1191 0 0 1
+3 7546 0 7546
cfi=(264)
cfn=(2736) core::ptr::drop_glue::<rustgres::sql::Token>
calls=7546 848 
* 135828 30184 22638 2382 0 0 2 0 0 22638 22
* 7546
0 7546 7546 0 1191 0 0 1
1046 15092 7546

fn=(2782) <core::option::Option<rustgres::server::Txn>>::as_mut
766 798 0 798 399 0 0 1
+1 2394 399 0 399 0 0 1 0 0 399 1
jcnd=3/399 +2 
* 
0 396 396
768 1188 0 792
jump=396 +3 
* 
+1 3 0 3
+2 798 798

fn=(906) <core::option::Option<core::num::nonzero::NonZero<usize>> as core::ops::try_trait::FromResidual<core::option::Option<!>>>::from_residual
2893 2 1

fn=(3538) <core::option::Option<&str>>::map_or_else::<alloc::string::String, alloc::fmt::format::{closure#0}, <str as alloc::borrow::ToOwned>::to_owned>
1271 2772 0 2376 792 0 0 2
+5 3564 396 792 0 0 0 0 0 0 396 2
0 792 792 0 396 0 0 1
1278 792 0 792
cfi=(508) /home/hatch/.rustup/toolchains/nightly-x86_64-unknown-linux-gnu/lib/rustlib/src/rust/library/alloc/src/fmt.rs
cfn=(3540) alloc::fmt::format::{closure#0}
calls=396 659 
* 171072 39204 28512 10689 1382 0 9 1 0 20988 2435 4356 799
+2 396
0 396 396
1280 792 396

fn=(3218) <core::option::Option<rustgres::server::Txn>>::is_some
633 396 0 396 396
+1 1584 396
fi=(282)
434 792
fe=(265)
635 792 396

fn=(2718) <core::option::Option<&rustgres::sql::Token>>::cloned
2162 30184 0 22638 1191 0 0 1
1164 52822 7546 0 0 0 0 0 0 0 7546 1
+1 15092 7546 7546
fi=(250)
250 15092 0 7546 1191 0 0 1
cfi=(472) /home/hatch/workspace/rustgres/src/sql.rs
cfn=(2720) <rustgres::sql::Token as core::clone::Clone>::clone
calls=7546 37 
* 986987 256735 193425 11951 746 4094 12 1 32 139507 14352 29406 8344
* 7546 7546
fe=(265)
1165 67914 30184 30184 0 0 231
0 7546 7546
2167 15092 7546

fn=(3352) <core::option::Option<&mut rustgres::storage::Table>>::ok_or_else::<rustgres::exec::ExecError, rustgres::exec::exec_insert::{closure#0}>
1361 2376 0 1980 396 0 0 1
+4 2772 396 0 0 0 0 0 0 0 396
0 396 396
1366 1584 396 1188 396 0 0 1
+3 396
0 396 396
1369 792 396

fn=(3600) <core::option::Option<rustgres::server::Txn>>::take
1902 1980 0 1188 396 0 0 1
+2 396 0 396
fi=(438) /home/hatch/.rustup/toolchains/nightly-x86_64-unknown-linux-gnu/lib/rustlib/src/rust/library/core/src/mem/mod.rs
975 792 0 396
cob=(2)
cfi=(214)
cfn=(708)
calls=396 255 
* 8712 2376 1584 0 0 0 0 0 0 1980 77
* 396 396 0 0 0 0 0 0 0 0 0 396
* 396 396
+1 1188 0 396 396
cob=(2)
cfi=(214)
cfn=(708)
calls=396 255 
* 8712 2376 1584 0 0 0 0 0 0 1980
* 396 396 0 0 0 0 0 0 0 0 0 396
* 396 396
fe=(265)
1905 792 396

fl=(311) /home/hatch/.rustup/toolchains/nightly-x86_64-unknown-linux-gnu/lib/rustlib/src/rust/library/std/src/sys/thread_local/native/lazy.rs
fn=(1226) <! as std::sys::thread_local::native::lazy::DestroyedState>::register_dtor::<core::cell::Cell<(u64, u64)>>
11 4 2 2 2 0 0 1

fn=(1194) <std::sys::thread_local::native::lazy::Storage<core::cell::Cell<(u64, u64)>, !>>::get_or_init::<<std::hash::random::RandomState>::new::KEYS::__rust_std_internal_init_fn>
58 15 0 12 2 0 0 1
fi=(354)
558 3 3
fe=(311)
59 12 0 0 0 0 0 0 0 0 3 1
-59 1 1
fi=(354)
2437 1 0 1
fe=(311)
60 1 0 1
+4 1
jump=1 * 
* 
-64 4 4 0 2 0 0 1
62 2 0 2
cfn=(1196) <std::sys::thread_local::native::lazy::Storage<core::cell::Cell<(u64, u64)>, !>>::get_or_init_slow::<<std::hash::random::RandomState>::new::KEYS::__rust_std_internal_init_fn>
calls=2 +7 
* 461 103 115 45 1 9 23 1 5 38 15 4 3
* 4 0 2
jump=2 -3 
* 
+2 9 6
-5 2
jump=2 +5 
* 

fn=(1196)
69 8 0 6 2 0 1 1 0 1
fi=(354)
558 6 2 2
fe=(311)
74 2 0 0 0 0 0 0 0 0 2 2
jfi=(265)
jcnd=2/2 1543 
* 
fi=(265)
1543 16 2 0 2 0 0 1 0 0 2
jump=2 +2 
* 
+2 2 0 2 2 0 0 1
1067 2 0 2
cfi=(250)
cfn=(1200) <<std::hash::random::RandomState>::new::KEYS::__rust_std_internal_init_fn as core::ops::function::FnOnce<()>>::call_once
calls=2 250 
* 211 53 41 22 1 8 11 1 4 24 5 4 3
* 6 0 4
0 2 2 0 2 0 0 1
fi=(354)
2437 2 0 2
fi=(423) /home/hatch/.rustup/toolchains/nightly-x86_64-unknown-linux-gnu/lib/rustlib/src/rust/library/core/src/mem/manually_drop.rs
181 8 4 4
fi=(526) /home/hatch/.rustup/toolchains/nightly-x86_64-unknown-linux-gnu/lib/rustlib/src/rust/library/core/src/mem/maybe_uninit.rs
407 4 0 4
0 2 2
fi=(279)
78 8 0 2 2 0 0 1
cfn=(1218)
calls=2 -10 
* 126 14 24 9 0 0 5 0 0 8 6
fi=(264)
1597 2
0 6 6
fi=(438)
975 8 4 4
+1 4 0 4
0 2 2
fe=(311)
88 2 0 2
fi=(438)
975 6 2 2 2 0 0 1
+1 2 0 2
fe=(311)
88 2 0 0 0 0 0 0 0 0 2 2
-88 2 2
92 2 0 2
cfn=(1226)
calls=2 -81 
* 4 2 2 2 0 0 1
* 2
fi=(170)
-92 2 2
fi=(354)
2437 2 0 2
fe=(311)
101 2 0 2
+1 6 4

fl=(437) /home/hatch/.rustup/toolchains/nightly-x86_64-unknown-linux-gnu/lib/rustlib/src/rust/library/core/src/alloc/mod.rs
fn=(2114) <&alloc::alloc::Global as core::alloc::Allocator>::deallocate
591 10 0 8 2
+2 4 2 2
cfi=(357) /home/hatch/.rustup/toolchains/nightly-x86_64-unknown-linux-gnu/lib/rustlib/src/rust/library/alloc/src/alloc.rs
cfn=(2116) <alloc::alloc::Global as core::alloc::Allocator>::deallocate
calls=2 -34 
* 238 67 43 5 1 1 1 0 0 36 3 4 1
+1 4 2 0 2 0 0 1

fl=(457) /home/hatch/.rustup/toolchains/nightly-x86_64-unknown-linux-gnu/lib/rustlib/src/rust/library/core/src/slice/iter.rs
fn=(2988) <core::slice::iter::Iter<(alloc::string::String, rustgres::storage::ColType)>>::new
94 12 0 12 2 0 0 2
+1 3 0 3
fi=(358)
294 6 0 6
514 3 0 3
0 6 6
417 3 0 3
fi=(513) /home/hatch/.rustup/toolchains/nightly-x86_64-unknown-linux-gnu/lib/rustlib/src/rust/library/core/src/ptr/mut_ptr.rs
971 6
fe=(457)
100 3 0 3
0 3 3
102 3 3
+2 3 3

fn=(3176) <&[(alloc::string::String, rustgres::storage::ColType)] as core::iter::traits::collect::IntoIterator>::into_iter
23 4 0 4 1 0 0 1
+72 1 0 1
fi=(358)
294 2 0 2
514 1 0 1
0 2 2
417 1 0 1
fi=(513)
971 2
fe=(457)
100 1 0 1
0 1 1
102 1 1
-77 1 1

fn=(3408) <&[alloc::vec::Vec<rustgres::sql::InsertValue>] as core::iter::traits::collect::IntoIterator>::into_iter
23 1584 0 1584 396
+72 396 0 396
fi=(358)
294 792 0 792
514 396 0 396
0 792 792 0 396 0 0 1
417 396 0 396
fi=(513)
971 792
fe=(457)
100 396 0 396
0 396 396
102 396 396
-77 396 396

fn=(3440) <core::slice::iter::Iter<rustgres::sql::InsertValue>>::new
94 1584 0 1584 792 0 0 2
+1 396 0 396
fi=(358)
294 792 0 792
514 396 0 396
0 792 792
417 396 0 396
fi=(513)
971 792
fe=(457)
100 396 0 396
0 396 396
102 396 396
+2 396 396

fn=(3734) <&[alloc::vec::Vec<rustgres::storage::Value>] as core::iter::traits::collect::IntoIterator>::into_iter
23 1584 0 1584 396
+72 396 0 396
fi=(358)
294 792 0 792 396 0 0 1
514 396 0 396
0 792 792
417 396 0 396
fi=(513)
971 792
fe=(457)
100 396 0 396
0 396 396
102 396 396
-77 396 396

fn=(2394) <core::slice::iter::Iter<u8>>::new
94 4764 0 4764 1189 0 0 1
+1 1191 0 1191
fi=(358)
294 2382 0 2382 1191 0 0 1
514 1191 0 1191
0 2382 2382
417 1191 0 1191
fi=(513)
971 1191
fe=(457)
100 1191 0 1191
0 1191 1191
102 1191 1191
+2 1191 1191

fn=(3158) <&[rustgres::wal::WalRecord] as core::iter::traits::collect::IntoIterator>::into_iter
23 1592 0 1592 398 0 0 1
+72 398 0 398
fi=(358)
294 796 0 796
514 398 0 398
0 796 796
417 398 0 398
fi=(513)
971 796
fe=(457)
100 398 0 398 398 0 0 1
0 398 398
102 398 398
-77 398 398

fn=(3182) <&[u8] as core::iter::traits::collect::IntoIterator>::into_iter
23 1592 0 1592 398
+72 398 0 398
fi=(358)
294 796 0 796
514 398 0 398
0 796 796 0 398 0 0 1
417 398 0 398
fi=(513)
971 398
fe=(457)
100 398 0 398
0 398 398
102 398 398
-77 398 398

fn=(2564) <core::slice::iter::Iter<char>>::new
94 15912 0 15912 1579 0 0 1
+1 3978 0 3978
fi=(358)
294 7956 0 7956
514 3978 0 3978
0 7956 7956 0 5
417 3978 0 3978
fi=(513)
971 7956
fe=(457)
100 3978 0 3978
0 3978 3978
102 3978 3978
+2 3978 3978

fn=(2308) <&[(&str, &str)] as core::iter::traits::collect::IntoIterator>::into_iter
23 4 0 4 1 0 0 1
+72 1 0 1
fi=(358)
294 2 0 2
514 1 0 1
0 2 2
417 1 0 1
fi=(513)
971 2
fe=(457)
100 1 0 1 1 0 0 1
0 1 1
102 1 1
-77 1 1

fn=(3446) <core::slice::iter::Iter<usize>>::new
94 1584 0 1584 792 0 0 1
+1 396 0 396
fi=(358)
294 792 0 792
514 396 0 396
0 792 792
417 396 0 396
fi=(513)
971 792
fe=(457)
100 396 0 396
0 396 396
102 396 396
+2 396 396

fl=(458) /home/hatch/.rustup/toolchains/nightly-x86_64-unknown-linux-gnu/lib/rustlib/src/rust/library/core/src/slice/iter/macros.rs
fn=(2592) <core::slice::iter::Iter<char> as core::iter::traits::iterator::Iterator>::fold::<(), core::iter::adapters::map::map_fold<&char, char, (), <char as core::clone::Clone>::clone, core::iter::traits::iterator::Iterator::for_each::call<char, <alloc::string::String as core::iter::traits::collect::Extend<char>>::extend<core::iter::adapters::cloned::Cloned<core::slice::iter::Iter<char>>>::{closure#0}>::{closure#0}>::{closure#0}>
254 23868 0 19890 2382 0 0 2
fi=(280)
731 3978 0 3978
fi=(324)
1031 3978 0 3978
0 7956 7956
fe=(458)
33 3978 0 3978
fi=(358)
1663 15912 0 3978
fe=(458)
25 7956 3978 0 1191 0 0 1 0 0 3978
268 7956 0 7956
+1 3978 0 3978
28 3978
-28 7956 7956
33 3978 0 3978
+24 3978 0 3978
fi=(358)
417 3978 0 3978
898 3978 0 3978 1191 0 0 1
fi=(513)
-5 3978 0 3978
0 7956 7956
fi=(279)
78 7956 0 3978
cfn=(978)
calls=3978 -10 
* 31824 3978 11934 0 0 0 0 0 0 3978
fi=(280)
732 7956
0 7956 7956
734 11934 0 3978
0 3978 3978
fe=(458)
274 15912 3978 11934 1191 0 0 1
fi=(358)
627 11934 0 3978
fe=(458)
274 7956 0 3978
cfi=(476) /home/hatch/.rustup/toolchains/nightly-x86_64-unknown-linux-gnu/lib/rustlib/src/rust/library/core/src/iter/adapters/map.rs
cfn=(2596) core::iter::adapters::map::map_fold::<&char, char, (), <char as core::clone::Clone>::clone, core::iter::traits::iterator::Iterator::for_each::call<char, <alloc::string::String as core::iter::traits::collect::Extend<char>>::extend<core::iter::adapters::cloned::Cloned<core::slice::iter::Iter<char>>>::{closure#0}>::{closure#0}>::{closure#0}
calls=3978 88 
* 425646 127296 198900 16674 0 0 14 0 0 15912 8 3978 1191
fi=(280)
0 29844 29844
fe=(458)
274 119376 29844 89532
fi=(358)
627 89532 0 29844
fe=(458)
274 59688 0 29844
cfi=(476)
cfn=(2596)
calls=29844 88 
* 3193308 955008 1492200 0 0 0 0 0 0 119376 8 29844
fi=(279)
77 33822
+1 135288 33822 33822
cfn=(2614)
calls=33822 -10 
* 372042 33822 101466 0 0 0 0 0 0 33822
fi=(324)
1043 67644 33822
fe=(458)
278 33822 0 33822
+1 101466 67644 0 0 0 0 0 0 0 33822 3981
jcnd=3978/33822 +5 
* 
-8 29844
+13 11934 3978

fn=(2310) <core::slice::iter::Iter<(&str, &str)> as core::iter::traits::iterator::Iterator>::next
157 16 0 16 1 0 0 1
fi=(324)
1210 8 0 8
fi=(358)
619 8 0 8
fe=(458)
161 24 8 16 1 0 0 1
+1 24 8 16
0 16 16
fi=(358)
1663 8
fe=(458)
180 8 0 0 0 0 0 0 0 0 8 1
jcnd=1/8 +1 
* 
0 14 14
fi=(358)
627 7
fe=(458)
185 7 0 7
-19 7
+15 1 0 1
fi=(251)
0 1
jfi=(458)
jump=1 192 
0 
0 7 7 0 1 0 0 1
fe=(458)
190 7 0 7
+2 17 16
jump=1 * 
* 

fn=(3474) <core::slice::iter::Iter<rustgres::sql::InsertValue> as core::iter::traits::iterator::Iterator>::__iterator_get_unchecked
413 1584 0 1584 396 0 0 1
fi=(513)
971 1584 792
fe=(458)
425 792 792

fn=(3696) <core::slice::iter::Iter<rustgres::storage::Value> as core::iter::traits::iterator::Iterator>::next
157 318384 0 318384 792
fi=(324)
1210 159192 0 159192
fi=(358)
619 159192 0 159192
fe=(458)
161 477576 159192 318384
+1 477576 159192 318384 792 0 0 1
0 318384 318384
fi=(358)
1663 159192
fe=(458)
180 159192 0 0 0 0 0 0 0 0 159192 2
jcnd=396/159192 +1 
* 
0 317592 317592
fi=(358)
627 158796
fe=(458)
185 158796 0 158796
-19 158796
+15 396 0 396
fi=(251)
0 396
jfi=(458)
jump=396 192 
0 
0 158796 158796
fe=(458)
190 158796 0 158796
+2 318780 318384 0 792 0 0 1
jump=396 * 
* 

fn=(3004) <core::slice::iter::Iter<(alloc::string::String, rustgres::storage::ColType)> as core::iter::traits::iterator::Iterator>::any::<rustgres::exec::exec_create::{closure#0}>
321 8 0 6 2 0 0 2
fi=(324)
1210 2 0 2
fi=(358)
619 2 0 2
0 2 2
fe=(458)
161 6 2 4
+1 6 2 4
0 4 4
fi=(358)
1663 2 0 0 1 0 0 1
fe=(458)
180 2 0 0 0 0 0 0 0 0 2 1
fi=(358)
0 1 1
fe=(458)
161 3 1 2
+1 3 1 2
0 2 2
fi=(358)
1663 1
fe=(458)
180 1 0 0 0 0 0 0 0 0 1 1
0 2 2
fi=(358)
627 1
fe=(458)
185 1 0 1
-19 1
fi=(251)
0 2
jfi=(458)
jump=2 331 
0 
0 1 1
fe=(458)
190 1 0 1
326 2 1 1
+1 2 0 1
cfi=(483) /home/hatch/workspace/rustgres/src/exec.rs
cfn=(3008) rustgres::exec::exec_create::{closure#0}
calls=1 85 
* 49 12 21 5 0 0 5 0 0 1
* 1 0 1
0 1 1
327 3 0 0 0 0 0 0 0 0 1
-1 1
+6 8 4
-1 2 0 2 1 0 0 1
+1 2
jump=2 * 
* 

fn=(3410) <core::slice::iter::Iter<alloc::vec::Vec<rustgres::sql::InsertValue>> as core::iter::traits::iterator::Iterator>::next
157 1584 0 1584 396 0 0 1
fi=(324)
1210 792 0 792
fi=(358)
619 792 0 792
fe=(458)
161 2376 792 1584
+1 2376 792 1584 396 0 0 1
0 1584 1584
fi=(358)
1663 792
fe=(458)
180 792 0 0 0 0 0 0 0 0 792 2
jcnd=396/792 +1 
* 
0 792 792
fi=(358)
627 396
fe=(458)
185 396 0 396
-19 396
+15 396 0 396
fi=(251)
0 396
jfi=(458)
jump=396 192 
0 
0 396 396
fe=(458)
190 396 0 396
+2 1980 1584 0 396 0 0 1
jump=396 * 
* 

fn=(2396) <core::slice::iter::Iter<u8> as core::iter::traits::iterator::Iterator>::position::<<rustgres::protocol::Cursor>::read_cstring::{closure#0}>
372 3573 0 2382 2381 0 0 2
fi=(280)
731 1191 0 1191
fi=(324)
1210 1191 0 1191
fi=(358)
619 1191 0 1191
0 1191 1191
fe=(458)
33 3573 1191 2382
+24 3573 1191 2382 1191 0 0 1
fi=(358)
417 1191 0 1191
898 1191 0 1191
fi=(513)
-5 1191 0 1191
0 2382 2382
fi=(279)
78 2382 0 1191
cfn=(978)
calls=1191 -10 
* 9528 1191 3573 0 0 0 0 0 0 1191 2
fi=(280)
732 2382
0 2382 2382
734 3573 0 1191 1191 0 0 1
fe=(458)
377 1191 0 1191
0 1191 1191
161 3573 1191 2382
+1 3573 1191 2382
0 2382 2382 0 1191 0 0 1
fi=(358)
1663 1191
fe=(458)
180 1191 0 0 0 0 0 0 0 0 1191
0 19096 19096
161 57288 19096 38192
+1 57288 19096 38192
0 38192 38192
fi=(358)
1663 19096
fe=(458)
180 19096 0 0 0 0 0 0 0 0 19096 1189
0 40574 40574
fi=(358)
627 20287
fe=(458)
185 20287 0 20287
-19 20287
fi=(251)
0 20287 20287
fe=(458)
190 20287 0 20287
378 40574 20287 20287
+1 40574 0 20287 1191 0 0 1
cfi=(430) /home/hatch/workspace/rustgres/src/protocol.rs
cfn=(2402) <rustgres::protocol::Cursor>::read_cstring::{closure#0}
calls=20287 56 
* 162296 40574 60861 2382 0 0 2
* 20287 0 20287
0 20287 20287
379 40574 0 0 0 0 0 0 0 0 20287 2958
jcnd=1191/20287 +3 
* 
* 19096
+6 57288 19096 19096
-7 19096
+4 7146 2382 2382
0 1191 1191
fi=(279)
78 4764 0 1191 1191 0 0 1
cfn=(1954)
calls=1191 -10 
* 11910 1191 2382 1425 0 0 0 0 0 1191 408
fe=(458)
383 3573 1191 2382
+5 4764 3573

fn=(2582) <core::slice::iter::Iter<char> as core::iter::traits::iterator::Iterator>::size_hint
213 19890 0 15912 1191
fi=(280)
731 3978 0 3978 1191 0 0 1
0 3978 3978
fe=(458)
33 11934 3978 7956
+24 11934 3978 7956
fi=(358)
417 3978 0 3978
898 3978 0 3978
fi=(513)
-5 3978 0 3978
0 7956 7956
fi=(279)
78 7956 0 3978 1191 0 0 1
cfn=(978)
calls=3978 -10 
* 31824 3978 11934 0 0 0 0 0 0 3978 1198
fi=(280)
732 7956
0 7956 7956
734 11934 0 3978
0 7956 7956
fe=(458)
215 19890 7956 11934
+1 7956 3978

fn=(3320) <core::slice::iter::IterMut<alloc::vec::Vec<rustgres::sql::InsertValue>> as core::iter::traits::iterator::Iterator>::next
157 1584 0 1584 396 0 0 1
fi=(324)
1210 792 0 792
fi=(358)
619 792 0 792
fe=(458)
161 2376 792 1584
+1 2376 792 1584
0 1584 1584 0 396 0 0 1
fi=(358)
1663 792
fe=(458)
180 792 0 0 0 0 0 0 0 0 792 2
jcnd=396/792 +1 
* 
0 792 792
fi=(358)
627 396
fe=(458)
185 396 0 396
-19 396
+15 396 0 396
fi=(251)
0 396
jfi=(458)
jump=396 192 
0 
0 396 396
fe=(458)
190 396 0 396
+2 1980 1584
jump=396 * 
* 

fn=(3326) <core::slice::iter::IterMut<rustgres::sql::InsertValue> as core::iter::traits::iterator::Iterator>::next
157 2376 0 2376 396 0 0 1
fi=(324)
1210 1188 0 1188
fi=(358)
619 1188 0 1188
fe=(458)
161 3564 1188 2376
+1 3564 1188 2376
0 2376 2376 0 396 0 0 1
fi=(358)
1663 1188
fe=(458)
180 1188 0 0 0 0 0 0 0 0 1188 3
jcnd=396/1188 +1 
* 
0 1584 1584
fi=(358)
627 792
fe=(458)
185 792 0 792
-19 792
+15 396 0 396
fi=(251)
0 396
jfi=(458)
jump=396 192 
0 
0 792 792
fe=(458)
190 792 0 792
+2 2772 2376
jump=396 * 
* 

fn=(3462) <core::slice::iter::Iter<usize> as core::iter::traits::iterator::Iterator>::size_hint
213 1980 0 1584 792 0 0 1
fi=(280)
731 396 0 396
0 396 396
fe=(458)
33 1188 396 792
+24 1188 396 792
fi=(358)
417 396 0 396
898 396 0 396
fi=(513)
-5 396 0 396
0 792 792 0 396 0 0 1
fi=(279)
78 792 0 396
cfn=(978)
calls=396 -10 
* 3168 396 1188 0 0 0 0 0 0 396 2
fi=(280)
732 792
0 792 792
734 1188 0 396
0 792 792
fe=(458)
215 1980 792 1188 396 0 0 1
+1 792 396

fn=(2490) <core::slice::iter::Iter<u8> as core::iter::traits::double_ended::DoubleEndedIterator>::next_back
433 10719 0 7146 1191 0 0 1
119 3573 0 3573 1191 0 0 1
fi=(358)
674 3573 0 3573
fi=(451)
1361 3573 0 3573
fi=(358)
564 3573 0 3573
0 3573 3573
fe=(458)
33 7146 3573 3573
fi=(358)
1663 14292 3573 3573
fe=(458)
25 7146 3573 0 1191 0 0 1 0 0 3573
-11 3573
-14 3573 3573
21 14292 0 7146
fi=(513)
+11 3573 0 3573
fe=(458)
132 7146 3573 3573
fi=(279)
-55 3573
+1 10719 0 3573 1191 0 0 1
cfn=(2494)
calls=3573 -10 
* 46449 3573 10719 3573 0 224 3 0 1 3573 1
fi=(358)
417 3573 3573
572 7146 0 3573
0 3573 3573
fe=(458)
132 7146 3573 3573
+1 7146 3573 3573
fi=(513)
+2 3573 3573
fe=(458)
442 3573 0 3573
+3 10719 7146

fn=(2996) <core::slice::iter::Iter<(alloc::string::String, rustgres::storage::ColType)> as core::iter::traits::iterator::Iterator>::next
157 1608 0 1608 398 0 0 1
fi=(324)
1210 804 0 804
fi=(358)
619 804 0 804
fe=(458)
161 2412 804 1608 398 0 0 1
+1 2412 804 1608
0 1608 1608
fi=(358)
1663 804
fe=(458)
180 804 0 0 0 0 0 0 0 0 804 2
jcnd=2/804 +1 
* 
0 1604 1604
fi=(358)
627 802
fe=(458)
185 802 0 802
-19 802
+15 2 0 2
fi=(251)
0 2
jfi=(458)
jump=2 192 
0 
0 802 802 0 398
fe=(458)
190 802 0 802
+2 1610 1608
jump=2 * 
* 

fn=(3160) <core::slice::iter::Iter<rustgres::wal::WalRecord> as core::iter::traits::iterator::Iterator>::next
157 1592 0 1592 398 0 0 1
fi=(324)
1210 796 0 796
fi=(358)
619 796 0 796
fe=(458)
161 2388 796 1592
+1 2388 796 1592 398 0 0 1
0 1592 1592
fi=(358)
1663 796
fe=(458)
180 796 0 0 0 0 0 0 0 0 796 4
jcnd=398/796 +1 
* 
0 796 796
fi=(358)
627 398
fe=(458)
185 398 0 398
-19 398
+15 398 0 398
fi=(251)
0 398
jfi=(458)
jump=398 192 
0 
0 398 398
fe=(458)
190 398 0 398
+2 1990 1592 0 1 0 0 1
jump=398 * 
* 

fn=(2460) <core::slice::iter::Iter<u8> as core::iter::traits::iterator::Iterator>::next
157 128036 0 128036 802 0 1335 1 0 6
fi=(324)
1210 64018 0 64018
fi=(358)
619 64018 0 64018
fe=(458)
161 192054 64018 128036
+1 192054 64018 128036 1588 0 0 1
0 128036 128036
fi=(358)
1663 64018
fe=(458)
180 64018 0 0 0 0 0 0 0 0 64018 3179
jcnd=2780/64018 +1 
* 
0 122476 122476
fi=(358)
627 61238
fe=(458)
185 61238 0 61238
-19 61238
+15 2780 0 2780
fi=(251)
0 2780
jfi=(458)
jump=2780 192 
0 
0 61238 61238
fe=(458)
190 61238 0 61238
+2 130816 128036 0 801 0 0 1
jump=2780 * 
* 

fn=(3678) <core::slice::iter::Iter<alloc::vec::Vec<rustgres::storage::Value>> as core::iter::traits::iterator::Iterator>::next
157 159588 0 159588 1188 0 0 1
fi=(324)
1210 79794 0 79794
fi=(358)
619 79794 0 79794
fe=(458)
161 239382 79794 159588
+1 239382 79794 159588 807 0 0 1
0 159588 159588
fi=(358)
1663 79794
fe=(458)
180 79794 0 0 0 0 0 0 0 0 79794 2
jcnd=396/79794 +1 
* 
0 158796 158796
fi=(358)
627 79398
fe=(458)
185 79398 0 79398
-19 79398
+15 396 0 396
fi=(251)
0 396
jfi=(458)
jump=396 192 
0 
0 79398 79398
fe=(458)
190 79398 0 79398
+2 159984 159588 0 792 0 0 1
jump=396 * 
* 

fn=(3476) <core::slice::iter::Iter<usize> as core::iter::traits::iterator::Iterator>::__iterator_get_unchecked
413 2376 0 1584
fi=(513)
971 1584 792
fe=(458)
425 792 792

fn=(3456) <core::slice::iter::Iter<rustgres::sql::InsertValue> as core::iter::traits::iterator::Iterator>::size_hint
213 1980 0 1584 396 0 0 1
fi=(280)
731 396 0 396 396 0 0 1
0 396 396
fe=(458)
33 1188 396 792
+24 1188 396 792
fi=(358)
417 396 0 396
898 396 0 396
fi=(513)
-5 396 0 396
0 792 792
fi=(279)
78 792 0 396 396 0 0 1
cfn=(978)
calls=396 -10 
* 3168 396 1188 792 0 0 0 0 0 396
fi=(280)
732 792
0 792 792
734 1980 0 396
0 792 792
fe=(458)
215 1980 792 1188 396 0 0 1
+1 792 396

fl=(474)
fn=(3366)
50 1980 0 1584 396 0 0 1
+1 1584 0 792
cfi=(501) /home/hatch/.rustup/toolchains/nightly-x86_64-unknown-linux-gnu/lib/rustlib/src/rust/library/core/src/iter/range.rs
cfn=(3368) <core::ops::range::Range<usize> as core::iter::traits::iterator::Iterator>::size_hint
calls=396 1189 
* 15840 5148 6732 1980 0 0 4 0 0 792 4
* 792 396 0 0 0 0 0 0 0 396
+1 792 396 396 396 0 0 1
fi=(283) /home/hatch/.rustup/toolchains/nightly-x86_64-unknown-linux-gnu/lib/rustlib/src/rust/library/alloc/src/raw_vec/mod.rs
179 1188 0 396
cfn=(1950) <alloc::raw_vec::RawVecInner>::with_capacity_in
calls=396 444 
* 62568 14256 15444 3954 0 0 0 0 0 5940 297 1584
* 1188 0 792
fe=(474)
0 792 792 0 396 0 0 1
fi=(452)
977 1188 0 1188
fe=(474)
60 1980 792 792 396 0 0 1
cfi=(454) /home/hatch/.rustup/toolchains/nightly-x86_64-unknown-linux-gnu/lib/rustlib/src/rust/library/alloc/src/vec/spec_extend.rs
cfn=(3374) <alloc::vec::Vec<usize> as alloc::vec::spec_extend::SpecExtend<usize, core::ops::range::Range<usize>>>::spec_extend
calls=396 -34 
* 145332 44352 64152 8729 0 0 18 0 0 4752 32
* 396
-60 792 792
61 2376 1188 1188 396 0 0 1
+1 792 396

fn=(2522)
18 11910 0 9528 1191 0 231 1 0 1
fi=(324)
2525 2382 0 2382 0 0 182 0 0 1
fi=(482)
1773 2382 0 2382
2324 2382 0 2382
fi=(452)
-95 2382 0 2382 1191 0 0 1
fi=(283)
631 2382 0 2382
fe=(474)
24 7146 0 4764 0 0 252 0 0 1
cfi=(469) /home/hatch/.rustup/toolchains/nightly-x86_64-unknown-linux-gnu/lib/rustlib/src/rust/library/core/src/str/iter.rs
cfn=(2524) <core::str::iter::Chars as core::iter::traits::iterator::Iterator>::next
calls=2382 +15 
* 211998 57168 80988 2382 0 1942 2 0 9 11910 6
* 16674 2382 2382 1191 0 226 1 0 1 2382
+2 7146 2382 4764 0 0 175 0 0 1
+1 7146 0 2382
cfi=(469)
cfn=(2530) <core::str::iter::Chars as core::iter::traits::iterator::Iterator>::size_hint
calls=2382 +73 
* 126246 28584 64314 3576 0 0 3 0 0 4764 1195
* 2382
jump=2382 * 
* 
fi=(452)
-27 2382 2382
fe=(474)
43 4764 2382
-16 4764 2382 2382 1191 0 0 1
fi=(324)
2526 9528 0 2382
fi=(482)
2325 11910 0 2382 1191 0 0 1
fi=(283)
179 7146 0 2382
cfn=(1950)
calls=2382 444 
* 376356 85752 92898 0 432 0 0 0 0 35730 908 9528
* 4764 0 4764
0 7146 7146
fi=(452)
977 7146 0 7146 1191 0 0 1
fi=(283)
627 2382 2382
fi=(358)
417 2382 0 2382
fe=(474)
33 2382 0 2382
fi=(264)
1966 2382 0 2382
fi=(283)
632 7146 2382 2382
fi=(352) /home/hatch/.rustup/toolchains/nightly-x86_64-unknown-linux-gnu/lib/rustlib/src/rust/library/core/src/num/niche_types.rs
49 2382 0 2382
fi=(452)
2230 9528 2382 2382 1191 0 0 1
cfi=(279)
cfn=(2302)
calls=2382 68 
* 19056 2382 7146 0 0 0 0 0 0 2382 2
+6 2382 0 2382
fe=(474)
36 9528 4764 4764
+5 11910 4764 4764 1191 0 0 1
cfi=(454)
cfn=(2540) <alloc::vec::Vec<char> as alloc::vec::spec_extend::SpecExtend<char, core::str::iter::Chars>>::spec_extend
calls=2382 -24 
* 7498405 2007829 2406853 49122 3075 4679 15 0 86 553934 33551 18294 1188
* 2382
-41 2382 2382
42 14292 7146 7146 1191 0 0 1
+1 2382

fl=(350) /home/hatch/.rustup/toolchains/nightly-x86_64-unknown-linux-gnu/lib/rustlib/src/rust/library/core/src/net/ip_addr.rs
fn=(1552) <core::net::ip_addr::Ipv4Addr>::octets
697 1 0 1 1 0 0 1
+1 2 1 1
+1 2 2

fl=(376) /rustc/4aa1fbcf467cf38ce58abfa8eb9213a789c5381c/library/std/src/thread/spawnhook.rs
fn=(1704) <std::thread::spawnhook::SpawnHooks as core::ops::drop::Drop>::drop
22 48 0 30 3 0 0 1
fi=(174) /rustc/4aa1fbcf467cf38ce58abfa8eb9213a789c5381c/library/core/src/mem/mod.rs
975 6 6
+1 6 0 6
fi=(263)
1543 12 0 0 0 0 0 0 0 0 6 6
jfi=(376)
jcnd=6/6 28 
* 
fe=(376)
28 42 36 0 2 0 0 1

fn=(1914) <std::thread::spawnhook::ChildSpawnHooks>::inherit_and_run
153 18 0 12 2 0 2 1 0 2
+1 2 2
fi=(527) /rustc/4aa1fbcf467cf38ce58abfa8eb9213a789c5381c/library/std/src/thread/local.rs
482 4 0 4 1 0 2 1 0 2
fi=(528) /rustc/4aa1fbcf467cf38ce58abfa8eb9213a789c5381c/library/std/src/sys/thread_local/native/mod.rs
68 4 2
fi=(337) /rustc/4aa1fbcf467cf38ce58abfa8eb9213a789c5381c/library/core/src/cell.rs
558 4 2
fi=(377) /rustc/4aa1fbcf467cf38ce58abfa8eb9213a789c5381c/library/std/src/sys/thread_local/native/eager.rs
35 2 0 0 0 0 0 0 0 0 2 1
jcnd=2/2 * 
* 
fi=(174)
975 4 2 2
+1 4 0 2
fi=(233)
848 2 2 2 0 0 0 0 0 0 0 0 2 1
cfi=(376)
cfn=(1704)
calls=2 22 
* 38 14 12 1 0 0 0 0 0 2 2
* 6 2 0 0 0 0 0 0 0 2 2
jfi=(376)
jcnd=2/2 155 
* 
fe=(376)
155 6 6 0 2 0 0 1
fi=(239)
971 6
fe=(376)
155 8 0 6
fi=(178)
1663 2
fi=(529) /rustc/4aa1fbcf467cf38ce58abfa8eb9213a789c5381c/library/alloc/src/vec/into_iter.rs
279 2 0 0 0 0 0 0 0 0 2 2
jfi=(275) /rustc/4aa1fbcf467cf38ce58abfa8eb9213a789c5381c/library/core/src/ptr/const_ptr.rs
jcnd=2/2 734 
* 
fi=(275)
734 4 0 0 2 0 0 1
fi=(233)
843 4 0 2
cfn=(1924) core::ptr::drop_glue::<[alloc::boxed::Box<dyn core::ops::function::FnOnce<(), Output = ()> + core::marker::Send>]>
calls=2 +5 
* 36 14 12 6 0 0 3 0 0 2 2
fi=(253)
647 4 0 0 0 0 0 0 0 0 2 2
jfi=(376)
jcnd=2/2 158 
* 
fe=(376)
158 16 14
fi=(377)
35 4 0 0 2 0 0 1 0 0 2
+20 8 2 2 0 0 0 0 0 0 0 0 2 1
cfi=(378) /rustc/4aa1fbcf467cf38ce58abfa8eb9213a789c5381c/library/std/src/sys/thread_local/destructors/linux_like.rs
cfn=(1690) std::sys::thread_local::destructors::linux_like::register
calls=2 -40 
* 932 211 129 17 0 10 0 0 10 161 34 6
-55 2
fi=(174)
976 4 0 2
jump=2 -1 
* 
fe=(376)

fn=(1686) std::thread::spawnhook::run_spawn_hooks
119 20 0 14 4 0 0 2
fi=(528)
-51 4 2
fi=(337)
558 4 2
fi=(377)
35 2 0 0 0 0 0 0 0 0 2 1
jcnd=1/2 * 
* 
fi=(174)
975 4 2 2
+1 2 0 2
fi=(263)
2279 4 0 0 0 0 0 0 0 0 2 2
fi=(174)
0 2 0 0 2 0 0 1
975 2 0 2
+1 4 0 2
fi=(233)
848 2 2 2 0 0 0 0 0 0 0 0 2 1
cfi=(376)
cfn=(1704)
calls=2 22 
* 38 14 12 2 0 0 2 0 0 2 2
* 6 2 0 0 0 0 0 0 0 2 2
jfi=(376)
jcnd=2/2 122 
* 
fe=(376)
122 4 0 2
fi=(263)
2279 2
2876 2 0 0 2 0 0 1 0 0 2 2
fi=(253)
0 6 0 0 1 0 0 1
fi=(263)
2876 2
jfi=(376)
jump=2 133 
* 
fe=(376)
133 8 0 8 2 0 0 1
+6 18 14 0 1
fi=(377)
35 2 0 0 1 0 0 1 0 0 1
+20 4 1 1 0 0 0 0 0 0 0 0 1 1
cfi=(378)
cfn=(1690)
calls=1 -40 
* 404 97 62 31 0 1 21 0 1 64 18 3 2
* 1
fi=(174)
976 2 0 1
jump=1 -1 
* 
fe=(376)

fl=(498) /home/hatch/.rustup/toolchains/nightly-x86_64-unknown-linux-gnu/lib/rustlib/src/rust/library/core/src/clone.rs
fn=(3030) <(alloc::string::String, rustgres::storage::ColType) as core::clone::Clone>::clone
236 6384 798 3990 797 0 0 2 0 0 0 0 798 1
cfi=(262)
cfn=(2722) <alloc::string::String as core::clone::Clone>::clone
calls=798 2425 
* 82304 21973 15569 4 817 0 0 0 0 12793 813 3192
* 4788 1596 1596
cfi=(307) /home/hatch/workspace/rustgres/src/storage.rs
cfn=(3032) <rustgres::storage::ColType as core::clone::Clone>::clone
calls=798 10 
* 9576 3990 2394 796 271 0 2 1 0 0 0 798 798
* 1596 0 798
0 2394 2394 0 398
236 2394 798 798

fn=(3256) <(alloc::string::String, rustgres::storage::Table) as core::clone::Clone>::clone
236 3168 396 1980 792 0 0 2 0 0 0 0 396 1
cfi=(262)
cfn=(2722)
calls=396 2425 
* 40392 11088 7920 0 325 0 0 0 0 5148 792 1584 396
* 1980 792 396
cfi=(307)
cfn=(3258) <rustgres::storage::Table as core::clone::Clone>::clone
calls=396 86 
* 108119301 28749524 29038796 63801 438984 62541 28 0 233 11121548 172055 868227 157212
* 396
0 396 396 0 0 278
236 792 396

fl=(507) /home/hatch/.rustup/toolchains/nightly-x86_64-unknown-linux-gnu/lib/rustlib/src/rust/library/core/src/iter/adapters/zip.rs
fn=(3452) <core::iter::adapters::zip::Zip<core::slice::iter::Iter<rustgres::sql::InsertValue>, core::slice::iter::Iter<usize>> as core::iter::adapters::zip::ZipImpl<core::slice::iter::Iter<rustgres::sql::InsertValue>, core::slice::iter::Iter<usize>>>::new
293 2772 0 2376 396 0 0 1
+1 792 0 396
cfn=(3454) <core::slice::iter::Iter<rustgres::sql::InsertValue> as core::iter::adapters::zip::TrustedRandomAccessNoCoerce>::size
calls=396 574 
* 21384 5940 8712 2772 0 0 5 0 0 396
* 1584 0 1188
cfn=(3460) <core::slice::iter::Iter<usize> as core::iter::adapters::zip::TrustedRandomAccessNoCoerce>::size
calls=396 574 
* 20592 5940 8712 1980 0 0 3 0 0 396 2
* 792 0 792 396 0 0 1
0 1584 1584
fi=(482)
2320 1584 0 396
fe=(507)
295 3960 1584 2376 396 0 0 1
+1 792 396

fn=(3470) <core::iter::adapters::zip::Zip<core::slice::iter::Iter<rustgres::sql::InsertValue>, core::slice::iter::Iter<usize>> as core::iter::traits::iterator::Iterator>::next
82 2376 0 2376 396 0 0 1
+1 1188 0 1188
cfn=(3472) <core::iter::adapters::zip::Zip<core::slice::iter::Iter<rustgres::sql::InsertValue>, core::slice::iter::Iter<usize>> as core::iter::adapters::zip::ZipImpl<core::slice::iter::Iter<rustgres::sql::InsertValue>, core::slice::iter::Iter<usize>>>::next
calls=1188 299 
* 37224 14652 13068 792 0 0 2 0 0 1188 398
+1 2376 2376

fn=(3472)
299 3564 0 2376
+1 3564 2376 0 0 0 0 0 0 0 1188 398
+10 396 0 396
-10 396
jump=396 +12 
* 
0 792 792 0 396 0 0 1
301 2376 792 1584
+3 2376 792 792
+3 792 0 792
cfi=(458)
cfn=(3474)
calls=792 413 
* 3960 1584 1584 396 0 0 1
* 3960 1584 1584
cfi=(458)
cfn=(3476)
calls=792 413 
* 4752 1584 1584
* 1584 0 792
+5 4752 3564
0 1584 1584
307 1584 0 1584
-7 792
jump=792 +12 
* 

fn=(3454)
574 1188 0 396 396 0 0 1
+4 792 0 396
cfi=(458)
cfn=(3456)
calls=396 213 
* 18216 5148 7920 2376 0 0 4 0 0 396
* 396 396
+1 792 396

fn=(3460)
574 1188 0 396 396
+4 792 0 396
cfi=(458)
cfn=(3462)
calls=396 213 
* 17424 5148 7920 1584 0 0 3 0 0 396 2
* 396 396
+1 792 396

fl=(260) /rustc/4aa1fbcf467cf38ce58abfa8eb9213a789c5381c/library/core/src/str/converts.rs
fn=(876) core::str::converts::from_utf8
89 5965 0 3579 1192 0 0 1
fi=(261) /rustc/4aa1fbcf467cf38ce58abfa8eb9213a789c5381c/library/core/src/str/validations.rs
+44 3579 0 0 1192 0 0 1
+12 2386 0 0 0 0 0 0 0 0 1193
0 8351
jump=1193 164 
0 
164 1193 1193 0 1192 0 0 1
+1 2386 0 0 0 0 0 0 0 0 1193 1
fi=(173)
2719 2386
3905 1193
fi=(261)
222 1193 0 0 0 0 0 0 0 0 1193 4
jcnd=1193/1193 +2 
* 
+16 798
-14 1596 0 0 0 0 0 0 0 0 798 6
jcnd=401/798 +17 
* 
* 2386 0 0 0 0 0 0 0 0 1193 400
jcnd=792/1193 +17 
* 
+9 798 798
+1 2394 798 0 0 0 0 0 0 0 798 6
jcnd=798/798 +4 
* 
+7 2386 0 0 0 0 0 0 0 0 1193
0 1193
241 12738 6369 0 1192 0 0 1 0 0 6369 934
+1 6369
-1 12738 0 0 0 0 0 0 0 0 6369 1201
jcnd=5176/6369 * 
* 
* 1193
jfi=(260)
jump=1193 94 
* 
fe=(260)
94 4772 0 2386 2384 0 0 2
-94 1193 0 1193
98 4772 4772

fl=(470) /home/hatch/.rustup/toolchains/nightly-x86_64-unknown-linux-gnu/lib/rustlib/src/rust/library/core/src/str/validations.rs
fn=(2488) core::str::validations::next_code_point_reverse::<core::slice::iter::Iter<u8>>
78 10719 0 7146 1191 0 0 1
-68 10719 0 10719
+73 3573 0 3573
cfi=(458)
cfn=(2490)
calls=3573 433 
* 196515 50022 71460 8337 0 224 7 0 1 7146 1
* 3573 0 3573
fi=(265)
2876 25011 3573 0 1191 0 0 1 0 0 3573
+1 10719 3573 7146
fe=(470)
83 7146 3573 3573
+1 17865 3573 7146 0 0 0 0 0 0 3573 2
+28 3573
jump=3573 * 
* 
fi=(265)
0 3573 3573 0 1191 0 0 1
fe=(470)
84 10719 0 7146
fi=(251)
-84 3573
jfi=(470)
jump=3573 112 
0 
fe=(470)
112 14292 10719 0 2382 0 0 2

fn=(2458) core::str::validations::next_code_point::<core::slice::iter::Iter<u8>>
35 132441 0 88294 2382 0 1966 1 0 12
-25 44147 0 44147
+27 44147 0 44147 0 0 455 0 0 3
cfi=(458)
cfn=(2460)
calls=44147 157 
* 1005853 390177 439088 2786 0 1335 3 0 6 44147 2778
* 44147 0 44147
fi=(265)
2876 309029 44147 0 0 0 0 0 0 0 44147 6
jcnd=2382/44147 +15 
* 
+1 125295 41765 83530
fe=(470)
37 208825 83530 125295 1191 0 0 1
+1 83530 0 0 0 0 0 0 0 0 41765 14
fi=(265)
2891 9528 4764 4764 0 617
fe=(470)
69 2382
jump=2382 * 
* 
* 41765
jump=41765 * 
* 
fi=(265)
-69 41765 41765 0 1191 0 0 1
fe=(470)
39 125295 0 83530 1191 0 0 1
fi=(251)
-39 41765
jfi=(470)
jump=41765 69 
0 
fe=(470)
69 176588 132441 0 1191 0 0 1

fl=(496) /home/hatch/.rustup/toolchains/nightly-x86_64-unknown-linux-gnu/lib/rustlib/src/rust/library/alloc/src/vec/partial_eq.rs
fn=(3014) <alloc::vec::Vec<u8> as core::cmp::PartialEq>::eq
15 239388 0 159592 398 0 0 1
fi=(283)
627 159592 79796 79796 398 13527 0 1
fi=(452)
1877 398980 79796 319184 0 104
fi=(283)
627 159592 79796 79796 0 13558
fi=(452)
1877 239388 79796 159592
fi=(481) /home/hatch/.rustup/toolchains/nightly-x86_64-unknown-linux-gnu/lib/rustlib/src/rust/library/core/src/slice/cmp.rs
21 159592 0 0 0 0 0 0 0 0 79796 10
+5 1 0 1
-5 1 0 0 1 0 0 1
jfi=(496)
jump=1 -6 
* 
-21 239385 239385 0 397
24 79795 0 79795
cfn=(3636) <u8 as core::slice::cmp::SlicePartialEq<u8>>::equal_same_length
calls=79795 151 
* 1766986 399265 398975 678 68396 0 1 0 0 240966 586 79795 1
* 159590 0 79795
fe=(496)
-9 319184 159592

fn=(3642) <alloc::vec::Vec<(alloc::string::String, rustgres::storage::ColType)> as core::cmp::PartialEq>::ne
17 1188 0 792 396 0 0 1
fi=(283)
627 792 396 396 396 0 0 1
fi=(452)
1877 1980 396 1584
fi=(283)
627 792 396 396
fi=(452)
1877 1188 396 792
fi=(481)
21 792 0 0 0 0 0 0 0 0 396 4
-21 1188 1188
24 396 0 396
cfn=(3646) <(alloc::string::String, rustgres::storage::ColType) as core::slice::cmp::SlicePartialEq<(alloc::string::String, rustgres::storage::ColType)>>::equal_same_length
calls=396 125 
* 108099 26222 35640 3643 1188 0 5 0 0 6422 121 792
* 792 0 396
fi=(482)
279 792 396
fe=(496)
17 1188 396

fn=(3794) <alloc::vec::Vec<rustgres::storage::Value> as core::cmp::PartialEq>::ne
17 234630 0 156420
fi=(283)
627 156420 78210 78210 395 13569 0 1
fi=(452)
1877 391050 78210 312840 0 6806
fi=(283)
627 156420 78210 78210 0 17732
fi=(452)
1877 234630 78210 156420 0 8856
fi=(481)
21 156420 0 0 0 0 0 0 0 0 78210 4
-21 234630 234630
24 78210 0 78210
cfn=(3798) <rustgres::storage::Value as core::slice::cmp::SlicePartialEq<rustgres::storage::Value>>::equal_same_length
calls=78210 125 
* 22368060 5318280 5631120 7110 233831 0 17 0 0 1016730 24 234630 156420
* 156420 0 78210
fi=(482)
279 156420 78210
fe=(496)
17 234630 78210

fl=(250)
fn=(2088) <<std::thread::lifecycle::Packet<()> as core::ops::drop::Drop>::drop::{closure#0} as core::ops::function::FnOnce<()>>::call_once
250 8 0 4 2 0 1 1
cfi=(368) /home/hatch/.rustup/toolchains/nightly-x86_64-unknown-linux-gnu/lib/rustlib/src/rust/library/std/src/thread/lifecycle.rs
cfn=(2090) <std::thread::lifecycle::Packet<()> as core::ops::drop::Drop>::drop::{closure#0}
calls=2 -69 
* 80 22 26 7 0 1 3 0 0 4 2
* 4 2

fn=(1200)
250 4 0 4 2 0 2 1 0 1
cfi=(310) /home/hatch/.rustup/toolchains/nightly-x86_64-unknown-linux-gnu/lib/rustlib/src/rust/library/std/src/sys/thread_local/native/mod.rs
cfn=(1202) <std::hash::random::RandomState>::new::KEYS::__rust_std_internal_init_fn
calls=2 85 
* 203 49 37 20 1 6 10 1 3 24 5 4 3
* 4 4

fn=(1894) <std::thread::lifecycle::spawn_unchecked<rustgres::main::{closure#0}, ()>::{closure#1} as core::ops::function::FnOnce<()>>::call_once::{shim:vtable#0}
250 6 0 4 2 0 0 1
cfi=(368)
cfn=(1896) std::thread::lifecycle::spawn_unchecked::<rustgres::main::{closure#0}, ()>::{closure#1}
calls=2 61 
* 231945229 61210069 62611397 1477259 985604 139993 2197 37 3382 21583139 432951 2166084 343918
* 4 2 0 1

fn=(2598) <<char as core::clone::Clone>::clone as core::ops::function::FnMut<(&char,)>>::call_mut
166 135288 33822 101466 1191 0 0 1
fi=(498)
716 33822 33822
fe=(250)
166 33822 33822

fn=(834) <fn() as core::ops::function::FnOnce<()>>::call_once
250 3 0 2 1 0 0 1 0 0 0 0 1 1
cfi=(251)
cfn=(836) rustgres::main
calls=1 40 
* 21563 5327 4648 1196 123 128 840 28 54 2755 646 323 180

fn=(1190)
250 15 3 6 2 0 0 1
cfi=(310)
cfn=(1192) <std::hash::random::RandomState>::new::KEYS::{K#0}::{closure#1}
calls=3 100 
* 543 123 142 53 1 9 27 1 5 41 16 4 3
* 3 0 3
0 3 3
250 6 3

fn=(2472) <<char>::is_whitespace as core::ops::function::FnMut<(char,)>>::call_mut
166 35730 7146 21438 1191 0 0 1
cfi=(471) /home/hatch/.rustup/toolchains/nightly-x86_64-unknown-linux-gnu/lib/rustlib/src/rust/library/core/src/char/methods.rs
cfn=(2474) <char>::is_whitespace
calls=7146 1088 
* 178650 42876 21438 2382 0 0 2 0 0 35730 6
* 21438 7146

fl=(253)
fn=(2622) <alloc::raw_vec::RawVec<alloc::vec::Vec<u8>>>::grow_one
188 7146 0 3573 1191 0 0 1
506 1191 1191
+30 1191
fi=(236) /rustc/4aa1fbcf467cf38ce58abfa8eb9213a789c5381c/library/core/src/cmp.rs
2325 3573
fe=(253)
542 7146 1191 1191
cfn=(1122) <alloc::raw_vec::RawVecInner>::finish_grow
calls=1191 +15 
* 115695 26233 20260 3576 2 1 0 0 1 14321 8 3573 2
fi=(245)
2176 2382 1191 0 1191 0 0 1 0 0 1191
+1 1191 1191
fe=(253)
796 1191 0 1191
+2 1191 0 1191
191 5955 4764

fn=(2320) <alloc::raw_vec::RawVec<u8>>::grow_one
188 9594 0 4797 1192 0 0 1
506 1599 1599 0 1192 0 0 1
+30 1599
fi=(236)
2325 4797
fe=(253)
542 6396 1599 1599
cfn=(1122)
calls=1599 +15 
* 142316 34378 28621 3596 8 4 6 0 4 19106 1233 4396 4
fi=(245)
2176 3198 1599 0 0 0 0 0 0 0 1599
+1 1599 1599
fe=(253)
796 1599 0 1599
+2 1599 0 1599
191 7995 6396

fn=(1122)
557 10737 0 5965 1192 0 1 1
fi=(173)
3242 9544
fi=(301)
486 3579 0 0 0 0 0 0 0 0 1193 4
jfi=(253)
jcnd=1193/1193 647 
* 
fe=(253)
647 2386 0 0 1192 0 0 1 0 0 1193 2
jfi=(242)
jcnd=1191/1193 304 
* 
fi=(173)
1431 2
fi=(242)
233 10 2 2 0 1 0 0 0 0 0 0 2 1
cfi=(162)
cfn=(1126)
calls=2 0 
* 774 162 92 13 0 6 1 0 1 120 21 4 1
fi=(245)
965 4 0 0 0 0 0 0 0 0 2 2
jcnd=2/2 +1 
* 
fi=(242)
304 2382 0 0 0 0 0 0 0 0 1191
+4 1191 1191 1191 0 0 0 0 0 0 0 0 1191 1
cfi=(162)
cfn=(812)
calls=1191 0 
* 1191 1191
131 3573 1191 1191 0 0 0 0 0 0 0 0 1191 1
cfi=(162)
cfn=(814)
calls=1191 0 
* 65673 15514 8350 3 2 1 0 0 1 9557 3 1191
fi=(245)
965 2382 0 0 1191 0 0 0 0 0 1191 1
jcnd=1191/1191 +1 
* 
+1 3579 0 1193 1 0 0 1
fe=(253)
0 2386 0 2386
579 7158 7158
-22 12792 0 7995 1192 0 0 1
fi=(374)
75 1599
+38 1599 0 0 0 0 0 0 0 0 1599
0 1599
fe=(253)
647 3198 0 0 0 0 0 0 0 0 1599 7
jfi=(242)
jcnd=1192/1599 304 
* 
0 407
fi=(242)
233 1628 407 407 400 1 0 1 0 0 0 0 407 1
cfi=(162)
cfn=(1126)
calls=407 0 
* 28379 6904 4694 20 7 4 3 0 4 3581 454 413 1
fi=(245)
965 814 0 0 0 0 0 0 0 0 407 403
jcnd=407/407 +1 
* 
fi=(242)
304 2384 0 0 792 0 0 0 0 0 1192
129 1192 1192 1192 0 0 0 0 0 0 0 0 1192 1
cfi=(162)
cfn=(812)
calls=1192 0 
* 1192 1192
+2 3576 1192 1192 0 0 0 0 0 0 0 0 1192 1
cfi=(162)
cfn=(814)
calls=1192 0 
* 61984 15496 8344 0 0 0 0 0 0 9536 367 1192
fi=(245)
965 2384 0 0 0 0 0 0 0 0 1192 2
jcnd=1192/1192 +1 
* 
+1 4797 0 1599 1192 0 0 1
fe=(253)
0 3198 0 3198
579 9594 7995

fn=(1118) <alloc::raw_vec::RawVecInner<_>>::reserve::do_reserve_and_handle::<alloc::alloc::Global>
675 12 0 6 1 0 0 1
fi=(173)
968 2 0 0 1 0 0 1
fi=(301)
486 2 0 0 0 0 0 0 0 0 2
0 6
fe=(253)
536 4 2
fi=(236)
2325 4
fe=(253)
161 8
fi=(236)
2325 4
fe=(253)
542 8 2 2 1 0 0 1
cfn=(1122)
calls=2 +15 
* 856 176 110 16 1 7 4 0 1 126 25 6 2
fi=(245)
2176 4 2 0 0 0 0 0 0 0 2
+1 2 2
fe=(253)
796 2 0 2
+2 2 0 2
685 10 8

fl=(283)
fn=(2702) <alloc::raw_vec::RawVec<rustgres::sql::Token>>::grow_one
188 3972 0 1986 1191 0 0 1
504 3972 0 3972
190 1986 0 1986
506 11916 3972 3972 1191 0 0 1 0 0 0 0 1986 1
cfi=(162)
cfn=(2270)
calls=1986 0 
* 663476 140026 97154 3669 1415 2340 4 2 210 98834 10124 7836
* 15888 1986 3972 0 0 0 0 0 0 1986 3
jcnd=1986/1986 191 
* 
191 3972 1986 0 1191 0 0 1

fn=(2776) <alloc::raw_vec::RawVec<rustgres::sql::Token> as core::ops::drop::Drop>::drop
433 2382 0 2382 1191 0 0 1
+2 3573 1191 1191 0 0 0 0 0 0 0 0 1191 1
cfi=(162)
cfn=(898)
calls=1191 0 
* 190716 56021 28713 923 346 0 0 0 0 30536 1750 2382
+1 2382 2382

fn=(3570) <alloc::raw_vec::RawVec<usize> as core::ops::drop::Drop>::drop
433 792 0 792 396 0 0 1
+2 1188 396 396 0 0 0 0 0 0 0 0 396 396
cfi=(162)
cfn=(898)
calls=396 0 
* 45144 13068 6336 0 0 0 0 0 0 6336 271 792
+1 792 792

fn=(3792) <alloc::raw_vec::RawVec<(alloc::string::String, rustgres::storage::Database)> as core::ops::drop::Drop>::drop
433 792 0 792 396
+2 1188 396 396 0 0 0 0 0 0 0 0 396
cfi=(162)
cfn=(898)
calls=396 0 
* 4752 1188 396 0 0 0 0 0 0 1188 398
+1 792 792

fn=(2976) <alloc::raw_vec::RawVec<(alloc::string::String, rustgres::storage::ColType)>>::grow_one
188 2 0 1 1 0 0 1
504 2 0 2
190 1 0 1
506 6 2 2 1 0 0 1 0 0 0 0 1 1
cfi=(162)
cfn=(2270)
calls=1 0 
* 149 33 25 0 0 0 0 0 0 17 1 4
* 8 1 2 0 0 0 0 0 0 1
jcnd=1/1 191 
* 
191 2 1 0 1 0 0 1

fn=(3596) <alloc::raw_vec::RawVec<alloc::vec::Vec<rustgres::sql::InsertValue>> as core::ops::drop::Drop>::drop
433 792 0 792 396 0 0 1
+2 1188 396 396 0 0 0 0 0 0 0 0 396
cfi=(162)
cfn=(898)
calls=396 0 
* 45144 13068 6336 0 112 0 0 0 0 6336 16 792
+1 792 792

fn=(3710) <alloc::raw_vec::RawVec<rustgres::wal::WalRecord>>::grow_one
188 792 0 396 396 0 0 1
504 792 0 792
190 396 0 396
506 2376 792 792 396 252 0 1 0 0 0 0 396
cfi=(162)
cfn=(2270)
calls=396 0 
* 59169 13098 9913 1052 1101 1 0 0 1 6761 8 1584
* 3168 396 792 0 0 0 0 0 0 396
jcnd=396/396 191 
* 
191 792 396 0 396 0 0 1

fn=(3782) <alloc::raw_vec::RawVec<rustgres::storage::Value> as core::ops::drop::Drop>::drop
433 158796 0 158796 397
+2 238194 79398 79398 0 0 0 0 0 0 0 0 79398 398
cfi=(162)
cfn=(898)
calls=79398 0 
* 11351474 3003582 1193656 0 21867 1 0 0 0 2037083 883 158796
+1 158796 158796

fn=(998) <alloc::raw_vec::RawVec<std::ffi::os_str::OsString> as core::ops::drop::Drop>::drop
433 2 0 2 1 0 0 1
+2 3 1 1 0 0 0 0 0 0 0 0 1 1
cfi=(162)
cfn=(898)
calls=1 0 
* 106 31 16 0 0 0 0 0 0 16 0 2
+1 2 2

fn=(2632) <alloc::raw_vec::RawVec<char> as core::ops::drop::Drop>::drop
433 4764 0 4764 1191 0 0 1
+2 7146 2382 2382 0 0 0 0 0 0 0 0 2382 1
cfi=(162)
cfn=(898)
calls=2382 0 
* 403282 112025 52147 3173 25 0 7 0 0 71033 3923 4764
+1 4764 4764

fn=(3528) <alloc::raw_vec::RawVec<alloc::vec::Vec<rustgres::storage::Value>> as core::ops::drop::Drop>::drop
433 2380 0 2380 793 0 0 1
+2 3570 1190 1190 0 0 0 0 0 0 0 0 1190 1
cfi=(162)
cfn=(898)
calls=1190 0 
* 208691 57396 29563 3492 1384 26 1 0 0 34628 3541 2378 396
+1 2380 2380

fn=(3592) <alloc::raw_vec::RawVec<rustgres::sql::InsertValue> as core::ops::drop::Drop>::drop
433 792 0 792 396 0 0 1
+2 1188 396 396 0 0 0 0 0 0 0 0 396 396
cfi=(162)
cfn=(898)
calls=396 0 
* 45144 13068 6336 0 111 0 0 0 0 6336 1 792
+1 792 792

fn=(3310) <alloc::raw_vec::RawVec<rustgres::sql::InsertValue>>::grow_one
188 792 0 396 396 0 0 1
504 792 0 792
190 396 0 396
506 2376 792 792 396 0 0 1 0 0 0 0 396 1
cfi=(162)
cfn=(2270)
calls=396 0 
* 59004 13068 9900 0 296 0 0 0 0 6732 398 1584
* 3168 396 792 0 0 0 0 0 0 396
jcnd=396/396 191 
* 
191 792 396

fn=(2956) <alloc::raw_vec::RawVec<alloc::string::String> as core::ops::drop::Drop>::drop
433 2382 0 2382 1191 0 0 1
+2 3573 1191 1191 0 0 0 0 0 0 0 0 1191 1
cfi=(162)
cfn=(898)
calls=1191 0 
* 135858 39318 19053 0 963 0 0 0 0 19083 411 2382
+1 2382 2382

fn=(1950)
444 771777 0 428765 4061 0 1555 2 0 4
786 85753 0 85753 0 0 146
fi=(324)
2718 85753 0 85753
fe=(283)
445 257259 85753 85753 0 598 1024 0 0 0 0 0 85753 397
cfi=(162)
cfn=(1952)
calls=85753 0 
* 34689464 7236830 5343179 34417 328937 19695 21 0 67 5889357 92657 257256 3
* 171506 85753 0 0 0 0 0 0 0 85753 5
0 85753 85753 0 1987 0 0 1
446 514518 171506 343012 0 0 201
fi=(524)
176 85753 0 85753 2602 0 0 1
fe=(283)
632 171506 0 0 0 0 0 0 0 0 85753 7
0 85753 85753
632 85753 0 85753
fi=(352)
49 85753 0 85753
-49 85753 85753
fi=(324)
2719 171506 85753
fe=(283)
787 171506
450 343012 0 171506 2540 0 0 1
0 85753 85753
fi=(279)
78 343012 0 85753
cfn=(1954)
calls=85753 -10 
* 857530 85753 171506 2385 0 0 2 0 0 85753 1562
-78 171506 171506
fe=(283)
456 171506 85753 0 0 230

fn=(2914) <alloc::raw_vec::RawVec<rustgres::wal::WalRecord> as core::ops::drop::Drop>::drop
433 798 0 798 3 0 0 1
+2 1197 399 399 0 0 0 0 0 0 0 0 399 2
cfi=(162)
cfn=(898)
calls=399 0 
* 45414 13142 6368 0 0 0 0 0 0 6381 392 796
+1 798 798

fn=(3214) <alloc::raw_vec::RawVec<(alloc::string::String, rustgres::storage::ColType)> as core::ops::drop::Drop>::drop
433 800 0 800 398 0 0 1
+2 1200 400 400 0 0 0 0 0 0 0 0 400 1
cfi=(162)
cfn=(898)
calls=400 0 
* 56488 15130 6014 5 143 0 0 0 0 9914 577 800
+1 800 800

fn=(3316) <alloc::raw_vec::RawVec<alloc::vec::Vec<rustgres::sql::InsertValue>>>::grow_one
188 792 0 396 396 0 0 1
504 792 0 792
190 396 0 396
506 2376 792 792 396 0 0 1 0 0 0 0 396 1
cfi=(162)
cfn=(2270)
calls=396 0 
* 59172 13099 9913 0 291 1 0 0 1 6761 800 1584
* 3168 396 792 0 0 0 0 0 0 396 1
jcnd=396/396 191 
* 
191 792 396 0 396 0 0 1

fl=(360) /home/hatch/.rustup/toolchains/nightly-x86_64-unknown-linux-gnu/lib/rustlib/src/rust/library/core/src/iter/traits/collect.rs
fn=(2578) <core::iter::adapters::cloned::Cloned<core::slice::iter::Iter<char>> as core::iter::traits::collect::IntoIterator>::into_iter
322 15912 0 7956 1191 0 0 1
+2 3978 3978

fn=(3450) <core::slice::iter::Iter<usize> as core::iter::traits::collect::IntoIterator>::into_iter
322 1584 0 792 396
+2 396 396

fn=(2572) <core::slice::iter::Iter<char> as core::iter::traits::collect::IntoIterator>::into_iter
322 15912 0 7956 1191 0 0 1
+2 3978 3978

fn=(3362) <core::ops::range::Range<usize> as core::iter::traits::collect::IntoIterator>::into_iter
322 1584 0 792 396
+2 396 396

fn=(3716) <std::collections::hash::map::Keys<alloc::string::String, rustgres::storage::Table> as core::iter::traits::collect::IntoIterator>::into_iter
322 1188 0 792 396
+1 792 0 396
cob=(2)
cfi=(214)
cfn=(708)
calls=396 -68 
* 4752 1188 792 0 0 0 0 0 0 792
* 396 396 0 0 0 0 0 0 0 0 0 396
0 396 396
324 792 792

fn=(3468) <core::iter::adapters::zip::Zip<core::slice::iter::Iter<rustgres::sql::InsertValue>, core::slice::iter::Iter<usize>> as core::iter::traits::collect::IntoIterator>::into_iter
322 1188 0 792 396
+1 792 0 396
cob=(2)
cfi=(214)
cfn=(708)
calls=396 -68 
* 4752 1188 792 301 0 0 0 0 0 792 396
* 396 396 0 0 0 0 0 0 0 0 0 396
0 396 396
324 792 792

fn=(2518) <core::str::iter::Chars as core::iter::traits::collect::IntoIterator>::into_iter
322 9528 0 4764
+2 2382 2382 0 1191 0 0 1

fn=(3184) <core::ops::range::Range<i32> as core::iter::traits::collect::IntoIterator>::into_iter
322 77892 0 38946 398 0 0 1
+2 19473 19473

fn=(1612) <std::net::tcp::Incoming as core::iter::traits::collect::IntoIterator>::into_iter
322 2 0 1 1 0 0 1
+2 1 1

fn=(2992) <core::iter::adapters::enumerate::Enumerate<core::slice::iter::Iter<(alloc::string::String, rustgres::storage::ColType)>> as core::iter::traits::collect::IntoIterator>::into_iter
322 1 0 0 1 0 0 1
+1 6 3 3
+1 1 1

fl=(375)
fn=(2176) <alloc::sync::Arc<std::thread::thread::Inner, std::alloc::System>>::drop_slow
2243 8 0 6 2 0 0 1
+6 2 2
fi=(233)
843 2 2
+5 4 0 0 0 0 0 0 0 0 2 1
jfi=(443) /rustc/4aa1fbcf467cf38ce58abfa8eb9213a789c5381c/library/alloc/src/rc.rs
jcnd=2/2 3386 
* 
fi=(443)
3386 2
fe=(375)
3517 2 0 0 0 0 0 0 0 0 2
fi=(177)
4374 2 2 2 2 0 0 1 0 0 2 1
fe=(375)
3670 2 0 0 0 0 0 0 0 0 2 1
fi=(244)
65 10 6 0 0 0 0 0 0 0 0 0 2 1
cob=(2)
cfi=(194)
cfn=(738)
calls=2 3359 
* 200 55 27 0 0 0 0 0 0 34 2
fe=(375)

fl=(268) /home/hatch/.rustup/toolchains/nightly-x86_64-unknown-linux-gnu/lib/rustlib/src/rust/library/std/src/ffi/os_str.rs
fn=(912) <str as core::convert::AsRef<std::ffi::os_str::OsStr>>::as_ref
1771 8 0 4 2 0 0 1
+2 2 2

fn=(1002) <std::ffi::os_str::OsString as core::ops::index::Index<core::ops::range::RangeFull>>::index
654 3 0 3 1 0 0 1
fi=(283)
-27 3 3
fi=(452)
1877 3 3
fe=(268)
656 3 3

fl=(339)
fn=(1438)
390 60 0 30 1 0 0 1
+1 20 20 10 0 0 0 0 0 0 0 0 10 1
cfi=(332) /rustc/4aa1fbcf467cf38ce58abfa8eb9213a789c5381c/library/std/src/io/stdio.rs
cfn=(1440) <std::io::stdio::StdoutLock as core::io::write::Write>::write_all
calls=10 862 
* 1586 336 216 22 2 0 22 1 0 281 82 26 8
* 30 0 0 0 0 0 0 0 0 10 7
jcnd=10/10 * 
* 
* 20 0 0 1 0 0 1
+7 50 40

fn=(1568) <std::sys::stdio::unix::Stdout as core::io::write::Write>::write_all
214 8 0 6 1 0 0 1
fi=(302)
-75 1
fe=(339)
+76 1 0 0 0 0 0 0 0 0 1
0 4 1 0 1 0 0 1
jfi=(321)
jump=1 371 
0 
fi=(302)
139 1
fe=(339)
+76 1 0 0 0 0 0 0 0 0 1 1
fi=(321)
371 4 0 1 0 0 0 0 0 0 0 0 1 1
cob=(2)
cfi=(327)
cfn=(1354)
calls=1 25 
* 8 2 0 0 0 0 0 0 0 2
fi=(176)
240 4 0 0 0 0 0 0 0 0 2
fi=(290)
544 3 0 0 1 0 0 1 0 0 1
90 3
jfi=(302)
jump=1 +49 
* 
fi=(294)
-90 1 0 0 1 0 0 1
fe=(339)
226 8 7

fn=(2048) <std::sys::stdio::unix::Stderr as core::io::write::Write>::write_all
214 24 0 18 1 0 0 1
fi=(302)
-75 3
fe=(339)
+76 3 0 0 0 0 0 0 0 0 3
0 12 3
jfi=(321)
jump=3 371 
0 
fi=(302)
139 3
fe=(339)
+76 3 0 0 0 0 0 0 0 0 3 2
fi=(321)
371 12 0 3 1 0 0 1 0 0 0 0 3 1
cob=(2)
cfi=(327)
cfn=(1354)
calls=3 25 
* 171 39 27 2 0 0 1 0 0 24 5
fi=(176)
240 12 0 0 0 0 0 0 0 0 6 1
fi=(290)
544 9 0 0 0 0 0 0 0 0 3
90 9
jfi=(302)
jump=3 +49 
* 
fi=(294)
-90 3 0 0 1 0 0 1
fe=(339)
226 24 21

fn=(2044)
390 15 0 9 1 0 0 1
+1 3 3
fi=(530) /rustc/4aa1fbcf467cf38ce58abfa8eb9213a789c5381c/library/std/src/sync/reentrant_lock.rs
+7 3 3
fi=(337)
2069 6 3 0 0 0 0 0 0 0 3
0 3
fi=(174)
976 3 0 3
fi=(332)
191 3 0 3
cfi=(339)
cfn=(2048)
calls=3 +23 
* 288 63 48 5 0 0 4 0 0 39 8 3 1
+13 6 0 0 0 0 0 0 0 0 3 2
jfi=(174)
jcnd=3/3 976 
* 
fi=(174)
976 6 0 3 1 0 0 1
fe=(339)
391 3
jump=3 +7 
* 
+7 15 12 0 1 0 0 1

fl=(454)
fn=(2540)
17 9528 0 7146 1191 0 0 1
+1 2382 0 2382
cfi=(452)
cfn=(2542) <alloc::vec::Vec<char>>::extend_desugared::<core::str::iter::Chars>
calls=2382 4140 
* 7481731 2005447 2397325 47931 3075 4679 14 0 86 553934 33551 18294 1188
+1 4764 2382

fn=(2254) <alloc::vec::Vec<u8> as alloc::vec::spec_extend::SpecExtend<&u8, core::slice::iter::Iter<u8>>>::spec_extend
55 35874 0 23916 797 0 1033 1 0 1
+1 11958 0 11958 1192 0 550 1
fi=(280)
731 5979 0 5979
fi=(458)
93 23916 5979 17937
-60 17937 5979 11958
+24 17937 5979 11958 1192 0 0 1
fi=(358)
417 5979 0 5979
898 5979 0 5979
fi=(513)
-5 5979 0 5979
fi=(279)
78 11958 0 5979
cfn=(978)
calls=5979 -10 
* 47832 5979 17937 1195 0 231 0 0 0 5979 743
* 17937 17937
fi=(280)
734 11958 0 5979 1192 0 0 1
fi=(279)
78 11958 5979
fi=(280)
731 5979
fi=(279)
78 11958 0 5979
cfn=(2258)
calls=5979 -10 
* 454404 65769 107622 3191 0 383 5 0 0 29895 83
* 11958 11958
fi=(531) /home/hatch/.rustup/toolchains/nightly-x86_64-unknown-linux-gnu/lib/rustlib/src/rust/library/core/src/ptr/metadata.rs
+42 5979 5979
fi=(457)
+16 11958 0 11958
fe=(454)
-78 5979 0 5979
cfi=(452)
cfn=(2264) <alloc::vec::Vec<u8>>::append_elements
calls=5979 2994 
* 2781958 629762 575182 26118 4521 1634 25 5 59 292363 22790 35043 9
+1 11958 5979 0 1192 0 0 1

fn=(3374)
26 1584 0 1188 396 0 0 1
+1 396 0 396
cfi=(452)
cfn=(3376) <alloc::vec::Vec<usize>>::extend_trusted::<core::ops::range::Range<usize>>
calls=396 4168 
* 142560 43956 62568 8333 0 0 17 0 0 4752 32
+1 792 396

fn=(3504) <alloc::vec::Vec<alloc::vec::Vec<rustgres::storage::Value>> as alloc::vec::spec_extend::SpecExtend<alloc::vec::Vec<rustgres::storage::Value>, alloc::vec::into_iter::IntoIter<alloc::vec::Vec<rustgres::storage::Value>>>>::spec_extend
32 2772 396 1584 792 0 0 2
+2 396 0 396
+1 396 0 396
cfi=(278) /home/hatch/.rustup/toolchains/nightly-x86_64-unknown-linux-gnu/lib/rustlib/src/rust/library/alloc/src/vec/into_iter.rs
cfn=(3506) <alloc::vec::into_iter::IntoIter<alloc::vec::Vec<rustgres::storage::Value>>>::as_slice
calls=396 +55 
* 63756 14256 20988 5148 0 0 6 0 0 3168 5
-35 792 0 792
35 396
-35 1188 1188 0 396 0 0 1
35 396 0 396
cfi=(452)
cfn=(3518) <alloc::vec::Vec<alloc::vec::Vec<rustgres::storage::Value>>>::append_elements
calls=396 2994 
* 699094 346806 331433 21082 10383 16061 17 1 2469 293666 7788 2614 1
* 396
-35 396 396
37 4356 1584 2772 396 0 0 1
fi=(423)
181 396 0 396
fi=(358)
514 396 0 396
0 396 396
fi=(352)
42 396 0 396
-42 396 396
fi=(283)
617 396 396 0 396 0 0 1
296 1188 0 792
fi=(278)
-89 396 0 396
cfi=(264)
cfn=(3526) core::ptr::drop_glue::<alloc::raw_vec::RawVec<alloc::vec::Vec<rustgres::storage::Value>>>
calls=396 848 
* 49896 15048 8712 2679 0 0 2 0 0 6336 402 1188 397
* 396
fe=(454)
38 792 396

fl=(266) /home/hatch/.rustup/toolchains/nightly-x86_64-unknown-linux-gnu/lib/rustlib/src/rust/library/std/src/env.rs
fn=(1658) std::env::var_os::<&str>
264 5 0 4 1
+1 2 0 1
cfi=(267) /home/hatch/.rustup/toolchains/nightly-x86_64-unknown-linux-gnu/lib/rustlib/src/rust/library/core/src/convert/mod.rs
cfn=(910) <&str as core::convert::AsRef<std::ffi::os_str::OsStr>>::as_ref
calls=1 719 
* 13 5 5 2
* 2 0 2
0 3 3
265 1 1 1 0 0 0 0 0 0 0 0 1 1
cfi=(269) /rustc/4aa1fbcf467cf38ce58abfa8eb9213a789c5381c/library/std/src/sys/env/unix.rs
cfn=(916) std::sys::env::unix::getenv
calls=1 112 
* 636 183 34 14 6 0 0 1 0 174 24 6
0 1 1
266 2 1

fn=(908) std::env::var::<&str>
228 5 0 4 1 0 0 1
+7 2 0 1
cfi=(267)
cfn=(910)
calls=1 719 
* 13 5 5 2 0 0 2
* 2 0 2
0 3 3 0 1 0 0 1
235 1 1 1 0 0 0 0 0 0 0 0 1 1
cfi=(252) /rustc/4aa1fbcf467cf38ce58abfa8eb9213a789c5381c/library/std/src/env.rs
cfn=(914) std::env::var::inner
calls=1 -6 
* 737 200 66 24 46 2 24 1 0 162 35 13 10
0 1 1
236 2 1

fl=(476)
fn=(2596)
88 236754 0 169110 1191 0 0 1
cfi=(250)
cfn=(2598)
calls=33822 +78 
* 202932 101466 101466 1191 0 0 1
* 33822 0 33822
-88 67644 67644
88 67644 0 67644
cfi=(258) /home/hatch/.rustup/toolchains/nightly-x86_64-unknown-linux-gnu/lib/rustlib/src/rust/library/core/src/iter/traits/iterator.rs
cfn=(2600) core::iter::traits::iterator::Iterator::for_each::call::<char, <alloc::string::String as core::iter::traits::collect::Extend<char>>::extend<core::iter::adapters::cloned::Cloned<core::slice::iter::Iter<char>>>::{closure#0}>::{closure#0}
calls=33822 884 
* 2942514 879372 1319058 14292 0 0 12 0 0 135288 16 33822 1191
* 67644 33822

fl=(348) /home/hatch/workspace/rustgres/src/net.rs
fn=(1558) rustgres::net::bind_reuseaddr_linux::syscall6
57 76 20 40 2 0 0 2
+4 8 0 4
+15 4 4
+1 4 4

fn=(1546) rustgres::net::bind_listen
18 3 0 1 1 0 0 1
+3 10 4 5
cfn=(1548) rustgres::net::bind_reuseaddr_linux
calls=1 +7 
* 256 62 105 18 0 0 18 0 0 10 3 1
* 1 1
+4 2 1

fn=(1548)
28 4 0 3 1 0 0 1
+22 3 1 0 0 0 0 0 0 0 1 1
-50 1 1 0 1 0 0 1
51 6 2 3
cfi=(349) /home/hatch/.rustup/toolchains/nightly-x86_64-unknown-linux-gnu/lib/rustlib/src/rust/library/core/src/net/socket_addr.rs
cfn=(1550) <core::net::socket_addr::SocketAddrV4>::ip
calls=1 394 
* 3 1 1 1 0 0 1
* 2 0 1
cfi=(350)
cfn=(1552)
calls=1 697 
* 5 3 2 1 0 0 1
* 7 3 4 1 0 0 1
cfi=(324)
cfn=(1554) <u32>::from_ne_bytes
calls=1 4181 
* 5 3 2
* 3 0 2
cfi=(349)
cfn=(1556) <core::net::socket_addr::SocketAddrV4>::port
calls=1 430 
* 3 2 1 1 0 0 1
* 2 1 1
-1 2 0 2
+36 9 0 2 1 0 0 1
cfn=(1558)
calls=1 -29 
* 23 7 11 2 0 0 2
* 2 0 2
+1 2 0 0 0 0 0 0 0 0 1
-87 1 1
91 1 0 1
+7 1
-5 7 0 2 1 0 0 1
cfn=(1558)
calls=1 -36 
* 23 7 11
* 2 0 2
+10 3 0 0 0 0 0 0 0 0 1
0 2 1 1 1 0 0 1
fi=(324)
773 2 0 1
fe=(348)
120 4 0 1 1 0 0 1
cob=(2)
cfi=(227)
cfn=(766)
calls=1 +38 
* 13 1 2 0 0 0 0 0 0 3 2
* 1 1 0 0 0 0 0 0 0 0 0 1
* 3 3
-4 5 1 4
+10 1
-3 7 0 2 1 0 0 1
cfn=(1558)
calls=1 -66 
* 23 7 11
* 2 0 2
+10 3 0 0 0 0 0 0 0 0 1
0 1 1 0 1 0 0 1
139 8 0 2
cfn=(1558)
calls=1 -82 
* 23 7 11
* 2 0 2
+1 3 0 0 1 0 0 1 0 0 1
0 1 1
145 2 0 1
cfi=(351) /home/hatch/.rustup/toolchains/nightly-x86_64-unknown-linux-gnu/lib/rustlib/src/rust/library/std/src/os/fd/net.rs
cfn=(1560) <std::net::tcp::TcpListener as std::os::fd::raw::FromRawFd>::from_raw_fd
calls=1 24 
* 22 4 10 2 0 0 2 0 0 2
* 4 1 2
+1 1
0 1 1 0 1 0 0 1
146 2 1

fl=(349)
fn=(1556)
430 1 0 1 1 0 0 1
+1 1 1
+1 1 1

fn=(1550)
394 2 0 1 1 0 0 1
+2 1 1

fl=(489) /cargo/registry/25cdd57fae9f0462/hashbrown-0.17.1/src/raw.rs
fn=(3246) <hashbrown::raw::RawIterRange<(alloc::string::String, rustgres::storage::Table)>>::next_impl::<false>
3647 4752 0 3168 1188 0 0 1
461 1584 0 1584
fi=(513)
1016 1584 0 1584 792 0 0 1
fi=(280)
838 1584 0 1584
0 1584 1584
fi=(494) /cargo/registry/25cdd57fae9f0462/hashbrown-0.17.1/src/control/bitmask.rs
103 3168 1584 1584
fi=(532) /home/hatch/.rustup/toolchains/nightly-x86_64-unknown-linux-gnu/lib/rustlib/src/rust/library/core/src/num/nonzero.rs
391 1584 0 1584
fi=(494)
40 9504 1584 0 792 0 0 1 0 0 1584
-40 1584 1584
40 3168 1584 1584
fi=(532)
628 4752
fi=(494)
70 1584
-29 3168 0 3168
fi=(265)
2877 3168 1584 1584
fi=(494)
104 3168 1584 1584 792 0 0 1
-76 4752
+76 1584 0 1584
+1 3168 0 3168
fe=(489)
3649 4752 1584 3168
462 1584
0 1584 1584 0 1188 0 0 1
466 4752 1584 3168
fi=(358)
-49 1584 0 1584
0 3168 3168
fi=(513)
1055 7920 0 1584 876 0 0 1
fe=(489)
462 1584
fi=(358)
247 1584 1584
fe=(489)
3650 1584 0 1584
+20 4752 3168

fn=(3812) <hashbrown::raw::RawTable<(alloc::string::String, rustgres::storage::Table)>>::remove
793 8 1 5 2 0 0 1
fi=(533) /cargo/registry/25cdd57fae9f0462/hashbrown-0.17.1/src/util.rs
35 1 0 1
fi=(513)
1016 1 0 1
fi=(280)
621 1 0 1
fe=(489)
795 2 0 1
cfn=(3814) <hashbrown::raw::RawTable<(alloc::string::String, rustgres::storage::Table)>>::erase_no_drop
calls=1 -25 
* 723 168 215 12 0 2 10 0 0 25 7
418 3 1 2 1 0 0 1
fi=(358)
-1 1 0 1
0 1 1
fi=(513)
1055 2 0 1
fe=(489)
413 1
fi=(513)
1247 1 1
fi=(264)
1758 3 0 1
cob=(2)
cfi=(214)
cfn=(708)
calls=1 255 
* 22 6 4 0 1 0 0 0 0 5 1
* 1 1 0 0 0 0 0 0 0 0 0 1
* 1 1 0 1 0 0 1
fe=(489)
686 2 1 1
fi=(358)
514 1 0 1
0 1 1
fe=(489)
393 5 1 4
fi=(280)
622 1
0 2 2 0 1 0 0 1
624 4
fe=(489)
20 1 0 1
-20 1 1
796 3 0 1
cob=(2)
cfi=(214)
cfn=(708)
calls=1 255 
* 22 6 4 0 0 0 0 0 0 5
* 1 1 0 0 0 0 0 0 0 0 0 1
* 4 3 1 1
+2 2 1

fn=(3814)
770 5 0 4 1 0 0 1
fi=(280)
621 1 0 1
fe=(489)
+65 2 1 1
fi=(358)
514 1 0 1
0 2 2 0 1 0 0 1
fe=(489)
393 5 1 4
fi=(280)
622 1
0 2 2
624 4
fe=(489)
20 1 0 1
-20 1 1 0 1
773 2 1 1
cfn=(3818) <hashbrown::raw::RawTableInner>::erase
calls=1 3224 
* 694 159 202 9 0 2 8 0 0 25 7
+2 2 1

fn=(3836) <hashbrown::raw::RawTable<(alloc::string::String, rustgres::server::Prepared)> as core::ops::drop::Drop>::drop
3486 2 0 2 1 0 0 1
+10 5 0 1 1
cfn=(3838) <hashbrown::raw::RawTableInner>::drop_inner_table::<(alloc::string::String, rustgres::server::Prepared), alloc::alloc::Global>
calls=1 2270 
* 13 2 8 3 1 0 2 0 0 1 1
+2 2 2

fn=(3238) <hashbrown::raw::RawTable<(alloc::string::String, rustgres::storage::Table)>>::clone_from_impl
3433 2376 0 1584 396 0 0 1
2621 792 0 792 396 0 0 1
302 396 0 396
fi=(533)
35 396 0 396
fi=(513)
1016 396 0 396
fi=(280)
621 396 0 396
fi=(533)
35 396 0 396 396 0 0 1
fi=(513)
1016 396 0 396
fi=(533)
35 396 0 396
fi=(513)
1016 396 0 396
fe=(489)
2624 396 396
fi=(513)
32 396 0 396
fe=(489)
2624 396 396
fi=(513)
32 396 0 396 396 0 0 1
fe=(489)
2651 1584 396 396
fi=(513)
1329 396 0 396
fi=(264)
574 792 0 396
cob=(2)
cfi=(214)
cfn=(708)
calls=396 255 
* 4356 1188 792 0 206 1 0 0 0 792 397
* 396 396 0 0 0 0 0 0 0 0 0 396
* 792 792
fe=(489)
3445 792 0 792 396 0 0 1
fi=(500) /cargo/registry/25cdd57fae9f0462/hashbrown-0.17.1/src/scopeguard.rs
21 792 0 792
fe=(489)
2439 792 396 396
fi=(358)
514 396 0 396
0 396 396
417 396 0 396
0 396 396
247 396 396
fe=(489)
+84 396 0 396 396 0 0 1
2170 792 396 396
2635 1188 396
2170 396 0 396
cfn=(3242) <hashbrown::raw::RawIterRange<(alloc::string::String, rustgres::storage::Table)>>::new
calls=396 3576 
* 24552 5940 11088 2772 0 0 3
* 396
0 396 396 0 396 0 0 1
2171 396 396
-3 3564 1584 1980 396 0 0 1
3458 1584 0 396
cob=(2)
cfi=(214)
cfn=(708)
calls=396 255 
* 4752 1188 792 0 0 0 0 0 0 792
* 396 396 0 0 0 0 0 0 0 0 0 396
3853 1584 792 0 0 0 0 0 0 0 792 4
+1 396 0 396
3458 396
0 396 0 0 396 0 0 1
3859 396 0 396
cfn=(3246)
calls=396 3647 
* 22572 5940 8712 2376 0 0 6 0 0 396
* 792 0 396
0 792 792
3469 1584 792 792 0 0 290
+2 792 396 396 0 219 229
+1 792 396 396
+1 792 396
0 396 396 0 396 0 0 1
3859 396 0 396
+4 1188 396 396
3458 2772 396 0 396 0 0 1 0 0 396
0 396 396
3458 1188 396 792
686 792 396 396
fi=(358)
514 396 0 396
0 792 792 0 396 0 0 1
fe=(489)
393 1188 0 1188
fi=(280)
622 396
0 792 792
624 1584
fe=(489)
20 396 0 396
3460 1980 792 1188 396 0 0 1
686 792 396 396
fi=(358)
514 396 0 396
0 396 396
417 396 0 396
0 792 792 0 396 0 0 1
fi=(513)
1055 1980 0 396
fe=(489)
323 396
fi=(358)
-76 1188 396 792
fe=(489)
+84 396 0 396
0 396 396
418 396 0 396 396 0 0 1
fi=(358)
-1 396 0 396
0 396 396
fi=(513)
1055 792 0 396
fe=(489)
413 396
535 792 396
3461 396 0 396
cfi=(498)
cfn=(3256)
calls=396 236 
* 108166425 28762592 29049092 64593 439587 62541 30 0 233 11126696 172847 870207 157609
* 396
413 396
0 396 396 0 0 287
fi=(358)
417 396 0 396 396 0 264 1
0 396 396
fi=(513)
1055 792 0 396 0 0 231
fe=(489)
413 396
fi=(264)
1966 1584 396 396
cob=(2)
cfi=(214)
cfn=(708)
calls=396 255 
* 8712 2376 1584 0 298 402 0 0 1 1980 396
* 396 396 0 0 245 0 0 0 0 0 0 396
fe=(489)
3464 1188 396 396 396 188 193 1
-6 396
jump=396 3853 
* 

fn=(3048) <hashbrown::raw::RawTable<(alloc::string::String, rustgres::storage::Table)>>::find_or_find_insert_index::<hashbrown::map::equivalent_key<alloc::string::String, alloc::string::String, rustgres::storage::Table>::{closure#0}, hashbrown::map::make_hasher<alloc::string::String, rustgres::storage::Table, std::hash::random::RandomState>::{closure#0}>
1120 10 1 7 2 0 0 2
+6 2 0 1
cfn=(3050) <hashbrown::raw::RawTable<(alloc::string::String, rustgres::storage::Table)>>::reserve::<hashbrown::map::make_hasher<alloc::string::String, rustgres::storage::Table, std::hash::random::RandomState>::{closure#0}>
calls=1 909 
* 1031 274 362 103 0 30 80 0 30 70 21 4
0 2 2
1138 6 0 3
cfn=(3094) <hashbrown::raw::RawTableInner>::find_or_find_insert_index_inner
calls=1 1795 
* 585 144 187 32 0 0 23 0 0 18 3
* 2 0 2 1 0 0 1
-2 2 1 0 0 0 0 0 0 0 1
+6 5 1 3
jump=1 +3 
* 
+3 4 3 0 1 0 0 1

fn=(3626) <hashbrown::raw::RawTable<(alloc::string::String, rustgres::storage::Table)>>::find::<hashbrown::map::equivalent_key<alloc::string::String, alloc::string::String, rustgres::storage::Table>::{closure#0}>::{closure#0}
1202 3172 0 2379 397 0 0 1
fi=(533)
35 793 0 793
fi=(513)
1016 793 0 793 397 0 0 1
fe=(489)
1202 3172 1586 1586
686 1586 793 793
fi=(358)
514 793 0 793
0 793 793
417 793 0 793
0 1586 1586
fi=(513)
1055 3965 0 793 397 0 0 1
fe=(489)
323 793
fi=(358)
-76 2379 793 1586
0 793 793
417 793 0 793
0 793 793
fi=(513)
1055 1586 0 793
fe=(489)
413 793
0 793 793
535 793 793
1202 793 0 793
cfi=(486) /cargo/registry/25cdd57fae9f0462/hashbrown-0.17.1/src/map.rs
cfn=(3630) hashbrown::map::equivalent_key::<alloc::string::String, alloc::string::String, rustgres::storage::Table>::{closure#0}
calls=793 221 
* 71778 16857 23790 3378 564 0 2 0 0 4271 474 793 1
* 2379 793 0 397

fn=(3758) <hashbrown::raw::RawTableInner>::drop_elements::<(alloc::string::String, rustgres::storage::Table)>
2209 1188 0 792 396 0 0 1
302 396 0 396
fi=(533)
35 396 0 396 396 0 0 1
fi=(513)
1016 396 0 396
fi=(533)
35 396 0 396
fi=(513)
1016 396 0 396
0 396 396
fe=(489)
2212 792 396 0 0 0 0 0 0 0 396 2
fi=(251)
0 396 396 0 396 0 0 1
fe=(489)
2439 792 396 396
fi=(358)
514 396 0 396
fe=(489)
323 396
2224 792 396 0 0 146
0 396 396
fi=(358)
417 396 0 396
0 396 396
247 396 396
fe=(489)
+84 396 0 396
2170 792 396 396 396 0 0 1
2635 792 396
2170 792 0 396
cfn=(3242)
calls=396 3576 
* 24552 5940 11088 628
* 396 396
+1 396 396
-3 3564 1584 1980 396 0 0 1
+49 1584 0 396
cob=(2)
cfi=(214)
cfn=(708)
calls=396 255 
* 4752 1188 792 0 0 0 0 0 0 792
* 396 396 0 0 0 0 0 0 0 0 0 396
3853 1584 792 0 0 98 0 0 0 0 792 24
jcnd=396/792 +6 
* 
+1 396 0 396
2217 396
jump=396 -5 
* 
3859 792 0 396 396 0 0 1
cfn=(3246)
calls=396 3647 
* 22572 5940 8712 396 0 0 0 0 0 396
* 396 0 396
+4 1188 396 396
2217 2772 396 0 0 0 0 0 0 0 396
jcnd=396/396 * 
* 
-5 396
jump=396 +12 
* 
+5 1188 396 792 396 0 0 1
0 396 396
418 396 0 396
fi=(358)
-1 396 0 396
0 396 396
fi=(513)
1055 792 0 396
fe=(489)
413 396
fi=(264)
843 792 396 396 396 0 0 1
cfn=(3764) core::ptr::drop_glue::<(alloc::string::String, rustgres::storage::Table)>
calls=396 +5 
* 33199855 9166275 5712502 13046 186941 27 9 0 0 4548181 10780 633994 395
fe=(489)
2217 396
jump=396 3853 
* 

fn=(3066) <hashbrown::raw::RawTableInner>::new_uninitialized::<alloc::alloc::Global>
1560 7146 794 4367 794 0 1 2 0 1
-38 397 0 397
-12 397 0 397
+62 1191 397 397 397 0 1 1 0 1
cfn=(3068) <hashbrown::raw::TableLayout>::calculate_layout_for
calls=397 216 
* 43273 9131 18262 3586 0 5 11 0 5 1588
* 2382 397 0 0 0 0 0 0 0 397
0 397 397
1572 3176 1191 1985 397 0 0 1
fi=(499) /cargo/registry/25cdd57fae9f0462/hashbrown-0.17.1/src/alloc.rs
18 397 0 397
cfi=(357)
cfn=(3074) <alloc::alloc::Global as core::alloc::Allocator>::allocate
calls=397 547 
* 57895 14749 17891 3993 0 5 0 0 5 5219 801 1191
* 3970 397 794 397 0 0 1 0 0 397
fe=(489)
-18 397 397 0 397 0 0 1
fi=(499)
19 2382 794 1588 397 0 0 1
fe=(489)
1577 2382 794 1588 397 0 0 1
fi=(531)
101 397 0 397
fe=(489)
1580 1191 0 0 0 0 0 0 0 0 397
0 397 397 0 397 0 0 1
fi=(358)
514 397 0 397
-97 397 0 397
fi=(513)
971 1191 397 794 397 0 0 1
fi=(358)
247 397 0 397
fe=(489)
1604 1191 397 397
+2 1191 397 397
183 794 397 0 397 0 0 1 0 0 397 2
jcnd=397/397 * 
* 
* 397 0 0 397 0 0 1
0 1191 1191
1602 5161 1985 3176 397 0 1 1 0 1
0 397 397
1608 794 397

fn=(3232) <hashbrown::raw::RawTable<(alloc::string::String, rustgres::storage::Table)>>::new_uninitialized
628 3564 0 1584 792 0 0 2
+9 2772 0 396
cfn=(3066)
calls=396 1560 
* 140745 35274 54265 12702 0 1 0 0 1 8345 797 1188
fi=(300)
2176 2772 396 0 396 0 0 1 0 0 396 396
fe=(489)
0 396 396 0 396 0 0 1
fi=(300)
2177 6336 3168 3168 792 0 0 2
fe=(489)
636 3168 1584 1584 396 0 0 1
-1 6336 3168 3168 396 0 0 1
0 396 396
642 792 396

fn=(3756) <hashbrown::raw::RawTableInner>::drop_inner_table::<(alloc::string::String, rustgres::storage::Table), alloc::alloc::Global>
2270 3564 0 3168 792 0 0 2
2656 396 396
2271 396 0 0 0 0 0 0 0 0 396
0 396 396
2274 396 0 396
cfn=(3758)
calls=396 -65 
* 33282619 9189243 5744578 17238 187185 27 17 0 0 4550953 10806 634390 395
* 1188 1188 0 396 158 0 1
2635 792 396 0 0 177
3145 792 0 396
cfn=(3068)
calls=396 216 
* 43164 9108 18216 4356 0 214 0 0 0 1584 1
* 792 792
fi=(265)
1130 2376 1188 1188 0 0 189
fe=(489)
3150 792 396 396 396 0 0 1
fi=(358)
417 396 0 396 0 0 201
fi=(513)
1055 1584 0 396
fi=(358)
247 396 0 396
fe=(489)
3114 396 0 396
cfi=(357)
cfn=(2116)
calls=396 559 
* 44352 13068 8712 792 792 0 0 1 0 5148 390 792
2283 792 396

fn=(3100) <hashbrown::raw::RawTableInner>::find_insert_index_in_group
1748 6 0 5 2 0 0 2
+1 2 1 1
fi=(491) /cargo/registry/25cdd57fae9f0462/hashbrown-0.17.1/src/control/group/sse2.rs
108 3 0 2
cfi=(490) /home/hatch/.rustup/toolchains/nightly-x86_64-unknown-linux-gnu/lib/rustlib/src/rust/library/core/src/../../stdarch/crates/core_arch/src/x86/sse2.rs
cfn=(2888) core::core_arch::x86::sse2::_mm_movemask_epi8
calls=1 1566 
* 20 6 5
* 1 0 1
fi=(532)
391 1 0 1
fi=(494)
40 6 1 0 1 0 0 1 0 0 1
-40 2 2
40 2 1 1
fi=(532)
628 3
fi=(494)
70 1
-29 2 0 2 1 0 0 1
fi=(265)
634 2 1 1
fi=(282)
434 4 1 1
fe=(489)
1754 1 1
fi=(265)
1015 2 1 1
fe=(489)
1754 4 1 2
-3 1 0 0 1 0 0 1
jump=1 +7 
* 
+7 4 3

fn=(3754) <hashbrown::raw::RawTable<(alloc::string::String, rustgres::storage::Table)> as core::ops::drop::Drop>::drop
3486 792 0 792 396
+10 1980 0 396
cfn=(3756)
calls=396 2270 
* 33385579 9216567 5778634 23970 188312 631 21 1 0 4558081 11197 635182 395
+2 792 792

fn=(3848) <hashbrown::raw::RawTableInner>::drop_inner_table::<(alloc::string::String, rustgres::server::Portal), alloc::alloc::Global>
2270 9 0 8 1
2656 1 1 0 1 1 0 1
2271 1 0 0 0 0 0 0 0 0 1 1
jcnd=1/1 +12 
* 
+12 2 1

fn=(3050)
909 7 0 6 1 0 0 1
+1 5 1 1 1 0 0 1
fi=(456)
486 2 0 0 0 0 0 0 0 0 1 1
fe=(489)
0 3 3
914 2 0 1
cfn=(3052) <hashbrown::raw::RawTable<(alloc::string::String, rustgres::storage::Table)>>::reserve_rehash::<hashbrown::map::make_hasher<alloc::string::String, rustgres::storage::Table, std::hash::random::RandomState>::{closure#0}>
calls=1 +34 
* 1006 269 352 101 0 30 78 0 30 69 20 4
* 3 0 2
jump=1 +5 
* 
+5 3 1
jump=1 * 
* 

fn=(3056) <hashbrown::raw::RawTableInner>::fallible_with_capacity::<alloc::alloc::Global>
1615 15 0 12 2 0 3 2 0 3
fi=(534) /cargo/registry/25cdd57fae9f0462/hashbrown-0.17.1/src/control/tag.rs
78 1 0 1
fi=(513)
1418 1 0 1
fi=(264)
724 1 0 1
fe=(489)
1624 2 0 0 0 0 0 0 0 0 1 1
0 3 3 0 1 0 0 1
1630 1 0 1
cfn=(3058) hashbrown::raw::capacity_to_buckets
calls=1 104 
* 68 15 21 9 0 5 8 0 5 8 7
* 2 0 2 1 0 1 1 0 1
fi=(265)
1365 2 1 0 0 0 0 0 0 0 1 1
fe=(489)
1643 1
0 4 4
fi=(265)
1366 4 1 3 1 0 1 1 0 1
fi=(300)
2177 4 1 3
fe=(489)
1630 2 1 1
+4 4 0 1 1 0 0 1
cfn=(3066)
calls=1 -74 
* 520 119 150 38 0 12 24 0 12 50 6 3
fi=(300)
2176 8 1 0 0 0 0 0 0 0 1
jump=1 +1 
* 
+1 16 8 8 3 0 0 3
fe=(489)
1634 8 4 4 1 0 0 1
2630 1 1
+21 4 1 1
fi=(455)
194 2 0 2 1 0 1 1 0 1
fi=(325)
763 1 0 1
fi=(264)
-27 3 0 1
cob=(2)
cfi=(227)
cfn=(766)
calls=1 158 
* 11 1 2 3 0 0 0 0 0 2 2
* 1 1 0 0 0 0 0 0 0 0 0 1
* 1 1
fe=(489)
1640 8 4 4 1 0 0 1
-16 1
jump=1 +19 
* 
0 1 1
1643 2 1

fn=(3058)
104 7 0 6 1 0 3 1 0 3
fi=(324)
1359 1 0 1 0 0 1 0 0 1
3241 1 0 1 1 0 0 1
2569 1 0 1
fe=(489)
109 2 0 0 0 0 0 0 0 0 1 1
fi=(456)
0 1 1 0 1 0 0 1
fe=(489)
132 1 0 1 0 0 1 0 0 1
+1 3 0 0 0 0 0 0 0 0 1 1
+31 4 3 0 1 0 0 1
0 1 1
134 3 0 0 0 0 0 0 0 0 1 1
0 1 1 0 1 0 0 1
133 2 0 0 0 0 0 0 0 0 1 1
+2 2 0 1
0 1 1 0 1 0 0 1
134 2 0 0 0 0 0 0 0 0 1 1
jcnd=1/1 +1 
* 
0 1 1
fi=(482)
2325 6 1 2
fe=(489)
141 2 0 0 0 0 0 0 0 0 1 1
jcnd=1/1 +1 
* 
+1 1 0 1 1 0 0 1
-1 1
0 2 2
148 4 1 3 1 0 0 1
+25 2 0 0 0 0 0 0 0 0 1 1
-24 3 1 2
fi=(251)
0 1
jfi=(489)
jump=1 164 
0 
0 2 2
fi=(324)
3242 6 0 1 1
+1 1 0 1
fi=(456)
486 2 0 0 0 0 0 0 0 0 1
fi=(324)
2616 1
jfi=(489)
jump=1 149 
* 
fe=(489)

fn=(3846) <hashbrown::raw::RawTable<(alloc::string::String, rustgres::server::Portal)> as core::ops::drop::Drop>::drop
3486 2 0 2
+10 5 0 1
cfn=(3848)
calls=1 2270 
* 13 2 8 2 1 0 1 0 0 1 1
+2 2 2

fn=(3052)
948 10 0 7 2 0 2 1 0 2
+15 2 0 1
+2 2 0 1
+4 2 0 1
0 4 4 0 1 0 0 1
962 14 1 10 2 0 2 2 0 2
2752 3 1 2
fi=(324)
968 7 0 1
fi=(456)
486 2 0 0 0 0 0 0 0 0 1
0 3 3
fi=(324)
972 3 0 2 1 0 0 1
fe=(489)
2752 3 1 2 0 0 1 0 0 1
+3 2 1 1
183 2 1 0 1 0 0 1 0 0 1 1
jcnd=1/1 * 
* 
* 1 0 0 1 0 0 1
0 1 1
2756 4 1 0 0 0 0 0 0 0 1
0 4 4
2786 3 1 1 1 0 0 1
fi=(482)
2325 15 0 8 1 0 0 1
fe=(489)
2621 1 0 1
+75 6 0 1 1 0 1 1 0 1
cfn=(3056)
calls=1 1615 
* 703 169 220 62 0 23 44 0 23 63 17 4
fi=(300)
2176 7 1 0 0 0 0 0 0 0 1 1
fe=(489)
0 2 2 0 1 0 0 1
fi=(300)
2177 8 4 4 1 0 0 1
fe=(489)
2696 4 2 2
+8 3 0 3 1 0 0 1
fi=(500)
21 8 4 4 1 0 0 1
fe=(489)
2704 8 4 4 1 0 0 1
fi=(300)
2177 16 8 8 2 0 1 2 0 1
fe=(489)
2898 16 8 8 2 0 0 2
2624 3 1 2
fi=(358)
417 1 0 1
fi=(513)
32 1 0 1
fe=(489)
2834 2 0 1 1 0 0 1
fi=(491)
57 1 0 1
cfi=(490)
cfn=(3084) core::core_arch::x86::sse2::_mm_load_si128
calls=1 1325 
* 5 2 2 1
* 1
jump=1 * 
* 
* 2 1 1
+51 3 0 2 1 0 0 1
cfi=(490)
cfn=(2888)
calls=1 1566 
* 20 6 5 3
* 2 0 1
0 3 3
115 2 0 1
fe=(489)
2839 1 1
-8 4 0 4 1 0 0 1
+73 10 4 5 1 0 0 1
3992 2 1 0 0 0 0 0 0 0 1
+1 2 0 2 1 0 0 1
2904 1
0 1 1 0 1 0 0 1
2945 4 2 1
+1 2 1 1
fi=(438)
833 24 12 12 3 0 0 3
fe=(489)
2956 2 0 2
+1 2 0 1
cfi=(264)
cfn=(3088) core::ptr::drop_glue::<hashbrown::scopeguard::ScopeGuard<hashbrown::raw::RawTableInner, <hashbrown::raw::RawTableInner>::prepare_resize<alloc::alloc::Global>::{closure#0}>>
calls=1 848 
* 21 6 10 4 0 0 4 0 0 1 1
* 1
jump=1 * 
* 
* 2 2 0 1 0 0 1
2784 2 0 2
-28 1
jump=1 +37 
* 
+37 5 2 2 1 0 0 1
0 2 2
975 2 1

fn=(3108) <hashbrown::raw::RawTableInner>::fix_insert_index
1709 4 0 3 1 0 0 1
2621 1 0 1
1711 2 1 1
2624 1 1
+22 1 1
fi=(534)
17 6 0 1 1 0 0 1
fi=(456)
486 2 0 0 0 0 0 0 0 0 1
fe=(489)
1711 1
jump=1 +26 
* 
+26 1 1 0 1 0 0 1
+1 2 1

fn=(3620) <hashbrown::raw::RawTable<(alloc::string::String, rustgres::storage::Table)>>::find::<hashbrown::map::equivalent_key<alloc::string::String, alloc::string::String, rustgres::storage::Table>::{closure#0}>
1192 3965 0 3172 794 0 0 1
+10 7137 0 4758 397 0 0 1
fi=(491)
73 793 0 793
fi=(534)
-26 2379 0 793
+1 793 0 793
fe=(489)
2452 793 793
-3 1586 0 1586
0 793 793 0 397 0 0 1
2027 1586 793 793
fi=(513)
971 793 793 0 0 159
fe=(489)
2027 793 0 793
fi=(491)
49 1586 0 793
cfi=(490)
cfn=(2872) core::core_arch::x86::sse2::_mm_loadu_si128
calls=793 1339 
* 169702 32513 45201 795 286 0 0 0 0 9516 25
* 3172 1586 1586 397 0 0 1
+34 2379 0 793
cfi=(490)
cfn=(2878) core::core_arch::x86::sse2::_mm_set1_epi8
calls=793 1220 
* 23790 5551 7137 1876
* 6344 1586 2379 685 0 0 1
cfi=(490)
cfn=(2884) core::core_arch::x86::sse2::_mm_cmpeq_epi8
calls=793 919 
* 26169 10309 8723 795
* 1586 793 793
+1 2379 0 1586
cfi=(490)
cfn=(2888)
calls=793 1566 
* 15860 4758 3965 2
* 793 0 793 397 0 0 1
fi=(494)
+5 793 0 793
+14 1586 793 793
fi=(532)
391 793 0 793
fi=(494)
40 4758 793 0 397 0 0 1 0 0 793
-40 793 793
40 1586 793 793
fi=(532)
628 2379
fi=(494)
70 793
-29 1586 0 1586
fi=(265)
2877 1586 793 793 397 0 0 1
fi=(494)
104 1586 793 793
-76 2379
+76 793 0 793
+1 1586 0 1586
fe=(489)
2029 1586 793 793 397 0 0 1
+3 3172 1586 1586
+2 1586 0 793
cfn=(3626)
calls=793 1202 
* 101912 26373 36478 4966 564 0 5 0 0 4271 474 793 1
* 2379 0 793
fi=(456)
463 1586 0 0 397 0 0 1 0 0 793 4
fe=(489)
0 793 793 0 397 0 0 1
2035 1586 0 1586 397 0 0 1
fi=(251)
0 793
jfi=(489)
jump=793 2045 
0 
fe=(489)
2045 1586 1586 0 397 0 0 1
1202 1586 0 1586
+3 1586 793 0 0 0 0 0 0 0 793
0 793 793
1207 2379 793 1586
686 1586 793 793
fi=(358)
514 793 0 793 397 0 0 1
fe=(489)
323 793
1211 2379 1586
0 793 793
fi=(358)
417 793 0 793
0 1586 1586
fi=(513)
1055 3965 0 793 397
fe=(489)
323 793
fi=(358)
-76 793 793
fe=(489)
1207 1586 0 793
jump=793 +4 
* 

fn=(3818)
3224 5 0 4 1
fi=(324)
2718 1 0 1
fi=(491)
73 2 0 2
fi=(324)
2719 1 0 0 1 0 0 1
fe=(489)
3231 2 1 1
fi=(513)
971 1 1
fe=(489)
3237 1 0 1
fi=(491)
49 2 0 1
cfi=(490)
cfn=(2872)
calls=1 1339 
* 214 41 57 0 0 2 0 0 0 12 5
* 3 1 2
+34 3 0 1 1 0 0 1
cfi=(490)
cfn=(2878)
calls=1 1220 
* 30 7 9
* 8 2 3
cfi=(490)
cfn=(2884)
calls=1 919 
* 33 13 11
* 2 1 1 1 0 0 1
+1 3 0 2
cfi=(490)
cfn=(2888)
calls=1 1566 
* 20 6 5
* 4 2 2
fi=(513)
971 1 1
fe=(489)
3238 1 0 1 1 0 0 1
fi=(491)
49 2 0 1
cfi=(490)
cfn=(2872)
calls=1 1339 
* 214 41 57 0 0 0 0 0 0 12 2
* 3 1 2
+34 3 0 1
cfi=(490)
cfn=(2878)
calls=1 1220 
* 30 7 9
* 8 2 3 1 0 0 1
cfi=(490)
cfn=(2884)
calls=1 919 
* 33 13 11
* 2 1 1 1 0 0 1
+1 3 0 2
cfi=(490)
cfn=(2888)
calls=1 1566 
* 20 6 5
* 3 1 1
fi=(324)
+70 5 0 0 1 0 0 1
fi=(494)
-77 1
fi=(324)
178 4
fi=(494)
58 1
fe=(489)
3278 3 0 0 0 0 0 0 0 0 1
0 1 1
3281 3 1 1
+1 1 0 1
-4 1
0 2 2 0 1 0 0 1
fi=(324)
2719 2
fe=(489)
2589 1 1
+35 1 1
-31 2 1 1
+31 1 1
-30 2 1 1
3288 3 1 1
+1 2 1

fn=(3242)
3576 12672 0 11088 792 0 0 1
fi=(280)
838 1584 0 1584
+34 6336 0 3168 792 0 0 1
49 1584 0 1584
fi=(491)
+8 3168 0 1584
cfi=(490)
cfn=(3084)
calls=1584 1325 
* 7920 3168 3168 1024 33
* 3168 1584 1584
+51 4752 0 3168
cfi=(490)
cfn=(2888)
calls=1584 1566 
* 31680 9504 7920 2772
* 9504 7920 0 792 0 0 1
+7 3168 0 1584
fi=(280)
872 3168 0 1584
fe=(489)
3591 6336 0 6336
+6 3168 1584 0 396

fn=(3092) <hashbrown::raw::RawTableInner>::prepare_resize::<alloc::alloc::Global>::{closure#0}
2704 5 0 4 1 0 0 1
-48 1 1
+49 1 0 0 0 0 0 0 0 0 1 1
jcnd=1/1 +7 
* 
+7 2 1 0 1 0 0 1

fn=(3110) <hashbrown::raw::RawTable<(alloc::string::String, rustgres::storage::Table)>>::insert_tagged_at_index
1174 10 1 6 1 0 0 1
fi=(533)
35 1 0 1
fi=(513)
1016 1 0 1
fe=(489)
2624 1 1 0 1 0 0 1
1181 2 1 1
fi=(534)
30 3
fi=(535) /home/hatch/.rustup/toolchains/nightly-x86_64-unknown-linux-gnu/lib/rustlib/src/rust/library/core/src/convert/num.rs
133 3
fe=(489)
2459 3 1 1
fi=(324)
2719 2
fe=(489)
2589 1 1
+35 1 1
-31 1 0 1
+31 1 1
-30 1 0 1
2463 3 1 1 1 0 0 1
686 2 1 1
fi=(358)
514 1 0 1
0 1 1
417 1 0 1
0 2 2
fi=(513)
1055 5 0 1
fe=(489)
323 1
fi=(358)
-76 3 1 2 1 0 0 1
fe=(489)
+84 1 0 1
0 1 1
fi=(358)
417 1 0 1
0 1 1
fi=(513)
1055 2 0 1
fe=(489)
413 1
0 1 1
fi=(264)
1966 3 1 1 1 0 0 1
cob=(2)
cfi=(214)
cfn=(708)
calls=1 255 
* 22 6 4 0 0 1 0 0 1 5 1
* 1 1 0 0 0 0 0 0 0 0 0 1
* 1 1
fe=(489)
1188 2 1

fn=(3094)
1795 8 0 7 2 0 0 2
fi=(491)
73 1 0 1
fe=(489)
1800 4 2 2
fi=(534)
47 2 0 0 1 0 0 1
+1 3 0 2
fe=(489)
2452 1 1
-3 2 0 2
0 1 1
1821 2 1 1
fi=(513)
971 1 1
fe=(489)
1821 1 0 1 1 0 0 1
fi=(491)
49 2 0 1
cfi=(490)
cfn=(2872)
calls=1 1339 
* 214 41 57 3 0 0 0 0 0 12 1
* 5 2 3
+34 3 0 1
cfi=(490)
cfn=(2878)
calls=1 1220 
* 30 7 9 4
* 8 2 3 1 0 0 1
cfi=(490)
cfn=(2884)
calls=1 919 
* 33 13 11 2
* 2 1 1 1 0 0 1
+1 3 0 2
cfi=(490)
cfn=(2888)
calls=1 1566 
* 20 6 5
* 1 0 1
fi=(494)
+5 1 0 1
+14 2 1 1
fi=(532)
391 1 0 1 1 0 0 1
fi=(494)
40 6 1 0 0 0 0 0 0 0 1 1
jcnd=1/1 +3 
* 
+3 4 2 2 2 0 0 2
fi=(282)
434 2 1
fi=(265)
683 4 0 1
fi=(456)
463 2 0 0 0 0 0 0 0 0 1 1
fe=(489)
1856 4 3
0 1 1 0 1 0 0 1
1834 3 0 1
cfn=(3100)
calls=1 -86 
* 67 19 23 5 0 0 5 0 0 1
* 2 0 2
+3 5 2 2 1 0 0 1 0 0 1
fi=(491)
83 3 0 1
cfi=(490)
cfn=(2878)
calls=1 1220 
* 30 7 9
* 8 2 3 1 0 0 1
cfi=(490)
cfn=(2884)
calls=1 919 
* 33 13 11
* 2 1 1
+1 3 0 2 1 0 0 1
cfi=(490)
cfn=(2888)
calls=1 1566 
* 20 6 5
* 1 0 1
fi=(494)
-50 4 0 1
fi=(456)
463 3 0 0 0 0 0 0 0 0 1
fe=(489)
0 2 2 0 1 0 0 1
1849 1 0 1
cfn=(3108)
calls=1 1709 
* 21 5 6 3 0 0 3 0 0 1
* 2 0 2 1 0 0 1
fi=(251)
0 1
jfi=(489)
jump=1 1856 
0 
fe=(489)

fn=(3230) <hashbrown::raw::RawTable<(alloc::string::String, rustgres::storage::Table)> as core::clone::Clone>::clone
3293 1980 0 1584 396 0 0 1
2656 396 396
3294 396 0 0 0 0 0 0 0 0 396
0 396 396
3302 792 0 396
cfi=(357)
cfn=(1640) <alloc::alloc::Global as core::clone::Clone>::clone
calls=396 56 
* 792 396 396 396
* 396 396 0 396 0 0 1
2635 1188 396
3301 792 0 396
cfn=(3232)
calls=396 628 
* 167277 44778 64165 15870 0 1 8 0 1 8741 1193 1188
* 396 396
fi=(300)
1649 1980 792 792
fe=(489)
3321 396 0 396
cfi=(502) /cargo/registry/25cdd57fae9f0462/hashbrown-0.17.1/src/macros.rs
cfn=(3236) <hashbrown::raw::RawTable<(alloc::string::String, rustgres::storage::Table)> as hashbrown::raw::RawTableClone>::clone_from_spec
calls=396 62 
* 108300273 28800608 29100968 77265 441030 64151 57 0 234 11131844 173644 871395 157609
* 396
0 396 396 0 396 221 0 1
3322 3168 1584 1584 0 0 510
0 396 396
3324 792 396

fn=(2868) <hashbrown::raw::RawTable<(alloc::string::String, rustgres::storage::Table)>>::remove_entry::<hashbrown::map::equivalent_key<str, alloc::string::String, rustgres::storage::Table>::{closure#0}>
817 38 8 20 6 0 0 3
+2 2 0 2
cfn=(2870) <hashbrown::raw::RawTable<(alloc::string::String, rustgres::storage::Table)>>::find::<hashbrown::map::equivalent_key<str, alloc::string::String, rustgres::storage::Table>::{closure#0}>
calls=2 1192 
* 1021 242 338 47 6 7 22 1 1 35 7 1
* 16 2 2 0 0 0 0 0 0 2 1
0 1 1
820 4 1 2 1 0 0 1
cfn=(3812)
calls=1 -27 
* 822 197 246 18 1 2 14 0 0 35 8 2
* 4 0 1
cob=(2)
cfi=(214)
cfn=(708)
calls=1 255 
* 22 6 4 0 0 0 0 0 0 5
* 1 1 0 0 0 0 0 0 0 0 0 1
* 4 1 1 1
cob=(2)
cfi=(214)
cfn=(708)
calls=1 255 
* 22 6 4 0 0 0 0 0 0 5
* 1 1 0 0 0 0 0 0 0 0 0 1
* 1
0 1 1 0 1 0 0 1
821 1 0 1
0 1 1
823 2 1
0 1 1
823 2 1

fn=(2870)
1192 2388 0 1990 795 0 0 2
+10 3582 0 2388 398 0 0 1
fi=(491)
73 398 0 398
fi=(534)
-26 1194 0 398
+1 398 0 398
fe=(489)
2452 398 398
-3 796 0 796
0 398 398
2027 796 398 398 398 0 0 1
fi=(513)
971 398 398
fe=(489)
2027 398 0 398
fi=(491)
49 796 0 398
cfi=(490)
cfn=(2872)
calls=398 1339 
* 85170 16318 22686 1192 60 7 3 1 1 4776 152
* 1592 796 796
+34 1194 0 398 398 0 0 1
cfi=(490)
cfn=(2878)
calls=398 1220 
* 11940 2786 3582 1588 0 0 3
* 3184 796 1194 398 0 0 1
cfi=(490)
cfn=(2884)
calls=398 919 
* 13134 5174 4378 1191 0 0 2
* 796 398 398
+1 1194 0 796
cfi=(490)
cfn=(2888)
calls=398 1566 
* 7960 2388 1990 794 1 0 1
* 398 0 398
fi=(494)
+5 398 0 398
+14 796 398 398 398 0 0 1
fi=(532)
391 398 0 398
fi=(494)
40 2388 398 0 0 0 0 0 0 0 398 1
jcnd=1/398 +3 
* 
-40 397 397
40 794 397 397 397 0 0 1
fi=(532)
628 1191
fi=(494)
70 397
-29 794 0 794
fi=(265)
2877 794 397 397
fi=(494)
104 794 397 397 397 0 0 1
-76 1191
+76 397 0 397
+1 794 0 794
fe=(489)
2029 794 397 397 397
+3 1588 794 794
+2 794 0 397
cfn=(3338) <hashbrown::raw::RawTable<(alloc::string::String, rustgres::storage::Table)>>::find::<hashbrown::map::equivalent_key<str, alloc::string::String, rustgres::storage::Table>::{closure#0}>::{closure#0}
calls=397 1202 
* 47772 12770 17865 3648 195 0 8 0 0 2084 451 397
* 1191 0 397
fi=(456)
463 794 0 0 0 0 0 0 0 0 397 35
fi=(494)
43 2 0 2 1 0 0 1
fi=(491)
+40 3 0 1
cfi=(490)
cfn=(2878)
calls=1 1220 
* 30 7 9
* 8 2 3 1 0 0 1
cfi=(490)
cfn=(2884)
calls=1 919 
* 33 13 11
* 2 1 1
+1 3 0 2 1 0 0 1
cfi=(490)
cfn=(2888)
calls=1 1566 
* 20 6 5
* 1 0 1
fi=(494)
-50 4 0 1
fi=(456)
463 3 0 0 0 0 0 0 0 0 1
jfi=(489)
jump=1 2040 
* 
fe=(489)
0 397 397 0 397
2035 794 0 794 397 0 0 1
fi=(251)
0 397
jfi=(489)
jump=397 2045 
0 
fe=(489)
2040 2 0 2 1 0 0 1
+5 2 2 0 1 0 0 1
1202 2 0 2
+3 2 1 0 0 0 0 0 0 0 1 1
jcnd=1/1 +3 
* 
2045 794 794 0 794
1202 794 0 794
+3 794 397 0 0 0 0 0 0 0 397
0 397 397
1207 1191 397 794
686 794 397 397
fi=(358)
514 397 0 397
fe=(489)
323 397
1208 1 0 1 1 0 0 1
+3 1194 796
0 397 397 0 397
fi=(358)
417 397 0 397
0 794 794
fi=(513)
1055 1985 0 397
fe=(489)
323 397
fi=(358)
-76 397 397 0 397
fe=(489)
1207 794 0 397
jump=397 +4 
* 

fn=(3068)
216 7137 0 5551 793 0 3 1 0 3
+3 1586 0 1586 0 0 64
fi=(324)
3242 5551 0 1586 793 0 1 1 0 1
+1 793 0 793
fi=(456)
486 1586 0 0 0 0 0 0 0 0 793
0 1586 1586
fi=(324)
1361 1586 0 1586 0 0 151 0 0 1
fi=(265)
2877 3172 793 2379 400 0 0 1
fe=(489)
222 4758 793 3172
fi=(324)
968 5551 0 793 793 0 0 1
fi=(456)
486 2379 0 0 0 0 0 0 0 0 793
fi=(251)
0 2379 2379 0 793 0 0 1
fi=(324)
972 2379 0 1586
fi=(265)
2877 3172 793 2379
fe=(489)
222 4758 793 2379 793 0 0 1
+1 2379 0 1586
fi=(324)
968 5551 0 793
fi=(456)
486 2379 0 0 793 0 0 1 0 0 793
fi=(251)
0 2379 2379
fi=(324)
972 2379 0 1586 793 0 0 1
fi=(265)
2877 3172 793 2379
fe=(489)
223 2379 793 1586
+4 3965 0 0 793 0 0 1 0 0 793 1
fi=(251)
0 3172 3172 0 405 0 0 1
fe=(489)
231 7137 2379 4758
+4 793
fi=(251)
0 793 793 0 793 0 0 1
fe=(489)
235 1586 793

fn=(3338)
1202 1588 0 1191 396 0 0 1
fi=(533)
35 397 0 397
fi=(513)
1016 397 0 397
fe=(489)
1202 1588 794 794 397 0 0 1
686 794 397 397
fi=(358)
514 397 0 397
0 397 397
417 397 0 397
0 794 794
fi=(513)
1055 1985 0 397
fe=(489)
323 397
fi=(358)
-76 1191 397 794 397 0 0 1
0 397 397
417 397 0 397
0 397 397
fi=(513)
1055 794 0 397
fe=(489)
413 397
0 397 397
535 397 397
1202 397 0 397
cfi=(486)
cfn=(3342) hashbrown::map::equivalent_key::<str, alloc::string::String, rustgres::storage::Table>::{closure#0}
calls=397 221 
* 32686 8006 11513 2458 195 0 5 0 0 2084 451 397
* 1191 397

fn=(3838)
2270 9 0 8 2 0 0 2
2656 1 1 0 0 1
2271 1 0 0 0 0 0 0 0 0 1 1
jcnd=1/1 +12 
* 
+12 2 1 0 1

fl=(280)
fn=(1220)
1356 741660 0 494440 1193 0 2
fi=(324)
85 2348590 0 0 1197 0 0 2
3922 123610
fe=(280)
1357 123610 0 0 0 0 0 0 0 0 123610 57
0 247220 247220 0 1192
1361 494440
+1 370830 123610

fl=(324)
fn=(1554)
4181 3 1 2
+2 1 1
+1 1 1

fn=(3156) <u32>::to_be_bytes
4021 2783 0 2783 398 0 0 1
773 5566 0 2783
4081 2783 0 2783
-58 5566 5566

fn=(1348) <u64>::to_be_bytes
4021 399 0 399 399 0 0 1
773 798 0 399
4081 399 0 399 399 0 0 1
-58 798 798

fl=(468) /home/hatch/.rustup/toolchains/nightly-x86_64-unknown-linux-gnu/lib/rustlib/src/rust/library/core/src/str/pattern.rs
fn=(2440) <core::str::pattern::MultiCharEqPattern<<char>::is_whitespace> as core::str::pattern::Pattern>::into_searcher
679 39303 7146 21438 2382 0 1 2 0 1
fi=(346) /home/hatch/.rustup/toolchains/nightly-x86_64-unknown-linux-gnu/lib/rustlib/src/rust/library/core/src/str/mod.rs
1137 3573 0 3573
cfn=(2442) <str>::chars
calls=3573 -58 
* 21438 3573 7146 1191 0 1 1 0 1
* 7146 0 7146
0 21438 21438
1137 10719 0 10719 1191 0 0 1
fe=(468)
680 28584 10719 17865
+1 7146 3573

fn=(2646) <char as core::str::pattern::Pattern>::strip_suffix_of
613 7146 0 5955 2382 0 0 2
+4 5955 0 3573
fi=(471)
736 1191 0 1191
cfn=(2648) core::char::methods::encode_utf8_raw
calls=1191 2504 
* 150066 28584 48831 10269 0 0 8 0 0 9528 11
* 7146 2382 2382 1191 0 0 1
fe=(468)
617 1191 0 1191
cfn=(2662) <&str as core::str::pattern::Pattern>::strip_suffix_of
calls=1191 1039 
* 61932 16674 19056 9528 1276 0 8 0 0 5955 6 2382 2
+1 2382 1191

fn=(2448) <core::str::pattern::MultiCharEqSearcher<<char>::is_whitespace> as core::str::pattern::Searcher>::next_reject
265 25011 3573 14292 1191 0 0 1
+2 3573 0 3573
cfn=(2450) <core::str::pattern::MultiCharEqSearcher<<char>::is_whitespace> as core::str::pattern::Searcher>::next
calls=3573 691 
* 1104057 285840 471636 37323 0 966 30 0 15 57168 238
* 17865 3573 3573 1191 0 0 1 0 0 3573
0 3573 3573
267 7146 0 0 0 0 0 0 0 0 3573 2
0 3573 3573
268 25011 7146 17865 1191 0 0 1
fi=(251)
0 3573
0 3573 3573
fe=(468)
273 7146 3573

fn=(2450)
691 17865 0 14292 1191 0 2 1 0 2
+1 17865 0 10719
fi=(280)
+39 3573 0 3573
fi=(458)
33 10719 3573 7146 1190 0 0 1
+24 10719 3573 7146
fi=(358)
417 3573 0 3573
898 3573 0 3573
fi=(513)
-5 3573 0 3573
fi=(279)
78 7146 0 3573 1191 0 1 1 0 1
cfn=(978)
calls=3573 -10 
* 28584 3573 10719 0 0 0 0 0 0 3573 221
* 10719 10719
fi=(280)
734 7146 0 3573
fi=(458)
144 7146 3573 3573
fe=(468)
695 3573 0 3573
+1 3573 0 3573
cfi=(469)
cfn=(2454) <core::str::iter::CharIndices as core::iter::traits::iterator::Iterator>::next
calls=3573 182 
* 585972 164358 260829 21841 0 963 18 0 12 25011 13
* 28584 3573 7146 1191 0 0 1 0 0 3573
0 3573 3573
696 25011 7146 17865 1191 0 0 1
fi=(280)
+35 3573 0 3573
fi=(458)
33 10719 3573 7146
+24 10719 3573 7146
fi=(358)
417 3573 0 3573 1191 0 0 1
898 3573 0 3573
fi=(513)
-5 3573 0 3573
fi=(279)
78 7146 0 3573
cfn=(978)
calls=3573 -10 
* 28584 3573 10719 0 0 0 0 0 0 3573 1
* 17865 17865
fi=(280)
734 7146 0 3573
fi=(458)
144 3573 3573 0 1191 0 0 1
fe=(468)
697 3573 0 3573
+1 10719 0 7146
+1 7146 0 3573
cfn=(2470) <<char>::is_whitespace as core::str::pattern::MultiCharEq>::matches
calls=3573 -59 
* 142920 32157 32157 4764 0 0 3 0 0 17865 3
* 10719 0 0 0 0 0 0 0 0 3573
0 10719 10719 0 1191 0 0 1
702 21438 0 10719
jump=3573 +4 
* 
+4 3573 0 0 1191 0 0 1
0 3573 3573
706 7146 3573

fn=(2470)
640 21438 0 14292 1191
+1 7146 0 7146
cfi=(250)
cfn=(2472)
calls=7146 166 
* 235818 57168 42876 3573 0 0 3 0 0 35730 6
+1 21438 7146

fn=(2478) <core::str::pattern::CharPredicateSearcher<<char>::is_whitespace> as core::str::pattern::ReverseSearcher>::next_reject_back
804 14292 0 7146
+1 3573 0 3573
cfn=(2480) <core::str::pattern::MultiCharEqSearcher<<char>::is_whitespace> as core::str::pattern::ReverseSearcher>::next_reject_back
calls=3573 330 
* 1246977 317997 510939 33348 0 224 28 0 1 64314 12
* 3573 3573
+1 7146 3573

fn=(2662)
1039 16674 2382 10719 2382 0 0 2
fi=(480)
199 1191 0 1191
fi=(280)
838 1191 0 1191
fe=(468)
1034 1191 1191 1191 0 215 0 0 0 0 0 0 1191 1
cfi=(162)
cfn=(2664)
calls=1191 0 
* 28584 7146 2382 4764 586 0 4 0 0 4764 6 1191 1
+9 2382 0 0 0 0 0 0 0 0 1191
+5 4764 2382 2382 1191 475 0 1
-5 1191
jump=1191 +7 
* 
+7 4764 3573 0 1191 0 0 1

fn=(2480)
330 25011 3573 14292 1191 0 0 1
+2 3573 0 3573
cfn=(2482) <core::str::pattern::MultiCharEqSearcher<<char>::is_whitespace> as core::str::pattern::ReverseSearcher>::next_back
calls=3573 711 
* 1146933 289413 471636 30966 0 224 26 0 1 57168 10
* 17865 3573 3573 0 0 0 0 0 0 3573
0 3573 3573
332 7146 0 0 1191 0 0 1 0 0 3573 2
0 3573 3573
333 25011 7146 17865
fi=(251)
0 3573
0 3573 3573
fe=(468)
338 7146 3573

fn=(2438) <<char>::is_whitespace as core::str::pattern::Pattern>::into_searcher
738 17865 0 14292 1191 0 1 1 0 1
+1 7146 0 3573 0 0 1 0 0 1
cfn=(2440)
calls=3573 -60 
* 139347 46449 67887 4764 0 2 4 0 2
* 14292 3573 3573 1191 0 0 1
cob=(2)
cfi=(214)
cfn=(708)
calls=3573 255 
* 42876 10719 7146 0 0 0 0 0 0 7146 417
* 3573 3573 0 0 0 0 0 0 0 0 0 3573
* 3573 3573
+1 7146 3573

fn=(2446) <core::str::pattern::CharPredicateSearcher<<char>::is_whitespace> as core::str::pattern::Searcher>::next_reject
790 14292 0 7146 1191 0 0 1
+1 3573 0 3573
cfn=(2448)
calls=3573 265 
* 1204101 314424 510939 40896 0 966 33 0 15 64314 240
* 3573 3573
+1 7146 3573

fn=(2482)
711 17865 0 14292
+1 17865 0 10719 1191 0 0 1
fi=(280)
+19 3573 0 3573
fi=(458)
33 10719 3573 7146
+24 10719 3573 7146 1191 0 0 1
fi=(358)
417 3573 0 3573
898 3573 0 3573
fi=(513)
-5 3573 0 3573
fi=(279)
78 7146 0 3573
cfn=(978)
calls=3573 -10 
* 28584 3573 10719 0 0 0 0 0 0 3573 1
* 10719 10719
fi=(280)
734 7146 0 3573
fi=(458)
144 7146 3573 3573 1191 0 0 1
fe=(468)
715 3573 0 3573
+1 3573 0 3573
cfi=(469)
cfn=(2486) <core::str::iter::CharIndices as core::iter::traits::double_ended::DoubleEndedIterator>::next_back
calls=3573 215 
* 628848 167931 260829 21438 0 224 18 0 1 25011 5
* 28584 3573 7146 0 0 0 0 0 0 3573
0 3573 3573 0 1191 0 0 1
716 25011 7146 17865
fi=(280)
+15 3573 0 3573
fi=(458)
33 10719 3573 7146 1191 0 0 1
+24 10719 3573 7146
fi=(358)
417 3573 0 3573
898 3573 0 3573
fi=(513)
-5 3573 0 3573
fi=(279)
78 7146 0 3573
cfn=(978)
calls=3573 -10 
* 28584 3573 10719 0 0 0 0 0 0 3573 1
* 17865 17865 0 1191 0 0 1
fi=(280)
734 7146 0 3573
fi=(458)
144 3573 3573
fe=(468)
717 3573 0 3573
+1 10719 0 7146
+1 7146 0 3573 1191 0 0 1
cfn=(2470)
calls=3573 -79 
* 142920 32157 32157 0 0 0 0 0 0 17865 3
* 10719 0 0 0 0 0 0 0 0 3573
0 10719 10719
722 21438 0 10719 1191 0 0 1
jump=3573 +4 
* 
+4 3573
0 3573 3573
726 7146 3573

fl=(433) /home/hatch/.rustup/toolchains/nightly-x86_64-unknown-linux-gnu/lib/rustlib/src/rust/library/std/src/os/fd/owned.rs
fn=(2026) <std::os::fd::owned::OwnedFd as core::ops::drop::Drop>::drop
202 12 0 8 2
+16 12 4 8
cfi=(434) /home/hatch/.rustup/toolchains/nightly-x86_64-unknown-linux-gnu/lib/rustlib/src/rust/library/std/src/sys/fs/unix.rs
cfn=(2028) std::sys::fs::unix::debug_assert_fd_is_open
calls=4 965 
* 216 52 48 8 1 0 2 0 0 28 5 4 2
* 4 4
+2 12 8 8 2 0 0 1 0 0 0 0 4 2
cob=(2)
cfi=(435) ./io/../sysdeps/unix/sysv/linux/close.c
cfn=(2032) close
calls=4 26 
* 212 44 28 4 0 0 2 0 0 32 13
+5 8 4

fl=(479) /rustc/4aa1fbcf467cf38ce58abfa8eb9213a789c5381c/library/alloc/src/str.rs
fn=(2688) <str>::to_lowercase
441 21519 0 14346 1191 0 0 1
fi=(374)
75 2391
+38 2391 0 0 0 0 0 0 0 0 2391
0 2391 0 2391
fi=(253)
472 2391 0 0 0 0 0 0 0 0 2391
0 2391
fi=(242)
129 2391 2391 2391 0 0 0 0 0 0 0 0 2391 1
cfi=(162)
cfn=(812)
calls=2391 0 
* 2391 2391
* 2391 0 0 1191 0 0 1
+2 7173 2391 2391 0 0 0 0 0 0 0 0 2391 1
cfi=(162)
cfn=(814)
calls=2391 0 
* 155468 36485 19659 523 179 40 0 0 4 25394 1376 2391
fi=(253)
481 4782 0 0 0 0 0 0 0 0 2391 4
fe=(479)
0 2391
964 7173 0 2391 0 0 0 0 0 0 2391 1699
fi=(253)
0 9564 0 0 2382 0 0 2
fe=(479)
964 2391
0 2391
996 7173
0 2391
995 2391 2391
+1 4782 0 0 0 0 0 0 0 0 2391
-1 11939 11939
+1 23878 0 0 0 0 0 0 0 0 11939 115
fi=(340)
860 71650
fe=(479)
1001 14330 0 14330 1191 0 0 1
fi=(302)
139 42990
fe=(479)
994 14330 0 0 0 0 0 0 0 0 14330 2396
jcnd=11939/14330 +1 
* 
444 7173 0 7173
+28 16737 9564 7173
+1 19128 16737 0 1191 0 0 1

fl=(480)
fn=(2742) <str as core::cmp::PartialEq>::eq
29 47632 0 41678 1191 0 0 1
fi=(346)
516 23816 0 23816
fi=(481)
20 5954 0 5954
+1 11908 0 0 1191 0 0 1 0 0 5954 1379
+5 2780 0 2780
-5 2780
jfi=(480)
jump=2780 +10 
* 
-21 9522 9522
fi=(325)
731 6348 0 6348
fi=(481)
157 3174 3174 3174 0 1 0 0 0 0 0 0 3174 1
cob=(2)
cfi=(477)
cfn=(2666)
calls=3174 -84 
* 66332 12884 0 1610 815 0 2 2 0 13257 1247
* 12696 0 3174
fe=(480)
31 23816 11908

fl=(495) /home/hatch/.rustup/toolchains/nightly-x86_64-unknown-linux-gnu/lib/rustlib/src/rust/library/core/src/iter/adapters/enumerate.rs
fn=(2994) <core::iter::adapters::enumerate::Enumerate<core::slice::iter::Iter<(alloc::string::String, rustgres::storage::ColType)>> as core::iter::traits::iterator::Iterator>::next
79 2403 0 1602 398 0 0 1
+1 801 0 801
cfi=(458)
cfn=(2996)
calls=801 +77 
* 18419 7206 8009 1194 0 0 2 0 0 801 1
* 801 0 801
fi=(265)
2876 5607 801 0 398 0 0 1 0 0 801 1
jcnd=1/801 +15 
* 
0 800 800
2877 2400 800 1600
fe=(495)
80 3200 800 2400
+1 2400 800 1600 398 0 0 1
+1 5600 800 800 0 0 0 0 0 0 800
fi=(265)
2891 1 0 1
fe=(495)
84 3204 2403
-84 3200 3200 0 397
82 800 0 800
+1 1600 0 1600
+1 800
jump=800 * 
* 

fn=(3676) <core::iter::adapters::enumerate::Enumerate<core::slice::iter::Iter<alloc::vec::Vec<rustgres::storage::Value>>> as core::iter::traits::iterator::Iterator>::next
79 237006 0 158004 792 0 0 1
+1 79002 0 79002 792 0 0 1
cfi=(458)
cfn=(3678)
calls=79002 +77 
* 1817046 711018 790020 2376 0 0 3 0 0 79002
* 79002 0 79002
fi=(265)
2876 553014 79002 0 0 0 0 0 0 0 79002
0 79002 79002
2877 237006 79002 158004
fe=(495)
80 316008 79002 237006 792 0 0 1
+1 237006 79002 158004
+1 553014 79002 79002 0 0 0 0 0 0 79002
+2 316008 237006
-84 316008 316008 0 792 0 0 1
82 79002 0 79002
+1 158004 0 158004
+1 79002
jump=79002 * 
* 

fn=(3694) <core::iter::adapters::enumerate::Enumerate<core::slice::iter::Iter<rustgres::storage::Value>> as core::iter::traits::iterator::Iterator>::next
79 474012 0 316008 792 0 0 1
+1 158004 0 158004 792 0 0 1
cfi=(458)
cfn=(3696)
calls=158004 +77 
* 3634092 1422036 1580040 2376 0 0 2 0 0 158004
* 158004 0 158004
fi=(265)
2876 1106028 158004 0 0 0 0 0 0 0 158004
0 158004 158004
2877 474012 158004 316008
fe=(495)
80 632016 158004 474012 792 0 0 1
+1 474012 158004 316008
+1 1106028 158004 158004 0 0 0 0 0 0 158004
+2 632016 474012
-84 632016 632016 0 792 0 0 1
82 158004 0 158004
+1 316008 0 316008
+1 158004
jump=158004 * 
* 

fl=(170)
fn=(568)
199 8 0 4 2 0 0 2
+7 1 0 1
-1 4 1 1 0 1 1 0 0 0 0 0 1 1
cfi=(171) /rustc/4aa1fbcf467cf38ce58abfa8eb9213a789c5381c/library/std/src/rt.rs
cfn=(570) std::rt::lang_start_internal
calls=1 -53 
* 120651 26636 17768 1625 216 207 1267 80 117 20323 1510 702 226

fn=(830) std::rt::lang_start::<()>::{closure#0}
206 4 1 2 1 0 0 1
cfi=(249) /home/hatch/.rustup/toolchains/nightly-x86_64-unknown-linux-gnu/lib/rustlib/src/rust/library/std/src/sys/backtrace.rs
cfn=(832) std::sys::backtrace::__rust_begin_short_backtrace::<fn(), ()>
calls=1 -44 
* 21569 5327 4652 1198 123 128 842 28 54 2755 646 324 181

fl=(262)
fn=(2722)
2425 597548 0 426820 1588 0 310 1
+1 85364 85364 0 0 8632
fi=(253)
472 170728 0 0 0 0 0 0 0 0 85364 541
fe=(262)
2426 85364 85364 0 0 51
fi=(242)
129 85364 85364 85364 1589 256 304 1 0 1 0 0 85364 1
cfi=(162)
cfn=(812)
calls=85364 0 
* 85364 85364
+2 256092 85364 85364 0 0 0 0 0 0 0 0 85364 1
cfi=(162)
cfn=(814)
calls=85364 0 
* 14849122 3416795 2002370 6007 16938 17319 7 0 25 2710853 99642 85364
fi=(253)
481 170728 0 0 0 0 0 0 0 0 85364 4
fi=(257) /rustc/4aa1fbcf467cf38ce58abfa8eb9213a789c5381c/library/alloc/src/slice.rs
0 85364
fi=(233)
574 341456 85364 85364 0 0 0 0 0 0 0 0 85364 3973
cob=(2)
cfi=(214)
cfn=(708)
calls=85364 255 
* 1360656 174710 89346 1072 19926 0 0 0 0 503828 7244
* 85364
jfi=(262)
jump=85364 2426 
* 
fe=(262)
2426 256092 0 256092 0 0 731 0 0 1
+1 597548 512184 0 1588 0 0 1

fn=(3556)
3416 6336 0 3960 396 0 0 1
fi=(253)
632 792 792
fi=(254)
1473 792 792
fi=(173)
2719 792
fi=(253)
787 792
687 792 0 0 0 0 0 0 0 0 792
fi=(254)
3018 1584 0 0 0 0 0 0 0 0 792
0 792 792
fi=(239)
971 792
fi=(233)
574 1584 792 792 0 0 0 0 0 0 0 0 792 396
cob=(2)
cfi=(214)
cfn=(708)
calls=792 255 
* 11484 1980 1188 393 0 0 0 0 0 3564 801
fi=(254)
3024 1584 0 792
fe=(262)
3419 5544 4752 0 396 0 0 1

fl=(312) /rustc/4aa1fbcf467cf38ce58abfa8eb9213a789c5381c/library/std/src/sys/random/linux.rs
fn=(1204) std::sys::random::linux::hashmap_random_keys
166 6 0 2 1
+1 6 0 2 2 0 0 1
+1 6 0 2 0 0 2 0 0 1
cfn=(1206) std::sys::random::linux::getrandom
calls=2 -96 
* 161 37 25 13 1 4 7 1 2 24 5 2 2
fi=(245)
1720 4 4
fe=(312)
172 6 4

fn=(1206)
72 22 0 12
fi=(177)
4319 2 2 0 2 1 0 1 1
773 2
fe=(312)
89 2 0 0 0 0 0 0 0 0 2
-89 2
91 2 0 0 0 0 0 0 0 0 2
-91 10 2 0 0 0 0 0 0 0 4 1
fi=(177)
4319 2 2
773 8
fe=(312)
96 2 0 0 2 0 0 1
-96 2 0 2 0 0 2 0 0 1
fi=(241) /rustc/4aa1fbcf467cf38ce58abfa8eb9213a789c5381c/library/std/src/sys/pal/unix/weak/syscall.rs
13 6 0 2 0 0 2 0 0 1 0 0 2 2
cob=(2)
cfi=(313) ./stdlib/../sysdeps/unix/sysv/linux/getrandom.c
cfn=(1210) getrandom
calls=2 +15 
* 65 15 9 3 0 0 2 0 0 10 2
fe=(312)
+93 4 0 0 0 0 0 0 0 0 2 2
jfi=(290)
jcnd=2/2 557 
* 
fi=(290)
557 4 0 0 4 0 0 2 0 0 2
102 6 2
fe=(312)
-11 4 0 0 0 0 0 0 0 0 2
jump=2 +69 
* 
+69 16 14 0 2 0 0 1

fl=(486)
fn=(3342)
221 3176 794 1191 396 0 0 1
cfi=(504) /cargo/registry/25cdd57fae9f0462/hashbrown-0.17.1/src/lib.rs
cfn=(3344) <str as hashbrown::Equivalent<alloc::string::String>>::equivalent
calls=397 -65 
* 28319 6815 10322 1665 195 0 3 0 0 2084 451 397
* 1191 397 0 397 0 0 1

fn=(3616) <hashbrown::map::Iter<alloc::string::String, rustgres::storage::Table> as core::iter::traits::iterator::Iterator>::next
3145 4752 0 3168 684
fi=(533)
35 1584 0 1584 396 0 0 1
fi=(513)
1016 1584 0 1584
fi=(489)
3853 3168 1584 0 0 261 0 0 0 0 1584 3
+1 792 0 792
fe=(486)
3147 792
jump=792 +5 
* 
0 792 792
fi=(489)
3859 792 0 792
cfn=(3246)
calls=792 3647 
* 45144 11880 17424 2856 0 0 0 0 0 792
* 2376 792 792
+4 2376 792 792 396 0 0 1
fe=(486)
3147 5544 792 0 0 0 0 0 0 0 792 2
jcnd=792/792 +1 
* 
+5 3960 1584 1584 0 209
jump=792 +2 
* 
-4 2376 792 1584 396 0 0 1
fi=(489)
413 792
fe=(486)
3154 6336 4752
0 792 792
fi=(489)
418 792 0 792
fi=(358)
-1 792 0 792
0 792 792
fi=(513)
1055 1584 0 792
fi=(489)
413 792
535 1584 792 792 396 0 0 1
fe=(486)
3150 3168 0 1584
+1 792
jump=792 +3 
* 

fn=(3226) <hashbrown::map::HashMap<alloc::string::String, rustgres::storage::Table, std::hash::random::RandomState> as core::clone::Clone>::clone
188 2772 396 1584 396 0 0 1
+2 792 0 396 396 0 0 1
cfi=(314)
cfn=(3228) <std::hash::random::RandomState as core::clone::Clone>::clone
calls=396 34 
* 1584 1188 396 396
* 1188 396 792
+1 792 0 396
cfi=(489)
cfn=(3230)
calls=396 3293 
* 108482598 28851326 29170677 94719 441251 64662 68 0 235 11140981 174837 872583 157609
0 1584 1584
189 3960 1584 2376 396 0 172 1
+4 792 396

fn=(3724) <hashbrown::map::HashMap<alloc::string::String, rustgres::storage::Table, std::hash::random::RandomState>>::contains_key::<alloc::string::String>
1382 1980 0 1584 396 0 0 1
fi=(533)
35 396 0 396 396 0 0 1
fi=(513)
1016 396 0 396
fi=(489)
1337 396 396 0 0 192
fe=(486)
+49 396 0 0 0 0 0 0 0 0 396
0 792 792
1389 792 0 396
241 396 0 396
cfi=(487) /home/hatch/.rustup/toolchains/nightly-x86_64-unknown-linux-gnu/lib/rustlib/src/rust/library/core/src/hash/mod.rs
cfn=(3042) <std::hash::random::RandomState as core::hash::BuildHasher>::hash_one::<&alloc::string::String>
calls=396 695 
* 505296 138996 190080 1865 268 0 0 0 0 15840 396 1188
* 1584 792 396
1390 396 0 396 396 0 0 1
221 396 0 396
fi=(489)
1217 396 0 396
cfn=(3620)
calls=396 -25 
* 218400 51978 72468 679 217 0 0 0 0 8073 65 396
* 3168 396 396 0 0 0 0 0 0 396 4
jcnd=396/396 +1 
* 
+1 1188 396 792 396 0 0 1
413 396
fi=(265)
634 1980 396
fi=(282)
434 1584 0 396
fe=(486)
1386 396
jump=396 +6 
* 
0 396 396
fi=(358)
417 396 0 396
0 396 396 0 396
fi=(513)
1055 792 0 396
fi=(489)
413 396
535 396 396
1218 792 0 396
jfi=(265)
jump=396 634 
* 
fe=(486)
1392 1584 792

fn=(2826) <hashbrown::map::HashMap<alloc::string::String, rustgres::storage::Table, std::hash::random::RandomState>>::remove_entry::<str>
1992 30 6 16 4 0 0 2
+4 4 0 2
241 2 0 2
cfi=(487)
cfn=(2828) <std::hash::random::RandomState as core::hash::BuildHasher>::hash_one::<&str>
calls=2 695 
* 2556 700 960 84 4 0 55 0 0 80 11 6
* 12 8 2
1997 2 0 2
cfi=(489)
cfn=(2868)
calls=2 817 
* 1967 471 621 74 7 9 41 1 1 82 16 5
* 2 2
+1 4 2

fn=(2814) <hashbrown::map::HashMap<alloc::string::String, rustgres::storage::Table, std::hash::random::RandomState>>::get::<alloc::string::String>
1279 1990 0 1592 398 0 0 1
fi=(533)
35 398 0 398
fi=(513)
1016 398 0 398
fi=(489)
1337 398 398 0 398 0 0 1
fe=(486)
-53 398 0 0 0 0 0 0 0 0 398 1
jcnd=1/398 +1 
* 
0 794 794
1287 794 0 397
241 397 0 397
cfi=(487)
cfn=(3042)
calls=397 695 
* 506572 139347 190560 27793 278 0 0 0 0 15880 421 1191
* 1588 794 397
1288 397 0 397
221 397 0 397
fi=(489)
1217 397 0 397
cfn=(3620)
calls=397 -25 
* 218951 52109 72651 14395 792 0 19 0 0 8093 438 397 1
* 3176 397 397 397 0 0 0 0 0 397 4
jcnd=397/397 +1 
* 
fe=(486)
+68 1 0 1 1 0 0 1
-1 1
jump=1 +9 
* 
fi=(489)
-66 1191 397 794
413 397
fe=(486)
1284 397
jump=397 +9 
* 
0 397 397 0 397 0 0 1
fi=(358)
417 397 0 397
0 397 397
fi=(513)
1055 794 0 397
fi=(489)
413 397
535 397 397
1218 397 0 397
fe=(486)
+71 1985 397 794 397
jump=397 -5 
* 
+4 1194 796 0 1 0 0 1

fn=(2984) <hashbrown::map::HashMap<alloc::string::String, rustgres::storage::Table, std::hash::random::RandomState>>::contains_key::<str>
1382 7 0 6 2 0 0 2
fi=(533)
35 1 0 1
fi=(513)
1016 1 0 1
fi=(489)
1337 1 1
fe=(486)
+49 1 0 0 0 0 0 0 0 0 1 1
jcnd=1/1 +1 
* 
+1 1 0 1 1 0 0 1
-1 1
jump=1 +6 
* 
+6 4 2 0 1 0 0 1

fn=(2824) <hashbrown::map::HashMap<alloc::string::String, rustgres::storage::Table, std::hash::random::RandomState>>::remove::<str>
1956 12 0 10 2 0 0 1
+5 4 0 2 2 0 0 1
cfn=(2826)
calls=2 +31 
* 4579 1189 1605 162 11 9 98 1 1 162 27 11
* 12 2 0 0 0 0 0 0 0 2 1
+1 5 0 1
cob=(2)
cfi=(214)
cfn=(708)
calls=1 255 
* 12 3 2 0 0 0 0 0 0 2
* 1 1 0 0 0 0 0 0 0 0 0 1
* 4 1 1 1
cob=(2)
cfi=(214)
cfn=(708)
calls=1 255 
* 12 3 2 0 0 0 0 0 0 2 1
* 1 1 0 0 0 0 0 0 0 0 0 1
+2 1
jump=1 * 
* 
0 1 1 0 1 0 0 1
1963 1 0 1
+1 6 1 0 0 0 0 0 0 0 1 1
* 8 1 1 0 0 0 0 0 0 1
cfi=(264)
cfn=(888) core::ptr::drop_glue::<alloc::string::String>
calls=1 848 
* 138 43 26 7 5 0 0 0 0 16 1 5 1
0 2 2
1965 4 2 0 2 0 0 1

fn=(3610) <hashbrown::map::HashMap<alloc::string::String, rustgres::storage::Table, std::hash::random::RandomState>>::iter
733 3960 0 3168 478
fi=(489)
302 792 0 792
fi=(533)
35 792 0 792
fi=(513)
1016 792 0 792 396 0 0 1
fi=(489)
2439 1584 792 792 0 219
fi=(358)
514 792 0 792
0 792 792
417 792 0 792
0 792 792
247 792 792
fi=(489)
+84 792 0 792
2170 1584 792 792 396 0 0 1
2635 1584 792
2170 1584 0 792
cfn=(3242)
calls=792 3576 
* 49104 11880 22176 3168 33
* 1584 1584
+1 792 792
-3 7128 3168 3960 396 0 0 1
fe=(486)
736 2376 0 792
cob=(2)
cfi=(214)
cfn=(708)
calls=792 255 
* 9504 2376 1584 0 0 0 0 0 0 1584
* 792 792 0 0 0 0 0 0 0 0 0 792
* 792 792
+5 1584 792

fn=(3040) <hashbrown::map::HashMap<alloc::string::String, rustgres::storage::Table, std::hash::random::RandomState>>::insert
1806 11 2 6 2 0 0 2
fi=(533)
35 1 0 1
fi=(513)
1016 1 0 1
fe=(486)
1807 5 0 4 1 0 0 1
241 1 0 1
cfi=(487)
cfn=(3042)
calls=1 695 
* 1276 351 480 58 0 0 1 0 0 40 9 3
0 1 0 1
241 1
0 3 3 0 1 0 0 1
241 1 0 1
1808 1 0 1
221 1 0 1
1809 3 0 1
211 1 0 1 1 0 0 1
1812 1 0 1
cfi=(489)
cfn=(3048)
calls=1 1120 
* 1649 426 565 139 0 30 107 0 30 89 24 4
* 3 0 2
0 2 2
1810 4 1 2 0 0 0 0 0 0 1
0 4 4 0 1 0 0 1
1815 2 1 1
+2 23 10 13 2 0 0 2
fi=(534)
47 1 0 0 1 0 0 1
fi=(489)
1162 3 0 1
cfn=(3110)
calls=1 +12 
* 87 26 27 5 0 1 5 0 1 5 1 1
* 1
fe=(486)
0 1 1
1822 2 1
0 1 1 0 1 0 0 1
1819 1 0 1
+3 1

fn=(3336) <hashbrown::map::HashMap<alloc::string::String, rustgres::storage::Table, std::hash::random::RandomState>>::get_mut::<str>
1415 2772 0 2376 396 0 0 1
fi=(533)
35 396 0 396
fi=(513)
1016 396 0 396 396 0 0 1
fi=(489)
1337 396 396
fe=(486)
+83 396 0 0 0 0 0 0 0 0 396
0 1188 1188
1423 792 0 396
241 396 0 396
cfi=(487)
cfn=(2828)
calls=396 695 
* 506088 138600 190080 28922 0 0 0 0 0 15840 546 1188
* 1980 1188 396 396 0 0 1
-20 792 0 792
fi=(489)
1227 396 0 396
cfn=(2870)
calls=396 -35 
* 215556 51546 72468 14730 250 0 11 0 0 8019 633 396
* 3168 396 396 0 0 0 0 0 0 396 4
jcnd=396/396 +1 
* 
+1 1188 396 792 396 0 0 1
413 396
fe=(486)
1420 396
jump=396 +9 
* 
0 396 396
fi=(358)
417 396 0 396
0 396 396
fi=(513)
1055 792 0 396
fi=(489)
413 396 0 0 396 0 0 1
552 396 396
1228 396 0 396
fe=(486)
1425 1980 396 792
jump=396 -5 
* 
+4 1188 792

fn=(3630)
221 3965 793 2379 397
cfi=(504)
cfn=(3632) <alloc::string::String as hashbrown::Equivalent<alloc::string::String>>::equivalent
calls=793 -65 
* 65434 15271 21411 2981 564 0 2 0 0 4271 474 793 1
* 2379 793

fl=(347) /rustc/4aa1fbcf467cf38ce58abfa8eb9213a789c5381c/library/core/src/net/parser.rs
fn=(1526) <core::net::socket_addr::SocketAddr>::parse_ascii
438 10 0 5 2 0 0 2
+1 3 0 2
259 1 0 1
cfn=(1528) <core::net::parser::Parser>::read_ipv4_addr
calls=1 152 
* 145 20 6 14 1 0 14 1 0 31 7
* 1
fi=(263)
2876 2 0 0 0 0 0 0 0 0 1
fe=(347)
48 1 1
fi=(302)
201 2 0 0 0 0 0 0 0 0 1
0 3
fi=(263)
1543 1 0 0 0 0 0 0 0 0 1
fe=(347)
0 1 1 0 1 0 0 1
fi=(263)
1543 2 1 0 0 0 0 0 0 0 1
fe=(347)
68 1 1
fi=(536) /rustc/4aa1fbcf467cf38ce58abfa8eb9213a789c5381c/library/core/src/char/methods.rs
415 1
+15 1
fi=(263)
2876 1 0 0 0 0 0 0 0 0 1
fi=(302)
201 2 0 0 0 0 0 0 0 0 1
0 3
fe=(347)
68 1 1
fi=(536)
415 1
+15 2 0 0 1 0 0 1
fe=(347)
50 1 0 0 0 0 0 0 0 0 1 1
+18 2 2
fi=(536)
415 2
+15 4
fe=(347)
50 2 0 0 0 0 0 0 0 0 2
fi=(173)
3242 18
fi=(301)
486 12 0 0 0 0 0 0 0 0 6 1
fi=(302)
201 9 0 0 0 0 0 0 0 0 3 1
jfi=(347)
jcnd=2/3 68 
* 
* 1
jfi=(347)
jump=1 +44 
* 
fe=(347)
63 2 0 0 0 0 0 0 0 0 1
-63 3
261 1
+1 4
jfi=(263)
jump=1 1337 
* 
-17 1 0 0 1 0 0 1
fi=(263)
2876 2 0 0 0 0 0 0 0 0 1 1
jfi=(347)
jcnd=1/1 63 
* 
1337 8 2 5 1 0 0 1
+3 1
jfi=(347)
jump=1 440 
* 
fe=(347)
440 8 6

fn=(1524) <core::net::socket_addr::SocketAddr as core::str::traits::FromStr>::from_str
447 1 1 0 1 0 0 1 0 0 0 0 1 1
cfn=(1526)
calls=1 -9 
* 266 35 19 20 1 0 20 1 0 51 11

fn=(1528)
152 4 0 4 1 0 0 1
48 2 2
fi=(302)
201 2 0 0 0 0 0 0 0 0 1
fe=(347)
68 1 1 0 0 1 0 0 1
fi=(536)
415 1
+15 1
fi=(263)
2876 1 0 0 0 0 0 0 0 0 1
fe=(347)
0 2
fi=(302)
201 1 0 0 1 0 0 1 0 0 1
fe=(347)
68 1 1
fi=(536)
415 1
+15 1
fe=(347)
50 1 0 0 0 0 0 0 0 0 1
-50 1
121 1
+1 1
0 1
fi=(302)
201 1 0 0 0 0 0 0 0 0 1
fe=(347)
68 1 1
fi=(536)
415 1
+15 1
fe=(347)
50 1 0 0 0 0 0 0 0 0 1
-50 1
121 1
+1 1
0 1
fi=(302)
201 1 0 0 0 0 0 0 0 0 1 1
fe=(347)
0 1 0 0 1 0 0 1
68 1 1
fi=(536)
430 2
fe=(347)
50 1 0 0 0 0 0 0 0 0 1 1
-50 1
126 1 0 0 0 0 0 0 0 0 1
fi=(322)
384 1
fe=(347)
50 1
fi=(322)
384 1
fe=(347)
50 4 0 0 1 0 0 1 0 0 1 1
jfi=(302)
jcnd=1/1 201 
* 
fi=(302)
201 2 0 0 0 0 0 0 0 0 1
0 1 1
fi=(263)
1543 1 0 0 0 0 0 0 0 0 1
0 3 0 0 1 0 0 1
fi=(302)
201 1 0 0 0 0 0 0 0 0 1
fe=(347)
68 1 1
fi=(536)
415 1
+15 1
fi=(263)
2876 1 0 0 0 0 0 0 0 0 1
fe=(347)
0 2
fi=(302)
201 1 0 0 0 0 0 0 0 0 1
fe=(347)
68 1 1
fi=(536)
415 1
+15 1
fe=(347)
50 1 0 0 0 0 0 0 0 0 1 1
-50 1 0 0 1 0 0 1
131 3
-81 1
jump=1 * 
* 
* 2 0 0 1 0 0 1 0 0 1
fi=(302)
201 2 0 0 0 0 0 0 0 0 1
0 1 1
fi=(263)
1543 1 0 0 0 0 0 0 0 0 1
0 3
fi=(302)
201 1 0 0 0 0 0 0 0 0 1
fe=(347)
68 1 1
fi=(536)
415 1
+15 1
fi=(263)
2876 1 0 0 0 0 0 0 0 0 1
fe=(347)
0 2
fi=(302)
201 1 0 0 1 0 0 1 0 0 1
fe=(347)
68 1 1
fi=(536)
415 1
+15 1
fe=(347)
50 1 0 0 0 0 0 0 0 0 1 1
-50 1 0 0 1 0 0 1
131 3
-81 1
jump=1 * 
* 
* 2 0 0 1 0 0 1 0 0 1
fi=(302)
201 2 0 0 0 0 0 0 0 0 1
0 1 1
fi=(263)
1543 1 0 0 0 0 0 0 0 0 1 1
0 2
fi=(302)
201 1 0 0 0 0 0 0 0 0 1
fe=(347)
68 1 1
fi=(536)
415 1
+15 1 0 0 1 0 0 1
fi=(263)
2876 1 0 0 0 0 0 0 0 0 1
fe=(347)
0 3
fi=(302)
201 1 0 0 0 0 0 0 0 0 1
fe=(347)
68 1 1
fi=(536)
415 1
+15 1
fe=(347)
50 1 0 0 0 0 0 0 0 0 1 1
jcnd=1/1 +1 
* 
+1 2 0 2 1 0 0 1
+80 2 0 0 1 0 0 1
-81 1
jump=1 * 
* 
* 2 0 0 0 0 0 0 0 0 1
165 12 0 0 1 0 0 1
jump=1 * 
* 
* 3
+1 5 5

fl=(367)
fn=(1646)
254 12 2 6 2 0 0 1
+6 28 12 12 2 0 0 1
+1 14 0 2 2 0 0 1
0 2
261 2 0 2
cfi=(368)
cfn=(1648) std::thread::lifecycle::spawn_unchecked::<rustgres::main::{closure#0}, ()>
calls=2 16 
* 7617 1884 1508 433 32 50 176 9 45 1080 222 76 28
fi=(300)
2176 14 2 0 1 0 0 0 0 0 2 2
fe=(367)
0 2 2 0 2 0 0 1
fi=(300)
2177 24 12 12 4 0 0 2
fe=(367)
261 36 18 18 2 0 0 1
0 2 2
262 4 2

fl=(351)
fn=(1560)
24 3 0 2 1 0 0 1
fi=(265)
968 3 0 2
fi=(352)
133 2 0 0 0 0 0 0 0 0 1
0 1 1
133 3 0 0 0 0 0 0 0 0 1
0 1 1 0 1 0 0 1
27 1 0 1
fi=(265)
970 2 1 1
fi=(433)
195 1 0 1
fi=(537) /home/hatch/.rustup/toolchains/nightly-x86_64-unknown-linux-gnu/lib/rustlib/src/rust/library/std/src/sys/fd/unix.rs
688 1 0 1
fi=(538) /home/hatch/.rustup/toolchains/nightly-x86_64-unknown-linux-gnu/lib/rustlib/src/rust/library/std/src/sys/net/connection/socket/unix.rs
-38 1 0 1
fi=(539) /home/hatch/.rustup/toolchains/nightly-x86_64-unknown-linux-gnu/lib/rustlib/src/rust/library/std/src/sys/net/connection/socket/mod.rs
+7 1 0 1
fe=(351)
29 2 1

fl=(361) /rustc/4aa1fbcf467cf38ce58abfa8eb9213a789c5381c/library/std/src/net/tcp.rs
fn=(1632) <std::net::tcp::TcpStream>::set_nodelay
547 8 0 6 2 0 0 1
+1 6 2 2
fi=(364) /rustc/4aa1fbcf467cf38ce58abfa8eb9213a789c5381c/library/std/src/sys/net/connection/socket/mod.rs
245 8 2 2 0 0 0 0 0 0 0 0 2 1
cob=(2)
cfi=(365) ./socket/../sysdeps/unix/sysv/linux/setsockopt.c
cfn=(1634) setsockopt
calls=2 94 
* 14 2 0 2 0 0 1 0 0 2
fi=(176)
-15 2
+10 2 0 0 0 0 0 0 0 0 2
0 2
fe=(361)
549 8 6

fn=(1616) <std::net::tcp::TcpListener>::accept
915 18 0 9 4 0 0 2
fi=(364)
618 12 0 3
+1 3 0 3
cfi=(362) /rustc/4aa1fbcf467cf38ce58abfa8eb9213a789c5381c/library/std/src/sys/net/connection/socket/unix.rs
cfn=(1618) <std::sys::net::connection::socket::unix::Socket>::accept
calls=3 250 
* 193 49 48 14 0 0 8 0 0 16 6 3 1
fi=(245)
2176 4 2 0 1 0 0 0 0 0 2 2
jcnd=2/2 +1 
* 
+1 2 2
fi=(364)
620 2 2
206 10 2 0 2 0 0 1 0 0 4
+2 4 0 0 0 0 0 0 0 0 2 1
+2 4 4
fi=(173)
773 6
jfi=(364)
jump=2 621 
* 
fi=(364)
621 12 0 0 2 0 0 1
fi=(245)
837 18 0 14 2 0 0 1
0 2 0 2
fe=(361)
920 12 8 0 2 0 0 1

fn=(1934) <std::net::tcp::TcpStream>::try_clone
267 10 0 6 2 0 0 1
+1 2 2
fi=(522)
128 10 2 2 0 0 0 0 0 0 0 0 2 1
cob=(2)
cfi=(427) ./io/../sysdeps/unix/sysv/linux/fcntl64.c
cfn=(1936) fcntl
calls=2 -90 
* 82 20 18 8 0 0 4 0 0 12
fi=(176)
230 2
+10 2 0 0 0 0 0 0 0 0 2
fi=(245)
837 4 0 2
0 2 0 2 2 0 0 1
fe=(361)
269 10 8

fn=(1614) <std::net::tcp::Incoming as core::iter::traits::iterator::Iterator>::next
1125 15 0 6 2 0 0 1
+1 9 6 3 0 1 0 0 0 0 0 0 3 2
cfn=(1616)
calls=3 915 
* 302 69 79 27 0 0 14 0 0 24 9 3 1
fi=(245)
836 6 6
fe=(361)
1126 6 0 6
+1 10 6

fl=(325)
fn=(3438) <[rustgres::sql::InsertValue]>::iter
1041 1188 0 792 396 0 0 1
+1 396 0 396
cfi=(457)
cfn=(3440)
calls=396 94 
* 6732 1980 3960 792 0 0 2
+1 792 396

fn=(1344) <[u8]>::copy_from_slice
4341 10 0 8 1 0 0 1
+5 2 2 2 0 0 0 0 0 0 0 0 2 1
cfi=(162)
cfn=(1346)
calls=2 0 
* 38 8 4 1 1 0 1 1 0 8 4 2 1
+1 4 2 0 1 0 0 1

fn=(2562) <[char]>::iter
1041 11934 0 7956 1191
+1 3978 0 3978
cfi=(457)
cfn=(2564)
calls=3978 94 
* 67626 19890 39780 1584 0 0 1
+1 7956 3978

fn=(2714) <[rustgres::sql::Token]>::get::<usize>
574 60368 7546 30184 2382 0 309 2
+4 7546 0 7546
cfi=(319)
cfn=(2716) <usize as core::slice::index::SliceIndex<[rustgres::sql::Token]>>::get
calls=7546 183 
* 105644 30184 45276 2382 0 798 2 0 1 7546 32
+1 15092 7546

fn=(2986) <[(alloc::string::String, rustgres::storage::ColType)]>::iter
1041 9 0 6 1 0 0 1
+1 3 0 3
cfi=(457)
cfn=(2988)
calls=3 94 
* 51 15 30 2 0 0 2
+1 6 3

fn=(3146) <[rustgres::wal::WalRecord]>::is_empty
138 796 0 796 398 0 0 1
+1 796
+1 796 398

fn=(3444) <[usize]>::iter
1041 1188 0 792 396 0 0 1
+1 396 0 396
cfi=(457)
cfn=(3446)
calls=396 94 
* 6732 1980 3960 792 0 0 1
+1 792 396

fn=(2392) <[u8]>::iter
1041 3573 0 2382 1191 0 0 1
+1 1191 0 1191
cfi=(457)
cfn=(2394)
calls=1191 94 
* 19056 5955 11910 2380 0 0 2
+1 2382 1191

fl=(475) /home/hatch/.rustup/toolchains/nightly-x86_64-unknown-linux-gnu/lib/rustlib/src/rust/library/core/src/iter/adapters/cloned.rs
fn=(2588) <core::iter::adapters::cloned::Cloned<core::slice::iter::Iter<char>> as core::iter::traits::iterator::Iterator>::fold::<(), core::iter::traits::iterator::Iterator::for_each::call<char, <alloc::string::String as core::iter::traits::collect::Extend<char>>::extend<core::iter::adapters::cloned::Cloned<core::slice::iter::Iter<char>>>::{closure#0}>::{closure#0}>
57 19890 0 15912 3585 0 0 2
+4 11934 0 11934
cfi=(258)
cfn=(2590) <core::slice::iter::Iter<char> as core::iter::traits::iterator::Iterator>::map::<char, <char as core::clone::Clone>::clone>
calls=3978 831 
* 19890 3978 7956 1191 0 0 1
* 15912 0 15912
-61 11934 11934
61 11934 0 11934 1191 0 0 1
fi=(476)
+67 3978 0 3978
cfi=(458)
cfn=(2592)
calls=3978 254 
* 4930002 1362816 2116836 22629 0 0 19 0 0 210888 3997 33822 1191
fe=(475)
-66 7956 3978

fn=(2580) <core::iter::adapters::cloned::Cloned<core::slice::iter::Iter<char>> as core::iter::traits::iterator::Iterator>::size_hint
44 15912 0 7956 1381 0 0 1
+1 3978 0 3978
cfi=(458)
cfn=(2582)
calls=3978 213 
* 175032 51714 79560 3573 0 0 2 0 0 3978 1198
* 3978 3978
+1 7956 3978

fl=(256)
fn=(922)
352 12 0 6 1 0 0 1
fi=(271)
28 12 0 0 0 0 0 0 0 0 6 5
jfi=(233)
jcnd=5/6 2383 
* 
+13 2 0 0 0 0 0 0 0 0 1
-41 2
42 30 15 0 0 0 0 0 0 0 15 1
jfi=(256)
jcnd=1/14 355 
* 
+4 14
-5 28 0 0 0 0 0 0 0 0 14 5
jcnd=14/14 +1 
* 
fi=(233)
2383 10 0 0 1 0 0 1
fi=(271)
73 10 0 0 0 0 0 0 0 0 5 1
-73 25 0 0 1 0 0 1
87 5 5
+1 5 5
-69 30
+74 20 0 0 0 0 0 0 0 0 5
-6 1 1
+1 1 1
-69 6
+74 4 0 0 0 0 0 0 0 0 1
+4 6
-14 12 0 0 0 0 0 0 0 0 6 1
jcnd=1/6 +4 
* 
* 5 0 0 1 0 0 1
jump=5 -42 
* 
-41 42 21 0 0 0 0 0 0 0 21 6
-1 48 0 0 0 0 0 0 0 0 16 7
jcnd=16/16 +1 
* 
* 10 0 0 0 0 0 0 0 0 5 3
jcnd=5/5 +1 
* 
fe=(256)
-41 5 0 0 1 0 0 1
355 18 0 0 0 0 0 0 0 0 6 1
+3 18 0 12
0 6 0 6
363 12 12

fl=(278)
fn=(972) <alloc::vec::into_iter::IntoIter<std::ffi::os_str::OsString> as core::ops::drop::Drop>::drop
605 2 0 1 1 0 0 1
+12 1 0 1
+4 2 1 1
cfn=(974) <alloc::vec::into_iter::IntoIter<std::ffi::os_str::OsString>>::as_raw_mut_slice
calls=1 121 
* 78 23 34 9 0 0 9 0 0 3 2
* 3 0 2
0 2 2 0 1 0 0 1
621 2 0 2
fi=(264)
843 1 0 1
cfn=(988) core::ptr::drop_glue::<[std::ffi::os_str::OsString]>
calls=1 +5 
* 11 3 5 2 0 0 2 0 0 1 1
* 1
fe=(278)
624 2 0 1
cfi=(264)
cfn=(992) core::ptr::drop_glue::<<alloc::vec::into_iter::IntoIter<_, _> as core::ops::drop::Drop>::drop::DropGuard<std::ffi::os_str::OsString, alloc::alloc::Global>>
calls=1 848 
* 144 45 36 5 0 0 5 0 0 16 0 3 1
* 2 1

fn=(2934) <alloc::vec::into_iter::IntoIter<alloc::string::String>>::as_raw_mut_slice
121 3573 0 1191 795 0 0 1
fi=(282)
-73 1191 0 1191 1191 0 0 1
fe=(278)
+74 3573 1191 2382
fi=(358)
417 1191 0 1191
fi=(281) /home/hatch/.rustup/toolchains/nightly-x86_64-unknown-linux-gnu/lib/rustlib/src/rust/library/core/src/iter/traits/exact_size.rs
117 2382 0 1191
cfi=(278)
cfn=(2936) <alloc::vec::into_iter::IntoIter<alloc::string::String> as core::iter::traits::iterator::Iterator>::size_hint
calls=1191 292 
* 54786 15483 23820 3573 0 0 2 0 0 1191 6
* 8337 3573 4764 1191 0 0 1
fi=(282)
-72 2382 0 1191
fi=(281)
+77 2382 0 2382
fi=(282)
-77 2382 0 1191
fi=(265)
2444 2382 1191 0 0 0 0 0 0 0 1191
0 1191 1191
fi=(482)
2185 1191 1191
fi=(282)
47 1191 0 0 0 0 0 0 0 0 1191 415
-47 2382 2382 0 1191 0 0 1
fe=(278)
123 2382 1191

fn=(3508) <alloc::vec::into_iter::IntoIter<alloc::vec::Vec<rustgres::storage::Value>> as core::iter::traits::iterator::Iterator>::size_hint
292 1980 0 1584 396 0 0 1
fi=(280)
731 396 0 396 396 0 0 1
0 396 396
fe=(278)
30 1188 396 792
297 1188 396 792
fi=(358)
417 396 0 396
898 396 0 396
fi=(513)
-5 396 0 396
0 792 792
fi=(279)
78 792 0 396 396 0 0 1
cfn=(978)
calls=396 -10 
* 3168 396 1188 0 0 0 0 0 0 396 2
fi=(280)
732 792
0 792 792
734 1980 0 396
0 792 792
fe=(278)
299 1980 792 1188 396
+1 792 396

fn=(976) <alloc::vec::into_iter::IntoIter<std::ffi::os_str::OsString> as core::iter::traits::iterator::Iterator>::size_hint
292 5 0 4 1 0 0 1
fi=(280)
731 1 0 1
0 1 1
fe=(278)
30 3 1 2 1 0 0 1
297 3 1 2
fi=(358)
417 1 0 1
898 1 0 1
fi=(513)
-5 1 0 1
0 2 2
fi=(279)
78 2 0 1
cfn=(978)
calls=1 -10 
* 8 1 3 2 0 0 2 0 0 1 1
fi=(280)
732 2
0 2 2 0 1 0 0 1
734 5 0 1
0 2 2
fe=(278)
299 5 2 3
+1 2 1

fn=(2952) <<alloc::vec::into_iter::IntoIter<_, _> as core::ops::drop::Drop>::drop::DropGuard<alloc::string::String, alloc::alloc::Global> as core::ops::drop::Drop>::drop
609 2382 0 1191 1191 0 0 1
+3 2382 1191 1191
207 4764 2382 2382 0 443
0 1191 0 1191
207 1191 0 1191
fi=(358)
514 1191 0 1191
0 1191 1191
fi=(352)
42 1191 0 1191
-42 1191 1191
fi=(283)
617 1191 1191 0 1191
296 2382 0 2382
fe=(278)
-89 2382 0 1191
cfi=(264)
cfn=(2954) core::ptr::drop_glue::<alloc::raw_vec::RawVec<alloc::string::String>>
calls=1191 848 
* 150150 45273 26199 1986 963 0 2 0 0 19083 411 3573 1
614 2382 1191

fn=(2638) <alloc::vec::into_iter::IntoIter<alloc::string::String> as core::iter::traits::iterator::Iterator>::next
269 9528 0 9528 1325 0 0 1
fi=(280)
1135 2382 0 2382
-20 2382 0 2382
fi=(451)
2391 2382 0 2382
fi=(280)
469 2382 0 2382 1192 0 0 1
fi=(358)
619 2382 0 2382
0 2382 2382
fe=(278)
30 2382 2382
fi=(358)
1663 2382 2382
fe=(278)
279 2382 0 0 0 0 0 0 0 0 2382 661
0 1191 1191
282 2382 1191 1191
fi=(358)
417 1191 1191
627 1191
fe=(278)
284 1191 0 1191
-14 1191
0 1191 1191 0 1191
280 1191 0 1191
fi=(251)
0 1191
jfi=(278)
jump=1191 289 
0 
0 1191 1191 0 269 0 0 1
fi=(358)
935 1191 1191
fi=(264)
1758 7146 3573 3573
fe=(278)
288 7146 3573 3573 1 0 0 1
0 1191 1191
289 1191 1191
0 1191 1191
289 2382 1191 0 1191

fn=(2932) <alloc::vec::into_iter::IntoIter<alloc::string::String> as core::ops::drop::Drop>::drop
605 2382 0 1191 1191 0 0 1
+12 1191 0 1191
+4 2382 1191 1191
cfn=(2934)
calls=1191 121 
* 92898 27393 40494 7941 0 0 6 0 0 3573 421
* 3573 0 2382
0 2382 2382 0 1191 0 0 1
621 2382 0 2382
fi=(264)
843 1191 0 1191
cfn=(2946) core::ptr::drop_glue::<[alloc::string::String]>
calls=1191 +5 
* 13101 3573 5955 2382 0 0 2 0 0 1191 4
* 1191
fe=(278)
624 2382 0 1191
cfi=(264)
cfn=(2950) core::ptr::drop_glue::<<alloc::vec::into_iter::IntoIter<_, _> as core::ops::drop::Drop>::drop::DropGuard<alloc::string::String, alloc::alloc::Global>>
calls=1191 848 
* 181116 55992 42873 5559 1406 0 4 0 0 19083 411 3573 1
* 2382 1191

fn=(974)
121 3 0 1 1 0 0 1
fi=(282)
-73 1 0 1
fe=(278)
+74 3 1 2
fi=(358)
417 1 0 1
fi=(281)
117 2 0 1
cfi=(278)
cfn=(976)
calls=1 292 
* 46 13 20 5 0 0 5 0 0 1 1
* 7 3 4 1 0 0 1
fi=(282)
-72 2 0 1
fi=(281)
+77 2 0 2
fi=(282)
-77 2 0 1
fi=(265)
2444 2 1 0 1 0 0 1 0 0 1
0 1 1
fi=(482)
2185 1 1
fi=(282)
47 1 0 0 0 0 0 0 0 0 1 1
-47 2 2 0 1 0 0 1
fe=(278)
123 2 1

fn=(2936)
292 5955 0 4764
fi=(280)
731 1191 0 1191 1191 0 0 1
0 1191 1191
fe=(278)
30 3573 1191 2382
297 3573 1191 2382
fi=(358)
417 1191 0 1191
898 1191 0 1191
fi=(513)
-5 1191 0 1191
0 2382 2382
fi=(279)
78 2382 0 1191 1191 0 0 1
cfn=(978)
calls=1191 -10 
* 9528 1191 3573 0 0 0 0 0 0 1191 6
fi=(280)
732 2382
0 2382 2382
734 5955 0 1191
0 2382 2382
fe=(278)
299 5955 2382 3573 1191
+1 2382 1191

fn=(3506)
90 1188 0 396 396 0 0 1
fi=(282)
-42 396 0 396
fe=(278)
+44 1584 396 1188
fi=(281)
+25 792 0 396
cfi=(278)
cfn=(3508)
calls=396 292 
* 18216 5148 7920 1584 0 0 3 0 0 396 2
* 2772 1188 1584 396 0 0 1
fi=(282)
-72 792 0 396
fi=(281)
+77 792 0 792
fi=(282)
-77 792 0 396
fi=(265)
2444 792 396 0 396 0 0 1 0 0 396
0 396 396
fi=(482)
2185 396 396
fi=(282)
47 396 0 0 0 0 0 0 0 0 396 2
jfi=(279)
jcnd=396/396 +30 
* 
fi=(279)
+30 396
-77 792 792 0 396
78 1584 0 396
cfn=(2258)
calls=396 -10 
* 30096 4356 7128 1980 0 0 0 0 0 1980 1
-78 792 792
fe=(278)
93 792 396

fn=(994) <<alloc::vec::into_iter::IntoIter<_, _> as core::ops::drop::Drop>::drop::DropGuard<std::ffi::os_str::OsString, alloc::alloc::Global> as core::ops::drop::Drop>::drop
609 2 0 1 1 0 0 1
+3 2 1 1
207 4 2 2 1 0 0 1
0 1 0 1
207 1 0 1
fi=(358)
514 1 0 1
0 1 1
fi=(352)
42 1 0 1
-42 1 1
fi=(283)
617 1 1
296 2 0 2
fe=(278)
-89 2 0 1
cfi=(264)
cfn=(996) core::ptr::drop_glue::<alloc::raw_vec::RawVec<std::ffi::os_str::OsString>>
calls=1 848 
* 118 36 22 2 0 0 2 0 0 16 0 3 1
614 2 1

fl=(488) /home/hatch/.rustup/toolchains/nightly-x86_64-unknown-linux-gnu/lib/rustlib/src/rust/library/core/src/hash/sip.rs
fn=(2832) <core::hash::sip::Hasher<core::hash::sip::Sip13Rounds>>::reset
201 1192 0 1192 795 0 0 1
+1 1192 0 1192
+1 3576 1192 1192
+1 3576 1192 1192
+1 3576 1192 1192 795 0 0 1
+1 3576 1192 1192
+1 1192 0 1192
+1 1192 1192

fn=(2862) <core::hash::sip::Hasher<core::hash::sip::Sip13Rounds> as core::hash::Hasher>::finish
311 2384 0 1192
+1 9536 4768 4768 795 0 0 1
+2 7152 2384 2384
+2 2384 1192 1192
+1 2384 0 1192
cfn=(2848) <core::hash::sip::Sip13Rounds as core::hash::sip::Sip>::c_rounds
calls=1192 +45 
* 149000 41720 64368
* 1192 1192
+1 2384 1192 1192 795 0 0 1
+2 3576 1192 1192
+1 2384 0 1192
cfn=(2864) <core::hash::sip::Sip13Rounds as core::hash::sip::Sip>::d_rounds
calls=1192 +46 
* 435080 122776 188336 15276 0 0 18
+2 4768 4768
+1 2384 1192

fn=(2848)
362 7152 0 4768 795 0 0 1
fi=(324)
474 14304 0 14304
fe=(488)
76 9536 4768 4768 795 0 0 1
fi=(324)
2682 2384
fe=(488)
78 2384 0 2384
-2 9536 4768 4768
fi=(324)
2682 2384
fe=(488)
79 2384 0 2384
-3 4768 2384 2384
fi=(324)
475 4768 0 2384 795 0 0 1
cfi=(456)
cfn=(2850) core::intrinsics::rotate_left::<u64>
calls=2384 2089 
* 16688 2384 4768 795
* 2384 2384
fe=(488)
80 2384 0 2384
-4 2384 2384
+2 4768 2384 2384
-2 4768 2384 2384
fi=(324)
475 4768 0 2384
cfi=(456)
cfn=(2850)
calls=2384 2089 
* 16688 2384 4768
* 2384 2384
fe=(488)
82 2384 0 2384
-6 2384 2384
+3 4768 2384 2384
-3 4768 2384 2384 1191 0 0 1
fi=(324)
475 4768 0 2384
cfi=(456)
cfn=(2850)
calls=2384 2089 
* 16688 2384 4768
* 2384 2384
fe=(488)
84 2384 0 2384
-8 9536 4768 4768
fi=(324)
2682 2384
fe=(488)
86 2384 0 2384
-10 9536 4768 4768
fi=(324)
2682 2384 0 0 879 0 0 1
fe=(488)
87 2384 0 2384
-11 4768 2384 2384
fi=(324)
475 4768 0 2384
cfi=(456)
cfn=(2850)
calls=2384 2089 
* 16688 2384 4768
* 2384 2384
fe=(488)
88 2384 0 2384
-12 2384 2384
+3 4768 2384 2384
-3 4768 2384 2384
fi=(324)
475 4768 0 2384 1144 0 0 1
cfi=(456)
cfn=(2850)
calls=2384 2089 
* 16688 2384 4768
* 2384 2384
fe=(488)
90 2384 0 2384
-14 2384 2384
+2 4768 2384 2384
-2 4768 2384 2384
fi=(324)
475 4768 0 2384
cfi=(456)
cfn=(2850)
calls=2384 2089 
* 16688 2384 4768
* 2384 2384
fe=(488)
92 2384 0 2384
364 4768 2384

fn=(2864)
367 3576 0 2384 1146 0 0 1
fi=(324)
474 21456 0 21456 1617 0 0 2
fe=(488)
76 4768 2384 2384
fi=(324)
2682 1192
fe=(488)
78 1192 0 1192
-2 4768 2384 2384 795 0 0 1
fi=(324)
2682 1192
fe=(488)
79 1192 0 1192
-3 2384 1192 1192
fi=(324)
475 2384 0 1192
cfi=(456)
cfn=(2850)
calls=1192 2089 
* 8344 1192 2384
* 1192 1192
fe=(488)
80 1192 0 1192
-4 1192 1192
+2 2384 1192 1192
-2 2384 1192 1192 795 0 0 1
fi=(324)
475 2384 0 1192
cfi=(456)
cfn=(2850)
calls=1192 2089 
* 8344 1192 2384
* 1192 1192
fe=(488)
82 1192 0 1192
-6 1192 1192
+3 2384 1192 1192
-3 2384 1192 1192
fi=(324)
475 2384 0 1192
cfi=(456)
cfn=(2850)
calls=1192 2089 
* 8344 1192 2384
* 1192 1192
fe=(488)
84 1192 0 1192
-8 4768 2384 2384 795 0 0 1
fi=(324)
2682 1192
fe=(488)
86 1192 0 1192
-10 4768 2384 2384
fi=(324)
2682 1192
fe=(488)
87 1192 0 1192
-11 2384 1192 1192 795 0 0 1
fi=(324)
475 2384 0 1192
cfi=(456)
cfn=(2850)
calls=1192 2089 
* 8344 1192 2384
* 1192 1192
fe=(488)
88 1192 0 1192
-12 1192 1192
+3 2384 1192 1192
-3 2384 1192 1192
fi=(324)
475 2384 0 1192
cfi=(456)
cfn=(2850)
calls=1192 2089 
* 8344 1192 2384
* 1192 1192
fe=(488)
90 1192 0 1192
-14 1192 1192 0 795 0 0 1
+2 2384 1192 1192
-2 2384 1192 1192
fi=(324)
475 2384 0 1192
cfi=(456)
cfn=(2850)
calls=1192 2089 
* 8344 1192 2384
* 1192 1192
fe=(488)
92 1192 0 1192
-16 4768 2384 2384
fi=(324)
2682 1192 0 0 786 0 0 1
fe=(488)
78 1192 0 1192
-2 4768 2384 2384
fi=(324)
2682 1192
fe=(488)
79 1192 0 1192
-3 2384 1192 1192
fi=(324)
475 2384 0 1192
cfi=(456)
cfn=(2850)
calls=1192 2089 
* 8344 1192 2384
* 1192 1192
fe=(488)
80 1192 0 1192 795 0 0 1
-4 1192 1192
+2 2384 1192 1192
-2 2384 1192 1192
fi=(324)
475 2384 0 1192
cfi=(456)
cfn=(2850)
calls=1192 2089 
* 8344 1192 2384
* 1192 1192
fe=(488)
82 1192 0 1192
-6 1192 1192
+3 2384 1192 1192
-3 2384 1192 1192 795 0 0 1
fi=(324)
475 2384 0 1192
cfi=(456)
cfn=(2850)
calls=1192 2089 
* 8344 1192 2384
* 1192 1192
fe=(488)
84 1192 0 1192
-8 4768 2384 2384
fi=(324)
2682 1192
fe=(488)
86 1192 0 1192
-10 4768 2384 2384 795 0 0 1
fi=(324)
2682 1192
fe=(488)
87 1192 0 1192
-11 2384 1192 1192
fi=(324)
475 2384 0 1192
cfi=(456)
cfn=(2850)
calls=1192 2089 
* 8344 1192 2384
* 1192 1192
fe=(488)
88 1192 0 1192
-12 1192 1192
+3 2384 1192 1192
-3 2384 1192 1192 795 0 0 1
fi=(324)
475 2384 0 1192
cfi=(456)
cfn=(2850)
calls=1192 2089 
* 8344 1192 2384
* 1192 1192
fe=(488)
90 1192 0 1192
-14 1192 1192
+2 2384 1192 1192
-2 2384 1192 1192
fi=(324)
475 2384 0 1192
cfi=(456)
cfn=(2850)
calls=1192 2089 
* 8344 1192 2384
* 1192 1192
fe=(488)
92 1192 0 1192 795 0 0 1
-16 4768 2384 2384
fi=(324)
2682 1192
fe=(488)
78 1192 0 1192
-2 4768 2384 2384
fi=(324)
2682 1192
fe=(488)
79 1192 0 1192
-3 2384 1192 1192 1083 0 0 1
fi=(324)
475 2384 0 1192
cfi=(456)
cfn=(2850)
calls=1192 2089 
* 8344 1192 2384
* 1192 1192
fe=(488)
80 1192 0 1192
-4 1192 1192
+2 2384 1192 1192
-2 2384 1192 1192
fi=(324)
475 2384 0 1192
cfi=(456)
cfn=(2850)
calls=1192 2089 
* 8344 1192 2384
* 1192 1192
fe=(488)
82 1192 0 1192 1083 0 0 1
-6 1192 1192
+3 2384 1192 1192
-3 2384 1192 1192
fi=(324)
475 2384 0 1192
cfi=(456)
cfn=(2850)
calls=1192 2089 
* 8344 1192 2384
* 1192 1192
fe=(488)
84 1192 0 1192
-8 4768 2384 2384 795 0 0 1
fi=(324)
2682 1192
fe=(488)
86 1192 0 1192
-10 4768 2384 2384
fi=(324)
2682 1192
fe=(488)
87 1192 0 1192
-11 2384 1192 1192
fi=(324)
475 2384 0 1192
cfi=(456)
cfn=(2850)
calls=1192 2089 
* 8344 1192 2384
* 1192 1192 0 796 0 0 1
fe=(488)
88 1192 0 1192
-12 1192 1192
+3 2384 1192 1192
-3 2384 1192 1192
fi=(324)
475 2384 0 1192
cfi=(456)
cfn=(2850)
calls=1192 2089 
* 8344 1192 2384
* 1192 1192
fe=(488)
90 1192 0 1192
-14 1192 1192
+2 2384 1192 1192
-2 2384 1192 1192 20
fi=(324)
475 2384 0 1192
cfi=(456)
cfn=(2850)
calls=1192 2089 
* 8344 1192 2384
* 1192 1192
fe=(488)
92 1192 0 1192
371 2384 1192

fn=(2842) <core::hash::sip::Hasher<core::hash::sip::Sip13Rounds> as core::hash::Hasher>::write_str
303 5960 0 4768 795 0 0 1
fi=(487)
+59 1192 0 1192
fe=(488)
-56 1192 0 1192
cfn=(2844) <core::hash::sip::Hasher<core::hash::sip::Sip13Rounds> as core::hash::Hasher>::write
calls=1192 -50 
* 541168 137080 178800 31116 146 0 24 0 0 22648 177
* 1192 1192
fi=(487)
+57 4768 0 2384
cfi=(488)
cfn=(2844)
calls=1192 256 
* 128736 41720 41720 795 0 0 1 0 0 7152 8
fe=(488)
-55 2384 1192

fn=(2844)
256 16688 0 14304 795 0 0 1
fi=(264)
553 2384 0 2384
fe=(488)
257 2384 0 2384
+1 4768 2384 2384
+2 2384 0 2384
+2 4768 2384 0 0 0 0 0 0 0 2384 2
* 1192
0 3576 3576
263 3576 1192 1192 795 0 0 1
+2 2384 1192 1192
fi=(482)
2320 3576
fe=(488)
265 3576 0 1192
cfn=(2854) core::hash::sip::u8to64_le
calls=1192 122 
* 72712 21456 23840 0 0 0 0 0 0 4768 4
* 11920 5960 1192
+1 2384 1192 0 0 0 0 0 0 0 1192 2
0 1192 1192 0 795 0 0 1
278 3576 1192 2384
+1 3576 0 2384 795 0 0 1
+3 1192
0 2384 2384
267 2384 1192 1192
+33 1192
jump=1192 * 
* 
0 4768 4768 0 877 0 0 1
282 9536 2384 0 0 0 0 0 0 0 2384 2
0 3576 3576
298 2384 1192 1192
cfn=(2854)
calls=1192 122 
* 72712 21456 23840 7952 0 0 10 0 0 4768 2
* 4768 2384 1192
+1 1192 0 1192
+1 1192
jump=1192 * 
* 
0 1192 1192 0 795 0 0 1
105 1192 0 1192
fi=(325)
731 1192 0 1192
fe=(488)
286 2384 1192 1192
fi=(280)
872 3576 0 2384 795 0 0 1
fe=(488)
108 2384 0 1192
fi=(279)
-31 1192
fe=(488)
300 4768 2384
0 1192 1192
fi=(279)
78 7152 0 1192
cfn=(2274)
calls=1192 -10 
* 219328 39336 53640 10328 0 0 0 0 0 14304 173
-78 2384 2384 0 795 0 0 1
fi=(264)
574 2384 1192 1192 0 146
fe=(488)
111 3576 1192 2384
288 2384 1192 1192
+1 1192 0 1192
cfn=(2848)
calls=1192 +73 
* 149000 41720 64368 6394 0 0 6
* 2384 2384
+1 2384 1192 1192
+2 3576 1192 1192 795 0 0 1
-10 1192

fn=(2854)
122 21456 0 19072 1589 0 0 2
fi=(264)
553 4768 0 4768
fe=(488)
124 2384 0 2384
+1 2384 0 2384 795 0 0 1
+1 11920 2384 0 0 0 0 0 0 0 2384
fi=(279)
0 2384 2384 0 795 0 0 1
fe=(488)
132 11920 2384 0 0 0 0 0 0 0 2384
jump=2384 * 
* 
* 2384 0 0 795 0 0 1
fi=(279)
0 2384 2384 0 795 0 0 1
fe=(488)
137 4768 2384 0 0 0 0 0 0 0 2384 4
0 2384 2384 0 795 0 0 1
139 7152 2384 4768
fi=(279)
-62 2384
fe=(488)
+67 7152 4768
0 4768 4768
fi=(279)
78 4768 0 2384
cfn=(2858)
calls=2384 -10 
* 19072 2384 7152 1592 0 0 2 0 0 2384 2
-78 4768 4768 0 796 0 0 1
fe=(488)
139 16688 7152 2384
+1 7152 2384 2384
-3 2384
jump=2384 +7 
* 

fl=(456)
fn=(2280)
2501 143392 0 107544 3179 0 213 2
fi=(280)
160 35848 0 35848
fi=(324)
3242 125468 0 35848
+1 17924 0 17924
fe=(456)
486 35848 0 0 1485 0 0 1 0 0 17924
0 53772 53772
fi=(324)
1361 35848 0 35848
fi=(279)
173 53772 17924 35848 0 0 238 0 0 1
fi=(324)
3211 35848 0 0 0 0 0 0 0 0 17924 6347
* 6467
fi=(279)
0 12934 12934 0 797 0 0 1
fi=(324)
3214 12934 0 6467
-3 6467
0 22914 22914 0 549
3212 22914 0 11457
0 11457 11457
fi=(279)
181 22914 11457
fe=(456)
2503 34371 11457 0 787
fi=(324)
0 6467 6467
fi=(279)
181 12934 6467
fe=(456)
2503 19401 6467 0 801

fn=(2850)
2089 107280 0 71520 795
+4 107280
+1 35760 35760

fl=(492) /home/hatch/.rustup/toolchains/nightly-x86_64-unknown-linux-gnu/lib/rustlib/src/rust/library/core/src/../../stdarch/crates/core_arch/src/simd.rs
fn=(2880) <core::core_arch::simd::Simd<i8, 16>>::splat
58 3588 0 1196 795 0 0 1
+1 7176 0 1196 1083
+1 1196 1196

fl=(308) /home/hatch/.rustup/toolchains/nightly-x86_64-unknown-linux-gnu/lib/rustlib/src/rust/library/std/src/collections/hash/map.rs
fn=(3608) <&std::collections::hash::map::HashMap<alloc::string::String, rustgres::storage::Table> as core::iter::traits::collect::IntoIterator>::into_iter
2053 1584 0 1188 396 0 0 1
676 792 0 396
cfi=(486)
cfn=(3610)
calls=396 +57 
* 45540 13464 19404 4752 0 0 3 0 0 792 0 396
* 1584 396 396 396
cob=(2)
cfi=(214)
cfn=(708)
calls=396 255 
* 4752 1188 792 0 0 0 0 0 0 792
* 396 396 0 0 0 0 0 0 0 0 0 396
* 396 396
2055 792 396

fn=(3722) <std::collections::hash::map::HashMap<alloc::string::String, rustgres::storage::Table>>::contains_key::<alloc::string::String>
1268 1188 0 792 396
+5 396 0 396
cfi=(486)
cfn=(3724)
calls=396 1382 
* 745872 196122 270072 4524 677 0 4 0 0 24705 465 1584
+1 1188 396

fn=(2358) <std::collections::hash::map::HashMap<alloc::string::String, rustgres::server::Portal>>::new
269 3 0 2 1 0 0 1
fi=(314)
71 2 0 1 1 0 0 1
cfi=(309)
cfn=(1186)
calls=1 423 
* 93 27 39 0 0 0 0 0 0 3 1 1
* 3 1 2
fi=(489)
591 8 4 4 1 0 0 1
fi=(486)
440 10 4 6
fe=(308)
-72 3 0 1
cob=(2)
cfi=(214)
cfn=(708)
calls=1 255 
* 12 3 2 0 0 0 0 0 0 2
* 1 1 0 0 0 0 0 0 0 0 0 1
* 1 1
-97 2 1

fn=(1184) <std::collections::hash::map::HashMap<alloc::string::String, rustgres::storage::Table>>::new
269 3 0 2 1 0 0 1
fi=(314)
71 2 0 1
cfi=(309)
cfn=(1186)
calls=1 423 
* 301 74 92 33 2 5 32 1 1 19 8 3 3
* 3 1 2
fi=(489)
591 8 4 4 1 1 0 1
fi=(486)
440 10 4 6 1 0 0 1
fe=(308)
-72 3 0 1
cob=(2)
cfi=(214)
cfn=(708)
calls=1 255 
* 12 3 2 0 0 0 0 0 0 2
* 1 1 0 1 0 0 1 0 0 0 0 1 1
* 1 1
-97 2 1

fn=(2812) <std::collections::hash::map::HashMap<alloc::string::String, rustgres::storage::Table>>::get::<alloc::string::String>
1034 1194 0 796 398 0 0 1
+5 398 0 398
cfi=(486)
cfn=(2814)
calls=398 1279 
* 745387 196620 271158 44177 1070 0 24 0 0 24768 864 1588 1
+1 796 398

fn=(2982) <std::collections::hash::map::HashMap<alloc::string::String, rustgres::storage::Table>>::contains_key::<str>
1268 4 0 3 2 0 0 1
+5 1 0 1
cfi=(486)
cfn=(2984)
calls=1 1382 
* 17 3 9 4 0 0 4 0 0 1 1
+1 3 1

fn=(3038) <std::collections::hash::map::HashMap<alloc::string::String, rustgres::storage::Table>>::insert
1332 4 0 2 1 0 0 1
+1 1 0 1
cfi=(486)
cfn=(3040)
calls=1 1806 
* 3093 829 1112 212 0 31 123 0 31 135 34 8
0 1 1
1334 2 1

fn=(3714) <std::collections::hash::map::HashMap<alloc::string::String, rustgres::storage::Table>>::keys
513 1584 0 1188 396
676 792 0 396
cfi=(486)
cfn=(3610)
calls=396 +57 
* 45540 13464 19404 82 252 0 0 0 0 792 0 396
* 1584 0 396
cob=(2)
cfi=(214)
cfn=(708)
calls=396 255 
* 4752 1188 792 0 0 0 0 0 0 792
* 396 396 0 0 0 0 0 0 0 0 0 396
* 396 396 0 396 0 0 1
514 1188 0 396
cob=(2)
cfi=(214)
cfn=(708)
calls=396 255 
* 4752 1188 792 0 0 205 0 0 0 792 71
* 396 396 0 0 0 0 0 0 0 0 0 396
* 396 396
+1 792 396

fn=(1388) <std::collections::hash::map::HashMap<alloc::string::String, rustgres::storage::Table>>::len
727 1 0 1 1 0 0 1
fi=(489)
1331 1 1
fe=(308)
729 1 1

fn=(2354) <std::collections::hash::map::HashMap<alloc::string::String, rustgres::server::Prepared>>::new
269 3 0 2 1 0 0 1
fi=(314)
71 2 0 1
cfi=(309)
cfn=(1186)
calls=1 423 
* 350 85 101 32 1 4 1 0 4 25 10 3 1
* 3 1 2 1 0 0 1
fi=(489)
591 8 4 4
fi=(486)
440 10 4 6 1 0 0 1
fe=(308)
-72 3 0 1
cob=(2)
cfi=(214)
cfn=(708)
calls=1 255 
* 12 3 2 0 0 0 0 0 0 2
* 1 1 0 0 0 0 0 0 0 0 0 1
* 1 1
-97 2 1 0 1

fn=(3224) <std::collections::hash::map::HashMap<alloc::string::String, rustgres::storage::Table> as core::clone::Clone>::clone
1437 1584 0 1188 396 0 0 1
+1 792 0 396
cfi=(486)
cfn=(3226)
calls=396 188 
* 108496062 28856870 29176617 96303 441251 64834 71 0 235 11140981 174837 872583 157609
* 1584 396 396 396 0 0 1
cob=(2)
cfi=(214)
cfn=(708)
calls=396 255 
* 4752 1188 792 0 0 239 0 0 0 792 2
* 396 396 0 0 0 0 0 0 0 0 0 396
* 396 396
+1 792 396

fn=(2822) <std::collections::hash::map::HashMap<alloc::string::String, rustgres::storage::Table>>::remove::<str>
1390 12 0 8 2 0 0 1
+5 2 0 2
cfi=(486)
cfn=(2824)
calls=2 1956 
* 4803 1250 1651 177 16 9 102 1 1 186 31 18 1
* 2 2 0 2 0 0 1
+1 4 2

fn=(3334) <std::collections::hash::map::HashMap<alloc::string::String, rustgres::storage::Table>>::get_mut::<str>
1296 1584 0 1188 792
+5 396 0 396
cfi=(486)
cfn=(3336)
calls=396 1415 
* 743028 196086 271260 45632 250 0 16 0 0 24651 1183 1584
+1 792 396

fn=(3614) <std::collections::hash::map::Iter<alloc::string::String, rustgres::storage::Table> as core::iter::traits::iterator::Iterator>::next
2105 1584 0 1584
+1 792 0 792
cfi=(486)
cfn=(3616)
calls=792 3145 
* 47124 13068 17424 4644 470 0 4 0 0 1584 2
+1 1584 1584

fn=(3718) <std::collections::hash::map::Keys<alloc::string::String, rustgres::storage::Table> as core::iter::traits::iterator::Iterator>::next
2229 1584 0 792 396 0 0 1
2106 792 0 792
cfi=(486)
cfn=(3616)
calls=792 3145 
* 47124 13068 17424 480 0 0 0 0 0 1584 3
* 1584 0 1584
fi=(265)
1164 5544 792 0 396 0 0 1 0 0 792 2
jcnd=396/792 +2 
* 
+1 1980 792 1188
+3 396
jfi=(308)
jump=396 2231 
* 
-2 396 0 396
fe=(308)
2231 2376 1584

fl=(342)
fn=(1464)
135 1596 0 798 397 0 0 1
+8 1596 399
+55 798 0 0 0 0 0 0 0 0 399 398
jcnd=399/399 +22 
* 
+22 798 0 0 397 0 0 1 0 0 399 3
0 399 0 0 397 0 0 1
236 399 0 0 0 0 0 0 0 0 399 398
jcnd=3/399 +12 
* 
* 792 0 0 0 0 0 0 0 0 396
+12 798 399 0 0 259 0 0 1
fi=(336) /rustc/4aa1fbcf467cf38ce58abfa8eb9213a789c5381c/library/core/src/mem/maybe_uninit.rs
575 399 0 399
fe=(342)
243 399
fi=(290)
380 798
90 798
fe=(342)
+53 1995 399 399 397 202 0 1 0 0 0 0 399 397
cfi=(338)
cfn=(1466)
calls=399 1826 
* 46542 11625 8022 2779 0 0 7 0 0 5622 63 804 2
+8 1596 1197

fl=(429) /home/hatch/.rustup/toolchains/nightly-x86_64-unknown-linux-gnu/lib/rustlib/src/rust/library/alloc/src/io/buffered/bufwriter.rs
fn=(2002) <alloc::io::buffered::bufwriter::BufWriter<std::net::tcp::TcpStream> as core::ops::drop::Drop>::drop
712 6 0 4 2 0 0 1
+1 4 2 0 0 0 0 0 0 0 2
0 2 2
715 2 0 2
cfn=(2004) <alloc::io::buffered::bufwriter::BufWriter<std::net::tcp::TcpStream>>::flush_buf
calls=2 208 
* 68 26 26 5 0 3 4 0 3 4 4 2 1
* 2 0 2
+1 4 0 2
cfi=(264)
cfn=(2008) core::ptr::drop_glue::<core::result::Result<(), core::io::error::Error>>
calls=2 848 
* 24 4 4 4 0 0 2 0 0 2
+1 4 2

fn=(2370) <alloc::io::buffered::bufwriter::BufWriter<std::net::tcp::TcpStream> as core::io::write::Write>::flush
680 7149 0 4766 1192 0 0 1
+1 2383 0 2383
cfn=(2004)
calls=2383 208 
* 269358 89387 66739 23434 1314 523 9 0 0 29798 1218 7151 1592
* 2383 0 2383
fi=(300)
2176 16681 2383 0 1192 0 0 1 0 0 2383 8
fe=(429)
0 2383 2383
331 2383
682 2383 0 2383
cfi=(359) /home/hatch/.rustup/toolchains/nightly-x86_64-unknown-linux-gnu/lib/rustlib/src/rust/library/std/src/net/tcp.rs
cfn=(2380) <std::net::tcp::TcpStream as core::io::write::Write>::flush
calls=2383 +33 
* 7149 2383 2383 1192
* 2383 0 2383
+1 7149 4766

fn=(1946) <alloc::io::buffered::bufwriter::BufWriter<std::net::tcp::TcpStream>>::new
98 10 0 4 1 0 0 1
+1 4 0 2
cfn=(1948) <alloc::io::buffered::bufwriter::BufWriter<std::net::tcp::TcpStream>>::with_capacity
calls=2 +32 
* 776 173 157 28 0 14 15 0 14 110 26 8 5
* 2 2 0 2 0 0 1
+1 4 2

fn=(2294) <alloc::io::buffered::bufwriter::BufWriter<std::net::tcp::TcpStream> as core::io::write::Write>::write_all
572 50232 0 43056 2384 0 0 2
fi=(283)
+60 7176 7176 0 0 587
fi=(452)
3140 7176 7176
fe=(429)
483 7176
+92 14352 0 0 0 0 0 0 0 0 7176 13
0 21528 21528
578 7176 0 7176
cfn=(2296) <alloc::io::buffered::bufwriter::BufWriter<std::net::tcp::TcpStream>>::write_to_buffer_unchecked
calls=7176 468 
* 1815874 383920 505912 5523 0 572 6 0 3 128747 7281 7176
+3 7176 0 7176 1192 0 0 1
+4 21528 14352

fn=(2004)
208 7155 0 4770 1193 0 2 1 0 2
+51 2385 0 2385
-36 4770 0 4770
+15 4770 4770
fi=(452)
3140 2385 2385
fe=(429)
238 2385
+22 2385 0 0 0 0 0 0 0 0 2385 6
jcnd=1193/2385 +17 
* 
-22 2384 2384
fi=(452)
3140 1192 1192
fe=(429)
238 1192
+22 1192 0 0 0 0 0 0 0 0 1192 2
jcnd=1192/1192 +17 
* 
0 1192 1192
261 1192 0 1192
+1 5960 1192 2384 1192 415 0 0 0 0 0 0 1192 1
cfi=(341) /rustc/4aa1fbcf467cf38ce58abfa8eb9213a789c5381c/library/alloc/src/io/buffered/bufwriter.rs
cfn=(1492) <<alloc::io::buffered::bufwriter::BufWriter<_>>::flush_buf::BufGuard>::remaining
calls=1192 -34 
* 10728 5960 0 1192 0 0 0 0 0 1192
* 3576 0 2384
+15 2385 0 2385 1 0 0 1
+1 4770 0 2385 0 0 1 0 0 1
cfi=(264)
cfn=(2006) core::ptr::drop_glue::<<alloc::io::buffered::bufwriter::BufWriter<_>>::flush_buf::BufGuard>
calls=2385 848 
* 67960 26232 16694 2386 0 523 1 0 0 10729 14 3577 399
* 2385
jump=2385 * 
* 
0 3576 3576 0 1192 0 0 1
262 2384 1192 1192 0 1 0 0 0 0 0 0 1192 1
cfi=(431)
cfn=(2372) <std::net::udp::UdpSocket>::send
calls=1192 705 
* 97744 25032 17880 10322 898 0 4 0 0 10728 1196 1192 1192
* 3576 0 2384
0 3576 3576 0 1192 0 0 1
262 2384 0 2384
+1 1192 0 1192
+2 2384 1192 0 0 0 0 0 0 0 1192 2
jcnd=1192/1192 * 
* 
* 2384 1192 0 1192 0 0 1 0 0 1192 2
jcnd=1192/1192 +7 
* 
+7 2384 1192 1192
-39 2384 1192 1192
+39 1192 0 0 1192 0 0 1
jump=1192 +4 
* 
+4 3576 1192 0 1192 0 0 1 0 0 1192
jump=1192 -16 
* 
+2 7155 4770 0 1 0 0 1
-18 1192 0 0 1192
jump=1192 -22 
* 

fn=(2296)
468 50232 0 43056 1192 0 0 1
fi=(283)
631 7176 0 7176
fi=(452)
3140 21528 7176 14352 1192 0 0 1
fe=(429)
471 7176 0 7176
fi=(325)
731 7176 0 7176
fi=(283)
627 7176 7176
fi=(358)
417 7176 0 7176
fi=(513)
971 21528 0 14352
0 21528 21528
fi=(279)
78 28704 0 7176 1192 0 0 1
cfn=(2274)
calls=7176 -10 
* 1310796 236808 322920 0 0 0 0 0 0 86112 2828
-78 21528 21528
fi=(264)
574 14352 0 7176
cob=(2)
cfi=(214)
cfn=(708)
calls=7176 255 
* 110398 17944 10768 1 0 572 0 0 3 35459 4445
* 7176 7176 0 0 0 0 0 0 0 0 0 7176
* 14352 14352
fe=(429)
-97 21528 0 14352
0 14352 14352 0 1192 0 0 1
fi=(283)
632 14352 7176 7176
fi=(452)
2230 14352 0 7176
cfi=(279)
cfn=(2302)
calls=7176 68 
* 57408 7176 21528 754 0 0 2 0 0 7176 8
0 14352 14352
2236 7176 0 7176
fe=(429)
479 14352 7176

fn=(1948)
131 16 2 10 4 0 0 2
+1 2 0 2
fi=(283)
+47 6 0 2
cfn=(1950)
calls=2 444 
* 710 153 123 22 0 14 12 0 14 110 26 8 5
* 6 0 4
fe=(429)
0 8 8 0 2 0 0 1
fi=(452)
977 6 0 6
fe=(429)
132 18 8 10
+1 4 2

fl=(287)
fn=(1110) <std::path::Path>::_join
3081 24 0 14 1 0 1 1
fi=(253)
472 4 0 0 0 0 0 0 0 0 2
0 4 2 2 0 0 0 0 0 0 0 0 2 1
cfi=(162)
cfn=(812)
calls=2 0 
0 2 2
fi=(242)
131 6 2 2 1 0 0 1 0 0 0 0 2 1
cfi=(162)
cfn=(814)
calls=2 0 
* 110 26 14 0 0 1 0 0 0 16 3 2
fi=(253)
481 4 0 0 0 0 0 0 0 0 2
fi=(257)
0 2
fi=(233)
574 8 2 2 0 0 0 0 0 0 0 0 2 2
cob=(2)
cfi=(214)
cfn=(708)
calls=2 255 
* 22 6 4 0 0 0 0 0 0 4 1
fe=(287)
2000 6 0 6
fi=(289)
5 4 2
fi=(302)
139 2
fe=(287)
329 2 0 0 0 0 0 0 0 0 2 2
0 2 2 0 1 0 0 1
fi=(289)
5 2 2 0 0 1 0 0 1
fe=(287)
1362 2 0 0 0 0 0 0 0 0 2 2
jcnd=2/2 +53 
* 
+53 4 0 0 1 0 0 1 0 0 2
0 2
fi=(253)
691 10 0 2
cfn=(1118)
calls=2 -16 
* 926 192 122 19 1 7 7 0 1 130 25 6 2
fi=(254)
3140 2 2
fi=(253)
632 2 2
-5 2 2
fi=(233)
-53 2 0 2
fi=(254)
3024 6 0 2
jfi=(173)
jump=2 2719 
* 
fi=(173)
2719 2 0 0 1 0 0 1
fi=(253)
787 2
687 2 0 0 0 0 0 0 0 0 2
fi=(302)
139 4 0 0 0 0 0 0 0 0 2
fi=(239)
971 2
fi=(233)
574 8 4 2 0 0 0 0 0 0 0 0 2 2
cob=(2)
cfi=(214)
cfn=(708)
calls=2 255 
* 28 6 4 0 0 0 0 0 0 7 4
fi=(254)
3024 4 0 2
fe=(287)
+60 6 2 4
+1 18 14 0 1 0 0 1

fn=(1472)
3750 1 0 0 1 0 0 1
fi=(540) /rustc/4aa1fbcf467cf38ce58abfa8eb9213a789c5381c/library/std/src/ffi/os_str.rs
1709 2 2
fi=(541) /rustc/4aa1fbcf467cf38ce58abfa8eb9213a789c5381c/library/std/src/sys/os_str/bytes.rs
67 2 1 0 0 0 0 0 0 0 0 0 1 1
cfi=(343) /rustc/4aa1fbcf467cf38ce58abfa8eb9213a789c5381c/library/core/src/bstr/mod.rs
cfn=(1474) <core::bstr::ByteStr as core::fmt::Display>::fmt
calls=1 177 
* 362 76 43 8 1 0 8 0 0 64 19 6 3
fe=(287)

fn=(1030)
728 24 0 18 1 0 0 1
618 6 6
fi=(263)
2279 9 3 0 0 0 0 0 0 0 3 2
jfi=(287)
jcnd=3/3 618 
* 
fe=(287)
618 3 3 0 1 0 0 1
400 6 6
618 36 9 27 1 0 0 1
400 3
730 3 0 0 0 0 0 0 0 0 3 2
jcnd=3/3 400 
* 
400 3 0 0 1 0 0 1
733 3 0 0 0 0 0 0 0 0 3
0 24 0 0 0 0 0 0 0 0 6
818 6 0 0 0 0 0 0 0 0 3
0 9 0 0 1 0 0 1
819 9 0 3 0 0 1
cfn=(1018) <std::path::Components>::parse_next_component_back
calls=3 -26 
* 177 27 15 0 0 0 0 0 0 39 9
fi=(263)
634 3 3
fe=(287)
820 3 0 0 0 0 0 0 0 0 3 2
jcnd=3/3 -83 
* 
-83 30 21 0 1 0 0 1

fn=(1512) <std::path::Path>::to_path_buf
2528 8 0 5 1 0 0 1
fi=(253)
472 2 0 0 0 0 0 0 0 0 1
0 2 1 1 0 0 0 0 0 0 0 0 1 1
cfi=(162)
cfn=(812)
calls=1 0 
0 1 1
fi=(242)
131 3 1 1 1 0 0 1 0 0 0 0 1 1
cfi=(162)
cfn=(814)
calls=1 0 
* 55 13 7 0 0 0 0 0 0 8 0 1
fi=(253)
481 2 0 0 0 0 0 0 0 0 1
fi=(257)
0 1
fi=(233)
574 4 1 1 0 0 0 0 0 0 0 0 1 1
cob=(2)
cfi=(214)
cfn=(708)
calls=1 255 
* 11 3 2 0 0 0 0 0 0 2
* 1
jfi=(287)
jump=1 2000 
* 
fe=(287)
2000 3 0 3 0 0 1
2530 7 6 0 1 0 0 1

fn=(1016)
976 48 6 18 2 0 0 2
705 18 0 0 0 0 0 0 0 0 3
0 42 9 3 1 0 0 1 0 0 6 1
978 12 0 0 0 0 0 0 0 0 6 1
0 6
979 6 3 0 1 0 0 1 0 0 3
+1 9 0 3 0 0 1
cfn=(1018)
calls=3 793 
* 381 60 15 5 0 1 5 0 0 105 10
* 3 3
+1 3
-1 21 9 12
+1 3 3
fi=(173)
1122 3 0 0 1 0 0 1 0 0 3
fe=(287)
981 3 0 3
fi=(263)
634 6 3
fe=(287)
982 6 0 0 0 0 0 0 0 0 3
jump=3 +37 
* 
+37 27 21 0 1 0 0 1

fn=(1018)
793 12 0 6 1 0 0 1
400 12 12
fi=(236)
535 12
fe=(287)
697 12
fi=(236)
535 6
fe=(287)
698 6 0 0 0 0 0 0 0 0 6
+43 12 0 0 0 0 0 0 0 0 6
0 6
699 6
+97 6 6
fi=(290)
544 12 0 0 1 0 0 1 0 0 6
fe=(287)
796 6 6
fi=(290)
90 6
fi=(178)
1663 6
fi=(288)
25 6 0 0 0 0 0 0 0 0 6 2
jcnd=6/6 * 
* 
* 24
-25 6
fi=(289)
5 6 6
fi=(288)
402 6 0 0 0 0 0 0 0 0 6
fi=(289)
5 45 45
fi=(288)
402 45 0 0 0 0 0 0 0 0 45 3
jfi=(290)
jcnd=3/45 544 
* 
fi=(178)
1663 144 0 0 1 0 0 1
fi=(288)
25 48 0 0 0 0 0 0 0 0 48 9
jfi=(289)
jcnd=45/48 -20 
* 
-25 3
fe=(287)
769 6 0 0 0 0 0 0 0 0 3 1
jcnd=3/3 * 
* 
fi=(290)
544 6 0 0 0 0 0 0 0 0 3
fe=(287)
798 15
-29 30 0 0 0 0 0 0 0 0 15 4
0 6 0 0 1 0 0 1
801 30 0 24 1 0 1 1
+1 12 12

fl=(291)
fn=(1038)
1720 6 0 4 1 0 0 1
+1 1 0 1
fi=(270)
25 2 0 0 0 0 0 0 0 0 1
-25 2
fi=(233)
574 3 1 1 1 0 1 1 0 0 0 0 1 1
cob=(2)
cfi=(214)
cfn=(708)
calls=1 255 
* 11 3 2 0 0 1 0 0 0 2 2
1966 1 0 1
fi=(270)
47 5 1 1 0 0 0 0 0 0 0 0 1 1
cfi=(256)
cfn=(922)
calls=1 352 
* 53 7 4 0 0 0 0 0 0 11 5
* 2 1 0 0 0 0 0 0 0 1 1
jcnd=1/1 +1 
* 
+1 1 1
fe=(291)
1721 2 2 1 0 0 0 0 0 0 0 0 1 1
cob=(2)
cfi=(292) ./io/../sysdeps/unix/sysv/linux/mkdir.c
cfn=(1044) mkdir
calls=1 26 
* 10 2 1 1 0 0 1 0 0 1 1
fi=(176)
230 1 0 0 1 0 0 1
+10 1 0 0 0 0 0 0 0 0 1 1
jfi=(293)
jcnd=1/1 56 
* 
fi=(293)
56 1 1 1 0 0 0 0 0 0 0 0 1 1
cob=(2)
cfi=(247) ./csu/./csu/errno-loc.c
cfn=(826) __errno_location
calls=1 -31 
* 4 3
* 1 1
fi=(177)
4319 2 2 0 0 1
fi=(294)
40 3 0 0 0 0 0 0 0 0 1 1
jcnd=1/1 +1 
* 
fi=(295)
170 2
fe=(291)
1722 6 5
fi=(294)
41 3 1 1 1 0 0 1 0 0 0 0 1 1
cfi=(177)
cfn=(1052)
calls=1 4303 
* 3 2 1 1 0 0 1
* 2
jfi=(295)
jump=1 170 
* 
fe=(291)

fn=(1074)
142 18 0 12 1 0 1 1
fi=(177)
4319 2 2 0 0 1 0 0 1
fe=(291)
168 4 0 0 1 0 0 1 0 0 2 2
jfi=(233)
jcnd=2/2 736 
* 
fi=(233)
736 34 0 32 1 0 4 1 0 1
fi=(241)
12 4 2 0 1 0 0 1 0 0 2
-12 2
13 10 2 2 0 0 0 0 0 0 0 0 2 1
cob=(2)
cfi=(298) ./io/../sysdeps/unix/sysv/linux/statx.c
cfn=(1080) statx
calls=2 +14 
* 22 2 0 1 0 0 1 0 0 4 2
fi=(176)
230 2
+10 2 0 0 0 0 0 0 0 0 2
fe=(291)
-40 4 0 0 0 0 0 0 0 0 2 1
jfi=(315) /cargo/registry/25cdd57fae9f0462/libc-0.2.189/src/unix/linux_like/linux_l4re_shared.rs
jcnd=1/2 1569 
* 
fi=(177)
4303 1 0 1
fi=(315)
1569 1 1
fe=(291)
207 1 1
fi=(315)
1572 3 0 0 1 0 0 1
+1 3
+1 2
+1 3
-6 1 1
fe=(291)
213 1 1
fi=(315)
1572 3
+1 3 0 0 1 0 0 1
+1 2
fi=(233)
736 3 0 2
fi=(315)
1575 3
fe=(291)
226 1 1
+1 2 1 1 1 0 0 1
fi=(316)
13 3 0 3
fe=(291)
208 1 1
fi=(316)
13 1 0 1
fe=(291)
209 1 1
fi=(316)
13 1 0 1
fe=(291)
210 1 1
fi=(316)
13 1 0 1
fe=(291)
211 1 1
fi=(316)
13 3 0 3 1 0 0 1
fe=(291)
214 1 1
fi=(316)
13 1 0 1
fe=(291)
215 1 1
fi=(316)
13 1 0 1
fe=(291)
216 1 1
fi=(316)
13 1 0 1
fe=(291)
217 1 1
fi=(316)
13 1 0 1
fe=(291)
219 1 1
fi=(316)
13 1 0 1
fe=(291)
220 1 1 0 1 0 0 1
fi=(316)
13 1 0 1
fe=(291)
221 1 1
fi=(316)
13 1 0 1
fi=(315)
1569 1 1
fe=(291)
207 1 1
fi=(315)
1572 3
+1 3
+1 2
+1 3
-6 1 1
fe=(291)
213 1 1
fi=(315)
1572 3
+1 3
+1 2
fi=(233)
736 3 0 2
fi=(315)
1575 3
fe=(291)
226 1 1
+1 2 1 1
fi=(316)
13 3 0 3
fe=(291)
208 1 1
fi=(316)
13 1 0 1
fe=(291)
209 1 1
fi=(316)
13 1 0 1
fe=(291)
210 1 1
fi=(316)
13 1 0 1
fe=(291)
211 1 1
fi=(316)
13 3 0 3
fe=(291)
214 1 1
fi=(316)
13 1 0 1
fe=(291)
215 1 1
fi=(316)
13 1 0 1
fe=(291)
216 1 1
fi=(316)
13 1 0 1
fe=(291)
217 1 1
fi=(316)
13 1 0 1
fe=(291)
219 1 1
fi=(316)
13 1 0 1
fe=(291)
220 1 1
fi=(316)
13 1 0 1
fe=(291)
221 1 1
fi=(316)
13 1 0 1
fe=(291)
222 2 2
fi=(316)
13 1 0 1
fe=(291)
223 1 1
fi=(316)
13 2 0 1
jfi=(291)
jump=1 238 
* 
* 1 0 1
fe=(291)
223 1 1
fi=(316)
13 2 0 1
jfi=(291)
jump=1 238 
* 
fe=(291)
238 16 14 0 1 0 0 1

fn=(1156)
1234 20 0 14 2 0 0 2
-77 12 6 0 0 0 0 0 0 0 4 2
jcnd=2/2 * 
* 
* 4 0 0 1 0 0 1 0 0 2 1
jcnd=1/2 +28 
* 
0 2
jump=1 1193 
0 
1193 7 2 0 0 0 0 0 0 0 1
+9 6 2 2 1 0 0 1 0 0 2 1
jcnd=1/2 * 
* 
* 6 0 0 0 0 0 0 0 0 1
jump=1 +36 
* 
* 2 0 0 0 0 0 0 0 0 1 1
jcnd=1/1 * 
* 
* 2
+36 2 1 0 1 0 0 1
-3 6 2
0 2 1
1243 4 1 1 1 0 0 1 0 0 0 0 1 1
cob=(2)
cfi=(303) ./io/../sysdeps/unix/sysv/linux/open64.c
cfn=(1158) open
calls=1 30 
* 41 9 6 5 0 1 5 0 0 5 1
-5 2 1
-3 6 2
0 2 1
1243 4 1 1 0 0 0 0 0 0 0 0 1
cob=(2)
cfi=(303)
cfn=(1158)
calls=1 30 
* 38 9 8 0 0 0 0 0 0 4 2
fi=(176)
230 2
+10 2 0 0 0 0 0 0 0 0 2 1
fi=(293)
56 1 1 1 0 0 0 0 0 0 0 0 1 1
cob=(2)
cfi=(247)
cfn=(826)
calls=1 -31 
* 4 3
* 1 1
fi=(177)
4319 2 2
fi=(294)
40 2 0 0 0 0 0 0 0 0 1
+19 1 0 1 0 0 0 0 0 0 0 0 1 1
cfi=(177)
cfn=(1058)
calls=1 4319 
* 3 3
+1 2 1 1 0 0 0 0 0 0 0 0 1 1
cfi=(293)
cfn=(1166) std::sys::io::error::unix::is_interrupted
calls=1 +75 
* 3 1
fi=(176)
251 3 0 0 0 0 0 0 0 0 1
fi=(294)
0 1 1
fe=(291)
1244 3 0 1
0 3 1
fi=(245)
2190 3 0 1
fe=(291)
1185 4 2 0 1 0 0 1 0 0 2
0 1
1185 4 1 0 0 0 0 0 0 0 1 1
jcnd=1/1 +17 
* 
fi=(245)
0 2 0 1 1 0 0 1
fe=(291)
1245 8 7 0 1 0 0 1
fi=(245)
0 1 0 1
fe=(291)
1245 8 7

fl=(318) /home/hatch/.rustup/toolchains/nightly-x86_64-unknown-linux-gnu/lib/rustlib/src/rust/library/core/src/array/mod.rs
fn=(1334) <[u8; 16] as core::ops::index::IndexMut<core::ops::range::RangeTo<usize>>>::index_mut
401 11 1 6 1 0 0 1
fi=(319)
32 1 0 1
cfn=(1336) <core::ops::range::RangeTo<usize> as core::slice::index::SliceIndex<[u8]>>::index_mut
calls=1 508 
* 48 10 21 4 0 0 4 0 0 2 1
fe=(318)
403 2 1

fn=(1308) <[u8; 16] as core::ops::index::IndexMut<core::ops::range::RangeFrom<usize>>>::index_mut
401 22 2 12 1 0 0 1
fi=(319)
32 2 0 2
cfn=(1310) <core::ops::range::RangeFrom<usize> as core::slice::index::SliceIndex<[u8]>>::index_mut
calls=2 556 
* 44 8 22 2 0 0 2 0 0 2
fe=(318)
403 4 2

fl=(357)
fn=(3074)
547 3970 794 1985 398
429 397 0 397
+1 794 0 397
cfn=(1588) <alloc::alloc::Global>::alloc_impl_runtime
calls=397 303 
* 51940 13558 15112 3595 0 5 0 0 5 5219 801 1191
549 794 397

fn=(2116)
559 3184 0 2786 398
318 796 0 0 0 0 0 0 0 0 398 4
562 796 398
0 1194 1194 0 398 0 0 1
178 398 398 398 0 0 0 0 0 0 0 0 398 1
cfi=(162)
cfn=(900)
calls=398 0 
* 37824 11145 5571 1 793 1 0 1 0 4786 389 398
318 398
jump=398 562 
* 

fn=(1588)
303 3663 0 2442 400 0 2 1
fi=(358)
1350 407 0 407
+43 407 0 407
fi=(513)
1687 407 0 407 400 0 0 1
fi=(524)
176 407 0 407
fe=(357)
304 814 0 0 0 0 0 0 0 0 407 404
fi=(279)
0 407 407 0 400 0 0 1
fe=(357)
308 1221 0 0 0 0 0 0 0 0 407
jump=407 129 
* 
+5 407
jump=407 * 
* 
129 407 407 407 0 0 0 0 0 0 0 0 407 1
cfi=(162)
cfn=(812)
calls=407 0 
* 407 407
* 814 814 0 400 0 0 1
+2 407 407 407 0 0 0 0 0 0 0 0 407 1
cfi=(162)
cfn=(814)
calls=407 0 
* 23816 5564 2959 30 1 11 0 0 11 3513 423 407 1
* 407 0 407
308 407
jfi=(280)
jump=407 160 
* 
fi=(280)
160 407 407
38 407
fi=(358)
280 407 0 0 0 0 0 0 0 0 407
fi=(279)
77 407
jfi=(358)
jump=407 245 
* 
fi=(358)
245 407 407 0 400 0 0 1
fi=(279)
78 814 0 407
cfn=(1596)
calls=407 -10 
* 2849 407 814 400 0 0 1 0 0 407
-78 407 407
fi=(358)
247 407 407
+35 407 0 407 400 0 0 1
fi=(265)
1337 1221 407 814
fi=(300)
2177 1221 407 814
fe=(357)
309 1221 407 814
fi=(358)
417 407 0 407 400 0 0 1
fi=(531)
133 814 0 814
0 407 407
fi=(279)
78 814 0 407
cfn=(1596)
calls=407 -10 
* 2849 407 814 0 0 0 0 0 0 407
-78 814 814
fe=(357)
310 814 0 814
+1 407
jump=407 +2 
* 
+2 1628 1221 0 399 0 0 1

fn=(1640)
56 160394 80197 80197 795 0 0 1

fl=(442) /rustc/4aa1fbcf467cf38ce58abfa8eb9213a789c5381c/library/std/src/sys/thread_local/guard/key.rs
fn=(2166) std::sys::thread_local::guard::key::enable::run
20 10 2 6 2 0 0 1
fi=(337)
2069 4 2 0 0 0 0 0 0 0 2 2
0 4
fi=(174)
976 2 0 2
fi=(254)
2906 6 2 0 0 1 0 0 0 0 2 2
jfi=(253)
jcnd=2/2 647 
* 
fi=(253)
647 4 2 0 2 0 0 1 0 0 2 2
fi=(337)
0 2 0 0 2 0 0 1
fi=(542) /rustc/4aa1fbcf467cf38ce58abfa8eb9213a789c5381c/library/std/src/sys/thread_local/destructors/list.rs
41 6 0 6
fi=(174)
976 2 0 2
fi=(172) /rustc/4aa1fbcf467cf38ce58abfa8eb9213a789c5381c/library/std/src/thread/current.rs
325 4 2
fi=(337)
558 2 2
fi=(172)
326 4 0 0 2 0 0 1 0 0 2
fi=(174)
976 2 0 2
fi=(275)
-20 2
fi=(172)
329 2 0 2
fi=(177)
4374 2 2 2 0 1 0 0 0 0 2 1
fi=(375)
2989 2 0 0 0 0 0 0 0 0 2 1
0 2
3033 2 2 2 0 0 0 0 0 0 0 0 2 1
cfn=(2176)
calls=2 2243 
* 234 67 35 4 0 0 2 0 0 42 5 2 1
fe=(442)
30 8 6

fl=(506) /home/hatch/.rustup/toolchains/nightly-x86_64-unknown-linux-gnu/lib/rustlib/src/rust/library/alloc/src/vec/set_len_on_drop.rs
fn=(3402) <alloc::vec::set_len_on_drop::SetLenOnDrop as core::ops::drop::Drop>::drop
30 792 0 792 396 0 0 1
+1 2376 1584 792
+1 792 792

fl=(505) /home/hatch/.rustup/toolchains/nightly-x86_64-unknown-linux-gnu/lib/rustlib/src/rust/library/alloc/src/str.rs
fn=(3346) <alloc::string::String as core::borrow::Borrow<str>>::borrow
233 397 0 397 397
fi=(283)
627 397 397 0 0 1
fi=(452)
1877 397 397
fe=(505)
235 397 397

fl=(334)
fn=(1414)
146 9 0 6 1 0 0 1
fi=(177)
4320 6 1 2 1 0 0 1 0 0 1
0 3 2
jfi=(334)
jump=1 149 
0 
fe=(334)
149 2
+1 2
+1 3 0 0 0 0 0 0 0 0 1
+8 1
fi=(177)
4477 2 0 1
fe=(334)
160 1 0 0 1 0 0 1 0 0 1 1
jcnd=1/1 +19 
* 
+19 2 0 0 1 0 0 1
-2 5 2 2
+6 1 1 1 0 1 0 0 0 0 0 0 1 1
cfi=(335)
cfn=(1418) <std::sync::once::Once>::call_once_force::<<std::sync::once_lock::OnceLock<std::sync::reentrant_lock::ReentrantLock<core::cell::RefCell<alloc::io::buffered::linewriter::LineWriter<std::io::stdio::StdoutRaw>>>>>::initialize<<std::sync::once_lock::OnceLock<std::sync::reentrant_lock::ReentrantLock<core::cell::RefCell<alloc::io::buffered::linewriter::LineWriter<std::io::stdio::StdoutRaw>>>>>::get_or_init<std::io::stdio::stdout::{closure#0}>::{closure#0}, !>::{closure#0}>::{closure#0}
calls=1 +44 
* 82 21 19 2 0 1 2 0 0 10 0 3 2
fi=(337)
558 1 1
fi=(177)
4338 1 1 1 0 0 0 0 0 0 1
fe=(334)
62 2 0 0 0 0 0 0 0 0 1 1
jcnd=1/1 210 
* 
210 8 7 0 1 0 0 1

fl=(240) /rustc/4aa1fbcf467cf38ce58abfa8eb9213a789c5381c/library/std/src/sys/pal/unix/stack_overflow/thread_info.rs
fn=(800) std::sys::pal::unix::stack_overflow::thread_info::set_current_info
112 30 0 18 5 0 0 2
fi=(241)
12 6 3 0 0 0 0 0 0 0 3
+1 3 3 3 0 0 0 0 0 0 0 0 3 3
cob=(2)
cfi=(238) ./misc/../sysdeps/unix/syscall-template.S
cfn=(804) gettid
calls=3 +78 
* 12 3 0 3 0 0 1
* 3
-1 3
jfi=(172)
jump=3 194 
* 
fi=(172)
194 6 3
fi=(337)
558 3 3 0 3 0 0 1
fi=(172)
195 12 0 6 0 0 0 0 0 0 3
jfi=(177)
jcnd=1/3 4319 
* 
fi=(371) /rustc/4aa1fbcf467cf38ce58abfa8eb9213a789c5381c/library/std/src/thread/thread.rs
+52 6 2 0 0 0 0 0 0 0 2 2
jfi=(177)
jcnd=2/2 4319 
* 
fi=(177)
4319 5 2 0 1 0 0 1
fi=(172)
221 4 1 0 0 0 0 0 0 0 2
fi=(242)
+87 1 1 1 0 1 0 0 0 0 0 0 1 1
cfi=(162)
cfn=(812)
calls=1 0 
* 1 1 0 1 0 0 1
131 3 1 1 0 0 0 0 0 0 0 0 1 1
cfi=(162)
cfn=(814)
calls=1 0 
* 194 39 18 2 0 0 2 0 0 32 9 1 1
fi=(245)
2176 2 0 0 1 0 0 1 0 0 1
fi=(246) /rustc/4aa1fbcf467cf38ce58abfa8eb9213a789c5381c/library/alloc/src/boxed.rs
0 1
fi=(233)
574 1 0 1
fi=(263)
1165 1
fi=(177)
4319 2 2 0 2
fi=(263)
2444 4 0 0 0 0 0 0 0 0 2
fi=(236)
2185 2 2
fi=(371)
249 2 0 0 0 0 0 0 0 0 2 2
fi=(233)
0 4 0 2 2
fe=(240)
116 2 2 2 0 0 0 0 0 0 0 0 2
cob=(2)
cfi=(247)
cfn=(826)
calls=2 -91 
* 8 6 0 2
fi=(233)
0 1 0 1 1 0 0 1
fe=(240)
116 1 1 1 0 0 0 0 0 0 0 0 1 1
cob=(2)
cfi=(247)
cfn=(826)
calls=1 -91 
* 4 3 0 1 0 0 1
* 3
fi=(177)
4408 9 0 3
fi=(543) /rustc/4aa1fbcf467cf38ce58abfa8eb9213a789c5381c/library/std/src/sys/sync/mutex/futex.rs
32 3 0 0 0 0 0 0 0 0 3
fi=(177)
4319 6 6 0 3 1 0 1
fi=(248) /rustc/4aa1fbcf467cf38ce58abfa8eb9213a789c5381c/library/std/src/panicking.rs
462 9 0 0 0 0 0 0 0 0 3
0 3
fi=(177)
4319 6 3
773 12 0 3
fi=(544) /rustc/4aa1fbcf467cf38ce58abfa8eb9213a789c5381c/library/std/src/sync/poison.rs
0 12 0 12 3 0 0 1
fi=(177)
4408 6 0 3
fe=(240)
96 3 0 0 0 0 0 0 0 0 3 3
-96 6 0 3
fi=(545) /rustc/4aa1fbcf467cf38ce58abfa8eb9213a789c5381c/library/alloc/src/collections/btree/map.rs
1508 9 3 0 3 0 0 1 0 0 3 1
jfi=(242)
jcnd=1/3 308 
* 
fi=(419)
659 2 2
404 6 2
fi=(288)
180 2 0 0 0 0 0 0 0 0 2 2
jfi=(420) /rustc/4aa1fbcf467cf38ce58abfa8eb9213a789c5381c/library/alloc/src/collections/btree/search.rs
jcnd=2/2 +55 
* 
fi=(419)
751 4 0 0 0 0 0 0 0 0 2 2
fi=(420)
235 8 0 0 2 0 0 1
0 2
fi=(236)
2348 6 2
fi=(420)
235 4 0 0 2 0 0 1 0 0 2
fi=(421) /rustc/4aa1fbcf467cf38ce58abfa8eb9213a789c5381c/library/core/src/iter/adapters/enumerate.rs
82 2
fi=(178)
1663 4
fi=(288)
180 2 0 0 0 0 0 0 0 0 2
0 2
180 2
jfi=(419)
jump=2 751 
* 
fi=(242)
308 1 1 1 1 0 0 1 0 0 0 0 1 1
cfi=(162)
cfn=(812)
calls=1 0 
* 1 1
131 3 1 1 0 0 0 0 0 0 0 0 1 1
cfi=(162)
cfn=(814)
calls=1 0 
* 191 37 18 0 0 1 0 0 1 30 8 1
fi=(246)
514 2 0 0 0 0 0 0 0 0 1
fi=(233)
1966 1 0 1
fi=(263)
1724 2 0 2
fi=(419)
689 1 0 1 1 0 0 1
fi=(336)
575 10 4 6 0 0 1 0 0 1
fi=(422) /rustc/4aa1fbcf467cf38ce58abfa8eb9213a789c5381c/library/alloc/src/collections/btree/map/entry.rs
471 1 0 1
0 2 1 0 1 0 0 1
fi=(177)
4304 1 0 1
773 2 1
fi=(233)
+75 2 0 0 0 0 0 0 0 0 1
fi=(422)
0 4 2 0 4
fi=(177)
4304 2 0 2
773 4 2
fi=(233)
+75 25 6 3 0 0 0 0 0 0 11
fe=(240)
123 24 21 0 1 0 0 1
0 2 0 0 2
fi=(419)
989 4 0 0 0 0 0 0 0 0 2 2
jcnd=2/2 1894 
* 
1894 4 0 0 0 0 0 0 0 0 2 2
jfi=(336)
jcnd=2/2 575 
* 
fi=(336)
575 2 0 2 2 0 1 1 0 1
fi=(419)
961 2
fi=(239)
+10 4 2
fi=(336)
575 16 6 10 0 0 1 0 0 1
fi=(419)
967 4 0 2 1 0 0 1
jfi=(422)
jump=2 471 
* 
fi=(422)
471 6 2 2 2 0 0 1
fe=(240)

fl=(165) /rustc/4aa1fbcf467cf38ce58abfa8eb9213a789c5381c/library/std/src/sys/args/unix.rs
fn=(546) std::sys::args::unix::imp::ARGV_INIT_ARRAY::init_wrapper
132 1 0 0 1 0 0 1
fi=(177)
4303 2 0 2 0 0 1 0 0 1
fe=(165)
133 1 1

fl=(297)
fn=(1068)
113 7 0 4 1 0 0 1
fi=(270)
-88 2 0 0 0 0 0 0 0 0 1
-25 1
fi=(233)
574 3 1 1 0 0 1 0 0 0 0 0 1 1
cob=(2)
cfi=(214)
cfn=(708)
calls=1 255 
* 11 3 2 0 0 0 0 0 0 2 2
1966 1 0 1
fi=(270)
47 5 1 1 1 0 0 1 0 0 0 0 1 1
cfi=(256)
cfn=(922)
calls=1 352 
* 53 7 4 0 0 0 0 0 0 11 3
* 2 1 0 0 0 0 0 0 0 1 1
jcnd=1/1 +1 
* 
+1 2 1
fi=(291)
2048 4 0 1 1 0 0 1
cfn=(1074)
calls=1 142 
* 125 30 45 11 1 5 11 1 1 6 2 1 1
* 2 1 0 0 0 0 0 0 0 1
0 1
fi=(316)
13 3 1 1 0 0 0 0 0 0 0 0 1 1
cob=(2)
cfi=(214)
cfn=(708)
calls=1 255 
* 30 10 8 1 0 1 1 0 0 5 1
fi=(299)
-13 1
jfi=(297)
jump=1 115 
0 
fe=(297)
115 7 5 0 1 0 0 1

fl=(332)
fn=(2038) std::io::stdio::_eprint
1285 10 0 5 2 0 0 2
1162 1 0 1
cfn=(1402) std::io::stdio::print_to_buffer_if_capture_used
calls=1 +10 
* 20 8 6 4 0 0 0 0 0 1 1
* 2 0 0 0 0 0 0 0 0 1
+5 3 1 1
1043 5 1 2 0 0 0 0 0 0 0 0 1 1
cfn=(2040) <&std::io::stdio::Stderr as core::io::write::Write>::write_fmt
calls=1 +25 
* 537 133 103 24 4 0 18 3 0 67 18 10 7
1167 2 0 0 0 0 0 0 0 0 1
1287 5 4

fn=(1430) <&std::io::stdio::Stdout as core::io::write::Write>::write_fmt
836 18 0 10 1 0 0 1
+1 2 2
-65 2 2
fi=(172)
34 4 2 0 1 0 0 1
fi=(337)
558 2 2
fi=(263)
1065 4 0 0 0 0 0 0 0 0 2
fi=(177)
4319 2 2
fi=(530)
102 2
287 2 0 0 0 0 0 0 0 0 2 2
jfi=(177)
jcnd=2/2 4408 
* 
fi=(177)
4408 6 0 2 1 0 0 1
fi=(543)
32 2 0 0 0 0 0 0 0 0 2
fi=(177)
4303 2 0 2
fi=(530)
293 2 0 2 1 0 0 1
fe=(332)
837 4 0 2
fi=(339)
401 4 0 4
+1 10 2 2 0 1 0 0 0 0 0 0 2 1
cfi=(338)
cfn=(1434)
calls=2 1631 
* 2539 557 364 49 7 0 49 3 0 400 116 56 19
0 4 2
402 4 0 0 0 0 0 0 0 0 2 2
0 2 0 0 1 0 0 1
fi=(233)
848 2 0 0 0 0 0 0 0 0 2 2
0 2
fe=(332)
837 2 2
fi=(530)
422 2 0 2
+1 2 0 0 1 0 0 1 0 0 2
fi=(177)
4303 2 0 2
+35 4 2 2 0 0 0 0 0 0 2
fi=(543)
90 4 0 0 0 0 0 0 0 0 2 1
fe=(332)
838 14 12

fn=(2040)
1068 9 0 5 2 0 0 2
+1 1 1
-65 1 1
fi=(172)
34 2 1
fi=(337)
558 1 1
fi=(263)
1065 2 0 0 0 0 0 0 0 0 1
fi=(177)
4319 1 1
fi=(530)
102 1
287 1 0 0 0 0 0 0 0 0 1 1
jfi=(177)
jcnd=1/1 4408 
* 
fi=(177)
4408 3 0 1 2 0 0 2
fi=(543)
32 1 0 0 0 0 0 0 0 0 1
fi=(177)
4303 1 0 1
fi=(530)
293 1 0 1
fe=(332)
1069 2 0 1
fi=(339)
401 2 0 2
+1 5 1 1 0 0 0 0 0 0 0 0 1 1
cfi=(338)
cfn=(1434)
calls=1 1631 
* 481 118 88 18 4 0 12 3 0 59 15 9 6
0 2 1 0 1 0 0 1
402 2 0 0 0 0 0 0 0 0 1 1
0 1
fi=(233)
848 1 0 0 0 0 0 0 0 0 1 1
0 1 0 0 1 0 0 1
fe=(332)
1069 1 1
fi=(530)
422 1 0 1
+1 1 0 0 0 0 0 0 0 0 1
fi=(177)
4303 1 0 1
+35 2 1 1 0 0 0 0 0 0 1
fi=(543)
90 2 0 0 0 0 0 0 0 0 1
fe=(332)
1070 7 6

fn=(1402)
1172 24 0 18 4 0 0 2
fi=(177)
4319 3 3
773 3
fe=(332)
1173 3 0 0 0 0 0 0 0 0 3 3
fi=(263)
0 3 0 0 2 0 0 1
fe=(332)
1183 24 21 0 2 0 0 1

fn=(1440)
862 80 0 70 1 0 0 1
fi=(530)
398 10 10
fi=(337)
2069 20 10 0 0 0 0 0 0 0 10 1
0 20
fi=(174)
976 10 0 10
fi=(271)
115 20 10 10 1 1 0 1 0 0 0 0 10 1
cfn=(1444)
calls=10 +8 
* 805 108 50 5 1 0 5 1 0 165 46
fe=(332)
863 10
fi=(271)
116 20 0 0 0 0 0 0 0 0 10 5
jfi=(254)
jcnd=8/10 1877 
* 
0 2 0 2
fi=(345) /rustc/4aa1fbcf467cf38ce58abfa8eb9213a789c5381c/library/alloc/src/io/buffered/linewritershim.rs
306 2
fi=(254)
1877 2 2
fi=(345)
308 4 0 0 0 0 0 0 0 0 2 1
jfi=(332)
jcnd=1/2 159 
* 
fi=(253)
632 2 1
fi=(341)
483 1
+92 2 0 0 0 0 0 0 0 0 1
0 1 1
fi=(239)
971 1
fi=(233)
574 3 1 1 0 0 0 0 0 0 0 0 1 1
cob=(2)
cfi=(214)
cfn=(708)
calls=1 255 
* 16 2 1 0 0 0 0 0 0 6 4
fi=(341)
-97 1
fi=(254)
2236 2 1 1
fi=(345)
318 2 0 1
cfi=(341)
cfn=(1490) <alloc::io::buffered::bufwriter::BufWriter<std::io::stdio::StdoutRaw>>::flush_buf
calls=1 208 
* 101 32 19 7 0 0 7 0 0 15 3 4 4
fi=(245)
2176 3 0 0 0 0 0 0 0 0 1
fi=(254)
1877 8 8 0 1 0 0 1
fi=(302)
284 16 0 0 0 0 0 0 0 0 8 1
fi=(253)
627 7 7
fi=(345)
48 14 7 0 0 0 0 0 0 0 7 3
jfi=(253)
jcnd=7/7 632 
* 
fe=(332)
159 3 0 1 1 0 0 1
cfi=(339)
cfn=(1568)
calls=1 +55 
* 47 10 7 4 0 0 4 0 0 7 1 1 1
* 1 1
+45 2 0 0 0 0 0 0 0 0 1 1
fi=(345)
0 6
fi=(253)
632 2 2
fi=(254)
3140 2 2
fi=(341)
483 2
+92 4 0 0 0 0 0 0 0 0 2 2
0 1 0 0 1 0 0 1
fi=(253)
632 1 1
fi=(341)
483 1
+92 2 0 0 0 0 0 0 0 0 1
fi=(253)
+57 7 7
fi=(341)
483 7
+92 14 0 0 0 0 0 0 0 0 7
0 10 10
fi=(239)
971 10
fi=(233)
574 30 10 10 1 0 0 1 0 0 0 0 10 1
cob=(2)
cfi=(214)
cfn=(708)
calls=10 255 
* 129 23 13 0 0 0 0 0 0 38 14
fi=(341)
-97 10
fi=(254)
2236 20 0 10
fi=(174)
976 10 0 10
fe=(332)
864 80 70

fn=(1400) std::io::stdio::_print
1274 20 0 10 1 0 0 1
1162 2 0 2
cfn=(1402)
calls=2 +10 
* 40 16 12 4 0 0 4 0 0 2 2
* 4 0 0 0 0 0 0 0 0 2
fi=(177)
4320 2 2 0 1 1 0 1
fi=(334)
87 2
fi=(333)
+98 2 0 0 0 0 0 0 0 0 2 1
jcnd=1/2 439 
* 
fe=(332)
1167 6 0 2
811 10 2 4 0 0 0 0 0 0 0 0 2 1
cfn=(1430)
calls=2 +25 
* 2651 587 394 55 8 0 55 3 0 416 123 58 20
1167 4 0 0 0 0 0 0 0 0 2
1276 10 8
fi=(333)
439 1 0 1
cfi=(177)
cfn=(1410)
calls=1 4320 
* 153 41 38 9 1 1 9 0 0 16 3 5 4
* 1
jfi=(332)
jump=1 1167 
* 
fe=(332)

fl=(378)
fn=(1690)
15 30 0 21 3 0 2 1 0 2
+25 6 3 0 0 0 0 0 0 0 3
+2 33 21 0 0 0 0 0 0 0 0 0 3 1
cob=(2)
cfi=(379) ./stdlib/./stdlib/cxa_thread_atexit_impl.c
cfn=(1692) __cxa_thread_atexit_impl
calls=3 +60 
* 1267 284 170 45 0 9 20 0 9 222 52 6 1

fl=(461) /rustc/4aa1fbcf467cf38ce58abfa8eb9213a789c5381c/library/std/src/sys/time/unix.rs
fn=(2330) <std::time::SystemTime>::now
24 2 0 0 1 0 0 1
cfi=(462) /rustc/4aa1fbcf467cf38ce58abfa8eb9213a789c5381c/library/std/src/sys/pal/unix/time.rs
cfn=(2332) <std::sys::pal::unix::time::Timespec>::now
calls=1 +51 
* 27 9 3 3 1 0 3 0 0 4 1 1 1

fl=(353)
fn=(3140) <std::sync::poison::mutex::MutexGuard<rustgres::wal::Wal> as core::ops::deref::DerefMut>::deref_mut
735 398 0 398
+1 398 398
fi=(354)
2437 398
fe=(353)
737 398 398

fn=(1602) <std::sync::poison::mutex::Mutex<rustgres::wal::Wal>>::new
350 3 0 2 1 0 0 1
fi=(369)
2885 1 0 1
fi=(484) /home/hatch/.rustup/toolchains/nightly-x86_64-unknown-linux-gnu/lib/rustlib/src/rust/library/std/src/sys/sync/mutex/futex.rs
18 2 1 1
fi=(369)
558 1 0 1
fi=(485)
101 2 1 1
fi=(354)
2335 3 0 1
cob=(2)
cfi=(214)
cfn=(708)
calls=1 255 
* 12 3 2 0 0 0 0 0 0 2 1
* 1 1 0 0 0 0 0 0 0 0 0 1
0 1 1
fe=(353)
351 8 2 3
cob=(2)
cfi=(214)
cfn=(708)
calls=1 -96 
* 12 3 2 0 0 0 0 0 0 2
* 1 1 0 0 0 0 0 0 0 0 0 1
* 1 1
+1 2 1

fn=(2806)
720 5565 795 1590 795 0 0 1

fn=(3138)
720 2786 398 796 1

fn=(2920) <std::sync::poison::mutex::MutexGuard<rustgres::storage::Database> as core::ops::drop::Drop>::drop
743 3180 0 1590 397 0 0 1
fi=(369)
3298 1590 0 1590
4332 1590 0 1590 795 0 0 1
fe=(353)
745 3180 795 795 0 136
cfi=(485)
cfn=(2922)
calls=795 125 
* 31800 7950 10335 1500 1479 0 2 0 0 1590 796 795
* 795 795
+1 2385 795 1590
fi=(513)
32 795 0 795
fi=(369)
3298 795
4338 795 795 795 0 1 0 0 0 0 795
fi=(484)
90 1590 0 0 0 0 0 0 0 0 795 48
jcnd=795/795 * 
* 
* 795 0 0 795 0 0 1
fe=(353)
748 1590 795

fn=(3130) <std::sync::poison::mutex::Mutex<rustgres::wal::Wal>>::lock
490 2786 398 1592 398 0 230
fi=(369)
3437 398 0 398 398 0 0 1
+1 398 0 398
+1 398 0 398
+1 398 0 398
fe=(353)
492 398 0 398
fi=(369)
3442 1990 0 398
cfn=(2790) core::sync::atomic::atomic_compare_exchange::<u32>
calls=398 4388 
* 19900 4776 7562 416 266 239 0 0 0 796 6 398
fi=(300)
595 398
fi=(282)
434 796
fi=(300)
648 398
fi=(484)
32 1194 0 0 398 0 0 1 0 0 398
-32 398 398
fe=(353)
720 796 0 398
cfi=(485)
cfn=(2796)
calls=398 115 
* 29452 7960 9154 623 1064 0 0 0 0 796 0 796 1
* 2388 796 398
cfi=(485)
cfn=(3136)
calls=398 379 
* 15522 2786 5174 811 0 250 2 0 0 398 1
* 398 398
495 796 398

fn=(2810) <std::sync::poison::mutex::MutexGuard<rustgres::storage::Database> as core::ops::deref::Deref>::deref
728 794 0 794
+1 794 794
fi=(354)
2437 794
fe=(353)
730 794 794

fn=(2788) <std::sync::poison::mutex::Mutex<rustgres::storage::Database>>::lock
490 5565 795 3180 795 0 1 1 0 1
fi=(369)
3437 795 0 795
+1 795 0 795
+1 795 0 795
+1 795 0 795
fe=(353)
492 795 0 795
fi=(369)
3442 3975 0 795 795 0 0 1
cfn=(2790)
calls=795 4388 
* 39750 9540 15105 5565 529 1 6 1 1 1590 11 795 1
fi=(300)
595 795
fi=(282)
434 1590
fi=(300)
648 795
fi=(484)
32 2385 0 0 0 0 0 0 0 0 795
-32 795 795
fe=(353)
720 1590 0 795
cfi=(485)
cfn=(2796)
calls=795 115 
* 58830 15900 18285 7155 542 0 5 0 0 1590 0 1590 397
* 4770 1590 795 795 0 0 1
cfi=(485)
cfn=(2804)
calls=795 379 
* 31005 5565 10335 3975 0 0 5 0 0 795 4
* 795 795
495 1590 795

fn=(2816) <std::sync::poison::mutex::MutexGuard<rustgres::storage::Database> as core::ops::deref::DerefMut>::deref_mut
735 399 0 399 399 0 0 1
+1 399 399
fi=(354)
2437 399
fe=(353)
737 399 399

fn=(3198) <std::sync::poison::mutex::MutexGuard<rustgres::wal::Wal> as core::ops::drop::Drop>::drop
743 1592 0 796 398 0 0 1
fi=(369)
3298 796 0 796 398 0 0 1
4332 796 0 796
fe=(353)
745 1592 398 398
cfi=(485)
cfn=(2922)
calls=398 125 
* 15920 3980 5174 796 0 0 0 0 0 796 6 398
* 398 398
+1 1194 398 796
fi=(513)
32 398 0 398
fi=(369)
3298 398 0 0 398
4338 398 398 398 0 0 0 0 0 0 398
fi=(484)
90 796 0 0 0 0 0 0 0 0 398 6
jcnd=398/398 * 
* 
* 398
fe=(353)
748 796 398

fn=(1580) <std::sync::poison::mutex::Mutex<rustgres::storage::Database>>::new
350 3 0 2 1 0 0 1
fi=(369)
2885 1 0 1 1 0 0 1
fi=(484)
18 2 1 1
fi=(369)
558 1 0 1
fi=(485)
101 2 1 1
fi=(354)
2335 3 0 1
cob=(2)
cfi=(214)
cfn=(708)
calls=1 255 
* 12 3 2 0 0 0 0 0 0 2
* 1 1 0 0 0 0 0 0 0 0 0 1
0 1 1
fe=(353)
351 8 2 3 1 0 0 1
cob=(2)
cfi=(214)
cfn=(708)
calls=1 -96 
* 12 3 2 0 0 0 0 0 0 2
* 1 1 0 0 0 0 0 0 0 0 0 1
* 1 1
+1 2 1

fl=(264)
fn=(1240) core::ptr::drop_glue::<core::io::error::repr::Repr>
848 9 0 9 1 0 0 1
cfi=(305) /home/hatch/.rustup/toolchains/nightly-x86_64-unknown-linux-gnu/lib/rustlib/src/rust/library/core/src/io/error/repr_bitpacked.rs
cfn=(1242) <core::io::error::repr::Repr as core::ops::drop::Drop>::drop
calls=3 231 
* 154 30 63 20 1 0 10 1 0 6 3 3 2
* 6 6

fn=(1776) core::ptr::drop_glue::<std::sys::thread::unix::Thread>
848 6 2 6 1 0 0 0 0 0 0 0 2 1
cfi=(383) /rustc/4aa1fbcf467cf38ce58abfa8eb9213a789c5381c/library/std/src/sys/thread/unix.rs
cfn=(1778) <std::sys::thread::unix::Thread as core::ops::drop::Drop>::drop
calls=2 151 
* 30 10 2 4 0 0 2 0 0 8 0 2 2
* 4 4

fn=(2766) core::ptr::drop_glue::<rustgres::sql::Parser>
848 3573 0 3573 1191 0 0 1
cfn=(2768) core::ptr::drop_glue::<alloc::vec::Vec<rustgres::sql::Token>>
calls=1191 * 
* 846475 252381 167193 10939 364 0 8 0 0 102413 8554 19488 1
* 2382 2382

fn=(2912) core::ptr::drop_glue::<alloc::raw_vec::RawVec<rustgres::wal::WalRecord>>
848 1197 0 1197
cfi=(283)
cfn=(2914)
calls=399 433 
* 48207 14339 7565 3 0 0 1 0 0 6381 392 1195 2
* 798 798

fn=(2930) core::ptr::drop_glue::<alloc::vec::into_iter::IntoIter<alloc::string::String>>
848 3573 0 3573 1191
cfi=(278)
cfn=(2932)
calls=1191 605 
* 308553 91722 100041 18264 1406 0 14 0 0 23847 836 3573 1
* 2382 2382

fn=(2946)
848 7146 0 5955 1191 0 0 1
0 1191 1191 0 1191 0 0 1
848 2382 1191 0 0 0 0 0 0 0 1191 4
jcnd=1191/1191 * 
* 
* 2382 1191

fn=(3204) core::ptr::drop_glue::<alloc::vec::Vec<(alloc::string::String, rustgres::storage::ColType)>>
848 1600 0 1200 398 0 0 1
cfi=(452)
cfn=(3206) <alloc::vec::Vec<(alloc::string::String, rustgres::storage::ColType)> as core::ops::drop::Drop>::drop
calls=400 4403 
* 133288 41615 29197 1594 642 0 4 0 0 14029 462 4000
* 400
0 400 400
848 400 0 400
cfn=(3212) core::ptr::drop_glue::<alloc::raw_vec::RawVec<(alloc::string::String, rustgres::storage::ColType)>>
calls=400 * 
* 61288 17130 8414 801 143 0 1 0 0 9914 577 1200 1
* 800 400

fn=(3490) core::ptr::drop_glue::<rustgres::storage::Value>
848 2074644 159588 319176 1191 68834 0 1 0 0 159588 5
jcnd=80190/159588 * 
* 
0 79398 79398
848 79398 0 79398
cfn=(888)
calls=79398 * 
* 13311246 3806599 1985851 1 73146 0 0 0 0 2055044 3336 396990
* 319176 159588

fn=(3588) core::ptr::drop_glue::<rustgres::sql::Literal>
848 10296 792 1584 792 0 0 1 0 0 792 398
jcnd=396/792 * 
* 
0 396 396
848 396 0 396
cfn=(888)
calls=396 * 
* 65388 18903 9921 742 0 0 0 0 0 9831 1127 1980
* 1584 792

fn=(3746) core::ptr::drop_glue::<rustgres::storage::Database>
848 1188 0 1188 396
cfn=(3748) core::ptr::drop_glue::<std::collections::hash::map::HashMap<alloc::string::String, rustgres::storage::Table>>
calls=396 * 
* 33395083 9219735 5783386 25158 188548 631 22 1 0 4558081 11197 635182 395
* 792 792

fn=(3788) core::ptr::drop_glue::<[(alloc::string::String, rustgres::storage::Database)]>
848 2376 0 1980 396 0 0 1
0 396 396
848 792 396 0 0 0 0 0 0 0 396 2
jcnd=396/396 * 
* 
* 792 396 0 396 0 0 1

fn=(3842) core::ptr::drop_glue::<hashbrown::map::HashMap<alloc::string::String, rustgres::server::Portal, std::hash::random::RandomState>>
848 3 0 3 1
cfn=(3844) core::ptr::drop_glue::<hashbrown::raw::RawTable<(alloc::string::String, rustgres::server::Portal)>>
calls=1 * 
* 27 6 14 2 1 0 1 0 0 1 1
* 2 2

fn=(3844)
848 3 0 3
cfi=(489)
cfn=(3846)
calls=1 3486 
* 22 4 11 2 1 0 1 0 0 1 1
* 2 2

fn=(988)
848 6 0 5 1 0 0 1
0 1 1
848 2 1 0 0 0 0 0 0 0 1 1
jcnd=1/1 * 
* 
* 2 1 0 1 0 0 1

fn=(1790) core::ptr::drop_glue::<alloc::sync::Arc<std::thread::lifecycle::Packet<()>>>
848 12 0 12 2 0 0 1
cfi=(355) /home/hatch/.rustup/toolchains/nightly-x86_64-unknown-linux-gnu/lib/rustlib/src/rust/library/alloc/src/sync.rs
cfn=(1792) <alloc::sync::Arc<std::thread::lifecycle::Packet<()>> as core::ops::drop::Drop>::drop
calls=4 2985 
* 954 209 275 85 5 4 35 1 0 72 14 10 3
* 8 8

fn=(2000) core::ptr::drop_glue::<alloc::io::buffered::bufwriter::BufWriter<std::net::tcp::TcpStream>>
848 8 0 6 2 0 0 1
cfi=(429)
cfn=(2002)
calls=2 712 
* 116 36 40 11 0 3 7 0 3 8 4 2 1
* 2
0 2 2
848 2 0 2
cfn=(890) core::ptr::drop_glue::<alloc::vec::Vec<u8>>
calls=2 * 
* 467 136 80 21 2 0 15 0 0 74 13 10 1
* 2
0 2 2 0 2 0 0 1
848 4 0 2
cfn=(2016) core::ptr::drop_glue::<std::net::tcp::TcpStream>
calls=2 * 
* 288 78 80 20 1 0 5 0 0 30 10 4 4
* 4 2

fn=(2306) core::ptr::drop_glue::<rustgres::protocol::MsgBuilder>
848 7176 0 7176 399 0 0 1
cfn=(890)
calls=2392 * 
* 319960 98392 54948 2759 959 0 0 0 0 38884 998 11960 396
* 4784 4784

fn=(2630) core::ptr::drop_glue::<alloc::raw_vec::RawVec<char>>
848 7146 0 7146
cfi=(283)
cfn=(2632)
calls=2382 433 
* 419956 119171 59293 4364 25 0 8 0 0 71033 3923 7146 1
* 4764 4764

fn=(2906) core::ptr::drop_glue::<alloc::vec::Vec<rustgres::wal::WalRecord>>
848 1596 0 1197 399 0 0 1
cfi=(452)
cfn=(2908) <alloc::vec::Vec<rustgres::wal::WalRecord> as core::ops::drop::Drop>::drop
calls=399 4403 
* 320558 89320 60398 2808 1289 0 20 0 0 41570 1234 6359 2
* 399
0 399 399
848 399 0 399
cfn=(2912)
calls=399 * 
* 50202 15137 8762 3 0 0 1 0 0 6381 392 1195 2
* 798 399

fn=(2916) core::ptr::drop_glue::<rustgres::server::Undo>
848 42 3 9 3 0 0 1 0 0 3
0 3 3
848 6 0 0 3 0 0 1 0 0 3
* 2
0 2 2
848 4 0 0 0 0 0 0 0 0 2 1
* 7 3 0 0 1
0 1 1
848 2 0 1
cfn=(888)
calls=1 * 
* 138 43 26 0 0 0 0 0 0 16 0 5
* 1
jump=1 * 
* 
0 1 1
848 1 0 1
cfn=(888)
calls=1 * 
* 138 43 26 0 0 0 0 0 0 16 1 5
* 1
0 1 1 0 1 0 0 1
848 2 0 1
cfn=(3766) core::ptr::drop_glue::<rustgres::storage::Table>
calls=1 * 
* 167531 46167 28668 6 1123 0 0 0 0 23084 7 3184 1
* 1
jump=1 * 
* 

fn=(3208) core::ptr::drop_glue::<[(alloc::string::String, rustgres::storage::ColType)]>
848 2400 0 2000 398 0 0 1
0 400 400 0 398 0 0 1
848 800 400 0 0 0 0 0 0 0 400 9
0 800 800
848 1600 800 0 0 0 0 0 0 0 800 404
jcnd=400/800 * 
* 
0 800 800
848 5600 800 1600
cfn=(3210) core::ptr::drop_glue::<(alloc::string::String, rustgres::storage::ColType)>
calls=800 * 
* 114488 36015 23197 400 641 0 1 0 0 12829 49 4000
* 800
* 800 400

fn=(3212)
848 1200 0 1200 398
cfi=(283)
cfn=(3214)
calls=400 433 
* 59288 16330 7214 403 143 0 1 0 0 9914 577 1200 1
* 800 800

fn=(3564) core::ptr::drop_glue::<alloc::vec::Vec<usize>>
848 1584 0 1188 396 0 0 1
cfi=(452)
cfn=(3566) <alloc::vec::Vec<usize> as core::ops::drop::Drop>::drop
calls=396 4403 
* 3168 1188 1980 396 0 0 1
* 396
0 396 396 0 396 0 0 1
848 396 0 396
cfn=(3568) core::ptr::drop_glue::<alloc::raw_vec::RawVec<usize>>
calls=396 * 
* 49896 15048 8712 396 0 0 1 0 0 6336 271 1188 396
* 792 396

fn=(3578) core::ptr::drop_glue::<[alloc::vec::Vec<rustgres::sql::InsertValue>]>
848 2376 0 1980 396 0 0 1
0 396 396
848 792 396 0 0 0 0 0 0 0 396 1
0 396 396
848 792 396 0 0 0 0 0 0 0 396 2
jcnd=396/396 * 
* 
0 396 396
848 2376 396 792 396 0 0 1
cfn=(3580) core::ptr::drop_glue::<alloc::vec::Vec<rustgres::sql::InsertValue>>
calls=396 * 
* 159636 44643 30513 5098 111 0 8 0 0 18939 1815 3168 396
* 396
* 792 396

fn=(3594) core::ptr::drop_glue::<alloc::raw_vec::RawVec<alloc::vec::Vec<rustgres::sql::InsertValue>>>
848 1188 0 1188
cfi=(283)
cfn=(3596)
calls=396 433 
* 47916 14256 7524 396 112 0 1 0 0 6336 16 1188
* 792 792

fn=(3772) core::ptr::drop_glue::<[alloc::vec::Vec<rustgres::storage::Value>]>
848 4764 0 3970 397 0 0 1
0 794 794 0 397 0 0 1
848 1588 794 0 0 0 0 0 0 0 794 56
jcnd=1/794 * 
* 
0 79398 79398
848 158796 79398 0 0 0 0 0 0 0 79398 1514
jcnd=793/79398 * 
* 
0 79398 79398
848 476388 79398 158796
cfn=(3774) core::ptr::drop_glue::<alloc::vec::Vec<rustgres::storage::Value>>
calls=79398 * 
* 32443724 8874529 5561447 3575 186975 1 5 0 0 4489117 5146 635184 398
* 79398
* 1588 794 0 0 1

fn=(888)
848 283539 0 283539 1946 0 0 1
cfn=(890)
calls=94513 * 
* 14987543 4278233 2093139 6076 76215 1103 8 0 0 2317765 14600 472565 2788
* 189026 189026

fn=(966) core::ptr::drop_glue::<std::env::ArgsOs>
848 3 0 3 1 0 0 1
cfn=(968) core::ptr::drop_glue::<std::sys::args::common::Args>
calls=1 * 
* 261 79 90 20 0 0 20 0 0 20 3 3 1
* 2 2

fn=(1774) core::ptr::drop_glue::<std::thread::lifecycle::JoinInner<()>>
848 10 0 6 2 0 0 1
cfn=(1776)
calls=2 * 
* 40 16 8 5 0 0 2 0 0 8 0 4 3
* 2
0 2 2 0 2 0 0 1
848 2 0 2
cfn=(1782) core::ptr::drop_glue::<std::thread::thread::Thread>
calls=2 * 
* 62 18 34 10 0 0 5 0 0 4 2
* 2
0 2 2 0 2
848 4 0 2
cfn=(1790)
calls=2 * 
* 42 10 22 6 0 0 3 0 0 4
* 4 2

fn=(2098) core::ptr::drop_glue::<core::cell::UnsafeCell<core::option::Option<core::result::Result<(), alloc::boxed::Box<dyn core::any::Any + core::marker::Send>>>>>
848 6 0 6
cfn=(2074) core::ptr::drop_glue::<core::option::Option<core::result::Result<(), alloc::boxed::Box<dyn core::any::Any + core::marker::Send>>>>
calls=2 * 
* 14 4 4 0 0 0 0 0 0 2 1
* 4 4

fn=(2736)
848 130676 18668 56004 1191 0 0 1 0 0 18668 2551
* 15083
0 15083 15083
848 30166 0 0 0 0 0 0 0 0 15083 1191
* 14291
0 14291 14291
848 28582 0 0 1191 0 0 1 0 0 14291 401
* 50835 18668
0 3585 3585
848 7170 0 3585
cfn=(888)
calls=3585 * 
* 495068 154213 93198 12 18 0 0 0 0 57473 3033 17925 1194
* 3585
jump=3585 * 
* 
0 792 792
848 1584 0 792
cfn=(888)
calls=792 * 
* 109414 34076 20588 4 0 0 0 0 0 12711 9 3960
* 792
jump=792 * 
* 
0 792 792
848 1584 0 792
cfn=(888)
calls=792 * 
* 117446 35511 20301 482 0 0 0 0 0 15292 1271 3960 396
* 792
jump=792 * 
* 

fn=(2768)
848 4764 0 3573 1191 0 0 1
cfi=(452)
cfn=(2770) <alloc::vec::Vec<rustgres::sql::Token> as core::ops::drop::Drop>::drop
calls=1191 4403 
* 630748 188023 126570 5252 18 0 4 0 0 71877 6804 15915
* 1191
0 1191 1191 0 1191 0 0 1
848 1191 0 1191
cfn=(2774) core::ptr::drop_glue::<alloc::raw_vec::RawVec<rustgres::sql::Token>>
calls=1191 * 
* 205008 61976 35859 3305 346 0 2 0 0 30536 1750 3573 1
* 2382 1191

fn=(2896) core::ptr::drop_glue::<core::option::Option<rustgres::storage::Table>>
848 27 3 6 6 0 0 2 0 0 3 1
* 6 3 0 0 1
0 1 1
848 1 0 1
cfn=(3766)
calls=1 * 
* 167129 46110 28683 36 1215 0 0 0 0 22946 25 3184 1
* 1
jump=1 * 
* 

fn=(3396) core::ptr::drop_glue::<core::iter::traits::iterator::Iterator::for_each::call<usize, <alloc::vec::Vec<usize>>::extend_trusted<core::ops::range::Range<usize>>::{closure#0}>::{closure#0}>
848 1188 0 1188 396 0 0 1
cfn=(3398) core::ptr::drop_glue::<<alloc::vec::Vec<usize>>::extend_trusted<core::ops::range::Range<usize>>::{closure#0}>
calls=396 * 
* 5940 2772 3168 1188 0 0 2
* 792 792

fn=(3526)
848 3570 0 3570 793 0 0 1
cfi=(283)
cfn=(3528)
calls=1190 433 
* 217021 60966 33133 4285 1384 26 2 0 0 34628 3541 3568 397
* 2380 2380

fn=(970) core::ptr::drop_glue::<alloc::vec::into_iter::IntoIter<std::ffi::os_str::OsString>>
848 3 0 3 1 0 0 1
cfi=(278)
cfn=(972)
calls=1 605 
* 251 75 84 18 0 0 18 0 0 20 3 3 1
* 2 2

fn=(2006)
848 7155 2385 7155 1193 0 0 1 0 0 0 0 2385 1
cfi=(341)
cfn=(1500) <<alloc::io::buffered::bufwriter::BufWriter<_>>::flush_buf::BufGuard as core::ops::drop::Drop>::drop
calls=2385 243 
* 56035 19077 9539 1193 0 523 0 0 0 10729 14 1192 398
* 4770 4770

fn=(2774)
848 3573 0 3573 1191 0 0 1
cfi=(283)
cfn=(2776)
calls=1191 433 
* 199053 59594 32286 2114 346 0 1 0 0 30536 1750 3573 1
* 2382 2382

fn=(2918) core::ptr::drop_glue::<std::sync::poison::mutex::MutexGuard<rustgres::storage::Database>>
848 2385 0 2385 795 0 0 1
cfi=(353)
cfn=(2920)
calls=795 743 
* 50880 11925 19080 3487 1616 0 5 0 0 3180 844 795
* 1590 1590

fn=(2950)
848 3573 0 3573 1191 0 0 1
cfi=(278)
cfn=(2952)
calls=1191 609 
* 175161 53610 39300 4368 1406 0 3 0 0 19083 411 3573 1
* 2382 2382

fn=(1248) core::ptr::drop_glue::<core::io::error::ErrorData<core::io::error::CustomOwner>>
848 18 3 6 2 0 0 1 0 0 3 3
jcnd=3/3 * 
* 
* 6 3 0 2 0 0 1

fn=(1250) core::ptr::drop_glue::<std::path::PathBuf>
848 6 0 6
cfn=(1252) core::ptr::drop_glue::<std::ffi::os_str::OsString>
calls=2 * 
* 270 86 58 9 0 0 1 0 0 32 2 10 2
* 4 4

fn=(1784) core::ptr::drop_glue::<core::pin::Pin<alloc::sync::Arc<std::thread::thread::Inner, std::alloc::System>>>
848 6 0 6 2 0 0 1
cfn=(1786) core::ptr::drop_glue::<alloc::sync::Arc<std::thread::thread::Inner, std::alloc::System>>
calls=2 * 
* 42 10 22 6 0 0 3 0 0 4 2
* 4 4

fn=(2018) core::ptr::drop_glue::<std::sys::net::connection::socket::TcpStream>
848 12 0 12
cfn=(2020) core::ptr::drop_glue::<std::sys::net::connection::socket::unix::Socket>
calls=4 * 
* 536 140 136 18 1 0 5 0 0 60 18 8 4
* 8 8

fn=(2074)
848 30 6 12 4 1 0 2 0 0 6 3
* 12 6
0 2 2
848 4 0 2 0 0 1
cfn=(2092) core::ptr::drop_glue::<core::result::Result<(), alloc::boxed::Box<dyn core::any::Any + core::marker::Send>>>
calls=2 * 
* 24 4 4 2 0 0 1 0 0 2
* 2
jump=2 * 
* 

fn=(2092)
848 48 8 8 2 0 0 1 0 0 4

fn=(2626) core::ptr::drop_glue::<alloc::vec::Vec<char>>
848 9528 0 7146 1191 0 0 1
cfi=(452)
cfn=(2628) <alloc::vec::Vec<char> as core::ops::drop::Drop>::drop
calls=2382 4403 
* 19056 7146 11910 1306 0 0 1
* 2382
0 2382 2382 0 146
848 2382 0 2382
cfn=(2630)
calls=2382 * 
* 431866 123935 66439 4364 25 0 8 0 0 71033 3923 7146 1
* 4764 2382

fn=(2958) core::ptr::drop_glue::<rustgres::protocol::FrontendMessage>
848 3576 0 3576
cfn=(890)
calls=1192 * 
* 181298 52727 26624 2 964 0 0 0 0 26606 702 5958
* 2384 2384

fn=(3574) core::ptr::drop_glue::<alloc::vec::Vec<alloc::vec::Vec<rustgres::sql::InsertValue>>>
848 1584 0 1188 396 0 0 1
cfi=(452)
cfn=(3576) <alloc::vec::Vec<alloc::vec::Vec<rustgres::sql::InsertValue>> as core::ops::drop::Drop>::drop
calls=396 4403 
* 173100 48603 35661 6682 111 0 12 0 0 19731 1818 3168 396
* 396
0 396 396 0 396 0 0 1
848 396 0 396
cfn=(3594)
calls=396 * 
* 49896 15048 8712 396 112 0 1 0 0 6336 16 1188
* 792 396

fn=(3764)
848 1584 0 1188 792 0 0 2
cfn=(888)
calls=396 * 
* 54648 17028 10296 368 174 0 0 0 0 6336 771 1980
* 396
0 396 396
848 792 0 396
cfn=(3766)
calls=396 * 
* 33141247 9148455 5700622 11886 186548 27 7 0 0 4541845 10009 632014 395
* 792 396 0 0 219

fn=(3768) core::ptr::drop_glue::<alloc::vec::Vec<alloc::vec::Vec<rustgres::storage::Value>>>
848 3176 0 2382 397
cfi=(452)
cfn=(3770) <alloc::vec::Vec<alloc::vec::Vec<rustgres::storage::Value>> as core::ops::drop::Drop>::drop
calls=794 4403 
* 33335364 9196885 5728977 5165 187294 1 8 0 0 4569309 6716 635184 398
* 794
0 794 794 0 397 0 0 1
848 794 0 794
cfn=(3526)
calls=794 * 
* 173075 48298 27991 2399 1384 26 1 0 0 28292 3139 2380
* 1588 794 0 0 269

fn=(3778) core::ptr::drop_glue::<[rustgres::storage::Value]>
848 476388 0 396990 397 0 0 1
0 79398 79398
848 158796 79398 0 0 0 0 0 0 0 79398
0 158796 158796
848 317592 158796 0 0 0 0 0 0 0 158796 924
jcnd=79398/158796 * 
* 
0 158796 158796
848 952776 158796 317592 397 0 0 1
cfn=(3490)
calls=158796 * 
* 15851982 4203589 2382841 400 141980 0 0 0 0 2213840 3339 396990
* 158796
* 158796 79398

fn=(3830) core::ptr::drop_glue::<std::collections::hash::map::HashMap<alloc::string::String, rustgres::server::Prepared>>
848 3 0 3
cfn=(3832) core::ptr::drop_glue::<hashbrown::map::HashMap<alloc::string::String, rustgres::server::Prepared, std::hash::random::RandomState>>
calls=1 * 
* 32 8 17 6 1 0 3 0 0 1 1
* 2 2

fn=(968)
848 3 0 3 1 0 0 1
cfn=(970)
calls=1 * 
* 256 77 87 19 0 0 19 0 0 20 3 3 1
* 2 2

fn=(1254) core::ptr::drop_glue::<std::sys::os_str::bytes::Buf>
848 6 0 6
cfn=(890)
calls=2 * 
* 250 78 46 8 0 0 0 0 0 32 2 10 2
* 4 4

fn=(1786)
848 6 0 6 2 0 0 1
cfi=(355)
cfn=(1788) <alloc::sync::Arc<std::thread::thread::Inner, std::alloc::System> as core::ops::drop::Drop>::drop
calls=2 2985 
* 32 6 16 4 0 0 2 0 0 4 2
* 4 4

fn=(1996) core::ptr::drop_glue::<alloc::sync::Arc<std::sync::poison::mutex::Mutex<rustgres::storage::Database>>>
848 6 0 6
cfi=(355)
cfn=(1998) <alloc::sync::Arc<std::sync::poison::mutex::Mutex<rustgres::storage::Database>> as core::ops::drop::Drop>::drop
calls=2 2985 
* 32 6 16 2 1 0 1 0 0 4 2
* 4 4

fn=(2080) core::ptr::drop_glue::<std::thread::lifecycle::Packet<()>>
848 8 0 6 2
cfi=(368)
cfn=(2082) <std::thread::lifecycle::Packet<()> as core::ops::drop::Drop>::drop
calls=2 166 
* 266 58 70 29 1 3 13 0 0 14 4 2 1
* 2
0 2 2 0 2 0 0 1
848 2 0 2
cfn=(2096) core::ptr::drop_glue::<core::option::Option<alloc::sync::Arc<std::thread::scoped::ScopeData>>>
calls=2 * 
* 24 4 4 4 0 0 2 0 0 2
* 2
0 2 2 0 2
848 4 0 2
cfn=(2098)
calls=2 * 
* 24 8 10 0 0 0 0 0 0 2 1
* 4 2

fn=(2096)
848 24 4 4 4 0 0 2 0 0 2

fn=(2102) core::ptr::drop_glue::<alloc::sync::Weak<std::thread::lifecycle::Packet<()>, &alloc::alloc::Global>>
848 6 0 6 1
cfi=(355)
cfn=(2104) <alloc::sync::Weak<std::thread::lifecycle::Packet<()>, &alloc::alloc::Global> as core::ops::drop::Drop>::drop
calls=2 3659 
* 474 103 123 30 1 1 13 0 0 46 9 6 1
* 4 4

fn=(2772) core::ptr::drop_glue::<[rustgres::sql::Token]>
848 7146 0 5955 1191 0 0 1
0 1191 1191
848 2382 1191 0 0 0 0 0 0 0 1191
0 5565 5565
848 11130 5565 0 0 0 0 0 0 0 5565 2140
jcnd=1191/5565 * 
* 
0 5565 5565
848 38955 5565 11130 1191 0 0 1
cfn=(2736)
calls=5565 * 
* 536575 158617 102339 488 18 0 0 0 0 65121 4664 15915
* 5565
* 2382 1191

fn=(3202) core::ptr::drop_glue::<rustgres::wal::WalRecord>
848 5174 398 1194 796 143 0 2 0 0 398 1
* 397
0 397 397
848 794 0 0 0 0 0 0 0 0 397 2
* 1
0 1 1
848 2 0 0 0 0 0 0 0 0 1 1
0 1 1
848 2 0 1
cfn=(888)
calls=1 * 
* 138 43 26 1 0 0 0 0 0 16 1 5
* 1
0 396 396 0 396
848 792 0 396
cfn=(888)
calls=396 * 
* 54648 17028 10296 0 158 0 0 0 0 6336 373 1980
* 396
0 1 1 0 1
848 2 0 1
cfn=(888)
calls=1 * 
* 138 43 26 0 1 0 0 0 0 16 1 5
* 1
jump=1 * 
* 
0 1 1 0 1 0 0 1
848 2 0 1 1 0 0 1
cfn=(3204)
calls=1 * 
* 468 144 99 7 0 0 6 0 0 51 5 13 1
* 796 398 0 1
0 396 396 0 396 0 0 1
848 792 0 396
cfn=(3768)
calls=396 * 
* 240870 66087 42777 8 847 0 5 0 0 33558 843 4356 1
* 396
jump=396 * 
* 

fn=(3398)
848 1188 0 1188 396 0 0 1
cfn=(3400) core::ptr::drop_glue::<alloc::vec::set_len_on_drop::SetLenOnDrop>
calls=396 * 
* 3960 1980 1980 792 0 0 1
* 792 792

fn=(3586) core::ptr::drop_glue::<rustgres::sql::InsertValue>
848 7128 792 1584 792 0 0 2 0 0 792
0 792 792
848 792 0 792
cfn=(3588)
calls=792 * 
* 78060 20883 11901 1534 0 0 1 0 0 10623 1525 1980
* 1584 792

fn=(3780) core::ptr::drop_glue::<alloc::raw_vec::RawVec<rustgres::storage::Value>>
848 238194 0 238194 396
cfi=(283)
cfn=(3782)
calls=79398 433 
* 11907260 3241776 1431850 397 21867 1 0 0 0 2037083 883 238194 398
* 158796 158796

fn=(3790) core::ptr::drop_glue::<alloc::raw_vec::RawVec<(alloc::string::String, rustgres::storage::Database)>>
848 1188 0 1188
cfi=(283)
cfn=(3792)
calls=396 433 
* 7524 2376 1584 396 0 0 0 0 0 1188 398 396
* 792 792

fn=(3832)
848 3 0 3 1
cfn=(3834) core::ptr::drop_glue::<hashbrown::raw::RawTable<(alloc::string::String, rustgres::server::Prepared)>>
calls=1 * 
* 27 6 14 5 1 0 3 0 0 1 1
* 2 2

fn=(3834)
848 3 0 3
cfi=(489)
cfn=(3836)
calls=1 3486 
* 22 4 11 5 1 0 3 0 0 1 1
* 2 2

fn=(3274) core::ptr::drop_glue::<core::option::Option<rustgres::server::Txn>>
848 4367 794 794 794 270 0 2 0 0 397

fn=(894) core::ptr::drop_glue::<alloc::raw_vec::RawVec<u8>>
848 296694 98898 296694 399 0 0 1 0 0 0 0 98898 1
cfi=(162)
cfn=(896)
calls=98898 0 
* 14026069 3772367 1500636 6215 78579 529 19 0 0 2400167 16975 296692 3584
* 197796 197796

fn=(962) core::ptr::drop_glue::<core::iter::adapters::skip::Skip<std::env::Args>>
848 3 0 3 1 0 0 1
cfn=(964) core::ptr::drop_glue::<std::env::Args>
calls=1 * 
* 271 83 96 21 0 0 21 0 0 20 3 3 1
* 2 2

fn=(1238) core::ptr::drop_glue::<core::io::error::Error>
848 9 0 9 2 0 0 1
cfn=(1240)
calls=3 * 
* 169 36 72 21 1 0 11 1 0 6 3 3 2
* 6 6

fn=(1772) core::ptr::drop_glue::<std::thread::join_handle::JoinHandle<()>>
848 6 0 6 2 0 0 1
cfn=(1774)
calls=2 * 
* 172 50 74 27 0 0 12 0 0 16 2 4 3
* 4 4

fn=(1782)
848 6 0 6 2 0 0 1
cfn=(1784)
calls=2 * 
* 52 14 28 8 0 0 4 0 0 4 2
* 4 4

fn=(1992) core::ptr::drop_glue::<alloc::sync::Arc<std::sync::poison::mutex::Mutex<rustgres::wal::Wal>>>
848 6 0 6 1
cfi=(355)
cfn=(1994) <alloc::sync::Arc<std::sync::poison::mutex::Mutex<rustgres::wal::Wal>> as core::ops::drop::Drop>::drop
calls=2 2985 
* 32 6 16 5 1 0 2 0 0 4 2
* 4 4

fn=(2016)
848 12 0 12 2
cfn=(2018)
calls=4 * 
* 556 148 148 18 1 0 5 0 0 60 18 8 4
* 8 8

fn=(2020)
848 12 0 12
cfn=(2022) core::ptr::drop_glue::<std::sys::fd::unix::FileDesc>
calls=4 * 
* 516 132 124 18 1 0 5 0 0 60 18 8 4
* 8 8

fn=(2024) core::ptr::drop_glue::<std::os::fd::owned::OwnedFd>
848 12 0 12
cfi=(433)
cfn=(2026)
calls=4 202 
* 476 116 100 16 1 0 5 0 0 60 18 8 4
* 8 8

fn=(3196) core::ptr::drop_glue::<std::sync::poison::mutex::MutexGuard<rustgres::wal::Wal>>
848 1194 0 1194 398 0 0 1
cfi=(353)
cfn=(3198)
calls=398 743 
* 25472 5970 9552 1990 0 0 2 0 0 1592 12 398
* 796 796

fn=(3400)
848 2376 0 2376 396
cfi=(506)
cfn=(3402)
calls=792 30 
* 3960 2376 1584 396 0 0 1
* 1584 1584

fn=(3584) core::ptr::drop_glue::<[rustgres::sql::InsertValue]>
848 2376 0 1980 396 0 0 1
0 396 396 0 396 0 0 1
848 792 396 0 0 0 0 0 0 0 396 2
0 792 792
848 1584 792 0 0 0 0 0 0 0 792 287
jcnd=396/792 * 
* 
0 792 792
848 4752 792 1584
cfn=(3586)
calls=792 * 
* 88356 23259 14277 2326 0 0 3 0 0 11415 1525 1980
* 792
* 792 396

fn=(3590) core::ptr::drop_glue::<alloc::raw_vec::RawVec<rustgres::sql::InsertValue>>
848 1188 0 1188 396
cfi=(283)
cfn=(3592)
calls=396 433 
* 47916 14256 7524 396 111 0 1 0 0 6336 1 1188 396
* 792 792

fn=(3766)
848 1592 0 1194 794 0 0 2
cfn=(3204)
calls=398 * 
* 197212 59252 39014 2784 785 0 0 0 0 23832 1029 5174
* 398
0 398 398
848 796 0 398
cfn=(3768)
calls=398 * 
* 33274715 9180684 5717367 8350 188100 27 5 0 0 4564043 9012 633208 397
* 796 398 0 0 1

fn=(3774)
848 317592 0 238194 398 0 0 1
cfi=(452)
cfn=(3776) <alloc::vec::Vec<rustgres::storage::Value> as core::ops::drop::Drop>::drop
calls=79398 4403 
* 19424892 5315161 3573811 1987 165108 0 3 0 0 2452034 4263 396990
* 79398
0 79398 79398 0 397 0 0 1
848 79398 0 79398
cfn=(3780)
calls=79398 * 
* 12304250 3400572 1670044 793 21867 1 0 0 0 2037083 883 238194 398
* 158796 79398

fn=(3828) core::ptr::drop_glue::<rustgres::server::Session>
848 5 0 3 1 0 0 1
cfn=(3830)
calls=1 * 
* 37 10 20 6 1 0 3 0 0 1 1
* 1
0 1 1
848 2 0 1 1 0 0 1
cfn=(3840) core::ptr::drop_glue::<std::collections::hash::map::HashMap<alloc::string::String, rustgres::server::Portal>>
calls=1 * 
* 37 10 20 3 1 0 1 0 0 1 1
* 1
0 1 1
848 1 0 1
cfn=(3274)
calls=1 * 
* 11 2 2 2 0 0 0 0 0 1
* 2 1

fn=(1252)
848 6 0 6 1 0 0 1
cfn=(1254)
calls=2 * 
* 260 82 52 8 0 0 0 0 0 32 2 10 2
* 4 4

fn=(2008)
848 24 4 4 4 0 0 2 0 0 2

fn=(2928) core::ptr::drop_glue::<rustgres::sql::Stmt>
848 11910 1191 3573 1191 535 0 1 0 0 1191 2
0 2382 1191 0 1191 0 0 1
848 3573 1191 0 0 639 0 0 1 0 0 0 1191 796
jump=792 * 
* 
* 2382 1191
0 1 1
848 2 0 1
cfn=(888)
calls=1 * 
* 138 43 26 0 0 0 0 0 0 16 1 5
* 1
0 396 396
848 792 0 396
cfn=(888)
calls=396 * 
* 54960 17083 10285 22 0 0 0 0 0 6437 30 1980
* 396
0 2 2 0 2 0 0 1
848 4 0 2
cfn=(888)
calls=2 * 
* 306 91 51 0 1 0 0 0 0 42 0 10
* 2
jump=2 * 
* 
0 1 1 0 1 0 0 1
848 2 0 1
cfn=(3204)
calls=1 * 
* 496 149 98 2 0 0 0 0 0 60 5 13
* 1
jump=1 * 
* 
0 396 396 0 396 0 0 1
848 792 0 396
cfn=(3572) core::ptr::drop_glue::<core::option::Option<alloc::vec::Vec<alloc::string::String>>>
calls=396 * 
* 4356 792 792 792 0 0 2 0 0 396
* 396
0 396 396 0 396 0 0 1
848 792 0 396
cfn=(3574)
calls=396 * 
* 226560 64443 45957 7870 223 0 15 0 0 26067 1834 4356 396
* 396
jump=396 * 
* 

fn=(3568)
848 1188 0 1188
cfi=(283)
cfn=(3570)
calls=396 433 
* 47916 14256 7524 396 0 0 1 0 0 6336 271 1188 396
* 792 792

fn=(3748)
848 1188 0 1188
cfn=(3750) core::ptr::drop_glue::<hashbrown::map::HashMap<alloc::string::String, rustgres::storage::Table, std::hash::random::RandomState>>
calls=396 * 
* 33393103 9218943 5782198 25158 188548 631 22 1 0 4558081 11197 635182 395
* 792 792

fn=(890)
848 494490 98898 296694 2786 521 574 2 0 0 0 0 98898 1
cfi=(162)
cfn=(892)
calls=98898 0 
* 98898 98898 0 2356 0 0 1
* 98898
0 98898 98898
848 98898 0 98898
cfn=(894)
calls=98898 * 
* 14520559 4069061 1797330 6614 78579 529 20 0 0 2400167 16975 395590 3585
* 197796 98898

fn=(964)
848 3 0 3
cfn=(966)
calls=1 * 
* 266 81 93 21 0 0 21 0 0 20 3 3 1
* 2 2

fn=(992)
848 3 0 3 1 0 0 1
cfi=(278)
cfn=(994)
calls=1 609 
* 139 43 33 4 0 0 4 0 0 16 0 3 1
* 2 2

fn=(996)
848 3 0 3 1 0 0 1
cfi=(283)
cfn=(998)
calls=1 433 
* 113 34 19 1 0 0 1 0 0 16 0 3 1
* 2 2

fn=(2022)
848 12 0 12 2
cfn=(2024)
calls=4 * 
* 496 124 112 16 1 0 5 0 0 60 18 8 4
* 8 8

fn=(2910) core::ptr::drop_glue::<[rustgres::wal::WalRecord]>
848 2394 0 1995 399 0 0 1
0 399 399 0 399 0 0 1
848 798 399 0 0 0 0 0 0 0 399 1
jcnd=1/399 * 
* 
0 398 398
848 796 398 0 0 0 0 0 0 0 398 6
jcnd=398/398 * 
* 
0 398 398
848 2388 398 796
cfn=(3202)
calls=398 * 
* 307003 85334 55213 1608 1149 0 16 0 0 40773 1227 6359 2
* 398
* 798 399

fn=(2954)
848 3573 0 3573 795 0 0 1
cfi=(283)
cfn=(2956)
calls=1191 433 
* 144195 42891 22626 1191 963 0 1 0 0 19083 411 3573 1
* 2382 2382

fn=(3088)
848 3 0 3 1 0 0 1
cfi=(500)
cfn=(3090) <hashbrown::scopeguard::ScopeGuard<hashbrown::raw::RawTableInner, <hashbrown::raw::RawTableInner>::prepare_resize<alloc::alloc::Global>::{closure#0}> as core::ops::drop::Drop>::drop
calls=1 69 
* 16 4 7 3 0 0 3 0 0 1 1
* 2 2

fn=(3194) core::ptr::drop_glue::<rustgres::wal::Enc>
848 2388 0 2388 398 0 0 1
cfn=(890)
calls=796 * 
* 118786 35046 18062 2885 960 0 0 0 0 16790 658 3980 398
* 1592 1592

fn=(3210)
848 2400 0 2400 398 0 0 1
cfn=(888)
calls=800 * 
* 110488 34415 20797 2 641 0 0 0 0 12829 49 4000
* 1600 1600

fn=(3572)
848 4356 792 792 792 0 0 2 0 0 396

fn=(3580)
848 1584 0 1188 396 0 0 1
cfi=(452)
cfn=(3582) <alloc::vec::Vec<rustgres::sql::InsertValue> as core::ops::drop::Drop>::drop
calls=396 4403 
* 106176 28803 20217 3514 0 0 6 0 0 12603 1814 1980
* 396
0 396 396 0 396
848 396 0 396
cfn=(3590)
calls=396 * 
* 49896 15048 8712 792 111 0 1 0 0 6336 1 1188 396
* 792 396

fn=(3750)
848 1188 0 1188 396 0 0 1
cfn=(3752) core::ptr::drop_glue::<hashbrown::raw::RawTable<(alloc::string::String, rustgres::storage::Table)>>
calls=396 * 
* 33391123 9218151 5781010 24762 188312 631 21 1 0 4558081 11197 635182 395
* 792 792 0 0 236

fn=(3752)
848 1188 0 1188 396
cfi=(489)
cfn=(3754)
calls=396 3486 
* 33389143 9217359 5779822 24366 188312 631 21 1 0 4558081 11197 635182 395
* 792 792

fn=(3784) core::ptr::drop_glue::<alloc::vec::Vec<(alloc::string::String, rustgres::storage::Database)>>
848 1584 0 1188 396 0 0 1
cfi=(452)
cfn=(3786) <alloc::vec::Vec<(alloc::string::String, rustgres::storage::Database)> as core::ops::drop::Drop>::drop
calls=396 4403 
* 9108 2376 4356 1188 128 0 3 0 0 396 2
* 396
0 396 396 0 396
848 396 0 396
cfn=(3790)
calls=396 * 
* 9504 3168 2772 396 0 0 0 0 0 1188 398 396
* 792 396

fn=(3840)
848 3 0 3
cfn=(3842)
calls=1 * 
* 32 8 17 3 1 0 1 0 0 1 1
* 2 2

fl=(277) /home/hatch/.rustup/toolchains/nightly-x86_64-unknown-linux-gnu/lib/rustlib/src/rust/library/std/src/path.rs
fn=(1148) <std::path::PathBuf as core::convert::AsRef<std::path::Path>>::as_ref
3924 4 0 2
2096 2 0 2
fi=(268)
673 4 0 2
cfn=(1002)
calls=2 -19 
* 8 6 2
fe=(277)
3926 4 2

fn=(1390) <std::path::Path>::display
3304 4 0 2 1 0 0 1
+2 1 1

fn=(1010) <std::path::Path as core::convert::AsRef<std::path::Path>>::as_ref
3875 8 0 4 1 0 0 1
+2 2 2

fn=(1104) <std::path::Path>::join::<&str>
3077 18 0 16 1 0 1 1
+1 4 0 2 0 0 1
cfi=(267)
cfn=(1106) <&str as core::convert::AsRef<std::path::Path>>::as_ref
calls=2 719 
* 26 10 10 1 0 0 1
* 4 0 4
0 10 10
3078 2 2 2 0 0 0 0 0 0 0 0 2 2
cfi=(287)
cfn=(1110)
calls=2 +3 
* 1238 270 184 25 2 9 13 1 1 171 37 16 8
0 2 2
3079 4 2

fn=(960) <std::path::PathBuf as core::convert::From<alloc::string::String>>::from
2021 1 0 0 1 0 0 1
+1 6 3 3 1 0 0 1
fi=(546) /home/hatch/.rustup/toolchains/nightly-x86_64-unknown-linux-gnu/lib/rustlib/src/rust/library/std/src/sys/os_str/bytes.rs
101 6 3 3
fi=(268)
613 6 3 3 1 0 0 1
fe=(277)
2000 6 3 3
+23 1 1

fn=(1108) <str as core::convert::AsRef<std::path::Path>>::as_ref
3908 8 0 4
+2 2 2

fn=(1000) <std::path::PathBuf as core::ops::deref::Deref>::deref
2095 2 0 1
+1 1 0 1
fi=(268)
673 2 0 1 1 0 0 1
cfn=(1002)
calls=1 -19 
* 4 3 1 1 0 0 1
fe=(277)
2097 2 1

fl=(452)
fn=(3260) <alloc::vec::Vec<alloc::vec::Vec<rustgres::storage::Value>> as core::clone::Clone>::clone
3923 2779 397 1588 397 0 0 1
fi=(283)
637 397
fe=(452)
3924 397 0 397
cfi=(357)
cfn=(1640)
calls=397 56 
* 794 397 397
* 794 794
fi=(283)
627 397 397
fe=(452)
1877 1191 397 794 397 0 0 1
fi=(467) /home/hatch/.rustup/toolchains/nightly-x86_64-unknown-linux-gnu/lib/rustlib/src/rust/library/alloc/src/slice.rs
400 397 0 397
cfn=(3262) <alloc::vec::Vec<rustgres::storage::Value> as <[_]>::to_vec_in::ConvertVec>::to_vec::<alloc::alloc::Global>
calls=397 +10 
* 108288973 28783089 29063071 43714 441029 62425 24 0 233 11152717 171675 866251 157212
* 397 397 0 0 1
fe=(452)
3926 794 397 0 0 288

fn=(2216) alloc::vec::from_elem::<u8>
3819 7158 0 3579 1060 0 0 1
+1 2386 0 1193
cfi=(453) /home/hatch/.rustup/toolchains/nightly-x86_64-unknown-linux-gnu/lib/rustlib/src/rust/library/alloc/src/vec/spec_from_elem.rs
cfn=(2218) <u8 as alloc::vec::spec_from_elem::SpecFromElem>::from_elem::<alloc::alloc::Global>
calls=1193 50 
* 376954 85183 62244 23547 307 221 6 0 3 57372 5032 4769 1192
* 1193 1193
+1 2386 1193

fn=(2634) <alloc::vec::Vec<alloc::string::String> as core::iter::traits::collect::IntoIterator>::into_iter
4069 2382 0 2382 1191 0 0 1
fi=(283)
631 1191 0 1191
fi=(423)
181 7146 3573 3573 1191 0 0 1
fe=(452)
4073 3573 0 1191
fi=(283)
627 2382 1191 1191
fi=(358)
514 1191 0 1191
-97 1191 0 1191
0 1191 1191
fe=(452)
3140 2382 1191 1191
fi=(513)
971 2382 0 0 1191 0 0 1
fe=(452)
4079 1191 0 1191
fi=(283)
632 3573 1191 1191
fi=(352)
49 1191 0 1191
-49 3573 3573
fe=(452)
4082 7146 2382 4764 1191 0 0 1
+2 1191 1191

fn=(2902) <alloc::vec::Vec<rustgres::wal::WalRecord>>::new
464 397 0 0 397 0 0 1
+1 1588 0 1191
+1 397 397

fn=(3284) <alloc::vec::Vec<rustgres::sql::InsertValue>>::new
464 396 0 0 396
+1 1584 0 1188 325
+1 396 396

fn=(3330) <alloc::vec::Vec<alloc::vec::Vec<rustgres::sql::InsertValue>> as core::ops::deref::Deref>::deref
3898 396 0 396 396
fi=(283)
627 396 396
fe=(452)
1877 396 396
3900 396 396

fn=(3486) <alloc::vec::Vec<rustgres::storage::Value> as core::ops::index::IndexMut<usize>>::index_mut
3989 5544 792 2376 792 0 0 1
fi=(283)
627 792 792
fe=(452)
1916 2376 792 1584
fi=(319)
32 792 0 792
cfn=(3488) <usize as core::slice::index::SliceIndex<[rustgres::storage::Value]>>::index_mut
calls=792 243 
* 12672 2376 5544 792 0 0 2 0 0 792
fe=(452)
3991 1584 792

fn=(3520) <alloc::vec::Vec<alloc::vec::Vec<rustgres::storage::Value>>>::reserve
1472 1980 0 1584
+1 1188 396 792
fi=(283)
350 1188 0 1188 396 0 0 1
fi=(524)
176 396 0 396
0 396 396
fi=(283)
632 792 396 396
fi=(352)
49 396 0 396
-49 792 792
fi=(324)
2719 792 396
fi=(283)
787 396
687 396 0 0 0 0 0 0 0 0 396 2
fe=(452)
1474 792 396
0 1188 1188 0 396 0 0 1
fi=(283)
691 1188 396 396 0 0 0 0 0 0 0 0 396 1
cfi=(162)
cfn=(2268)
calls=396 0 
* 590976 320670 300545 16638 10383 15991 11 1 2432 287330 6986 1822
* 396
jfi=(452)
jump=396 1474 
* 
fe=(452)

fn=(3668) <alloc::vec::Vec<alloc::vec::Vec<rustgres::storage::Value>> as core::ops::index::Index<core::ops::range::RangeFrom<usize>>>::index
3980 2772 396 1188
fi=(283)
627 396 396
fe=(452)
1877 1188 396 792
fi=(319)
19 396 0 396
cfn=(3670) <core::ops::range::RangeFrom<usize> as core::slice::index::SliceIndex<[alloc::vec::Vec<rustgres::storage::Value>]>>::index
calls=396 543 
* 7920 1584 3564 1178 0 0 1 0 0 396 2
fe=(452)
3982 792 396

fn=(3786)
4403 1188 0 396 396 0 0 1
fi=(283)
627 396 396 0 0 128
fi=(358)
417 396 0 396
fe=(452)
4409 792 396 396
fi=(531)
133 792 0 792
fi=(264)
843 396 0 396
cfn=(3788)
calls=396 +5 
* 4356 1188 1980 792 0 0 2 0 0 396 2
fe=(452)
4412 792 396

fn=(2516) <alloc::vec::Vec<char> as core::iter::traits::collect::FromIterator<char>>::from_iter::<core::str::iter::Chars>
4042 26202 4764 14292 2382 0 207 2 0 1
+1 2382 0 2382
cfi=(360)
cfn=(2518)
calls=2382 322 
* 11910 2382 4764 1191 0 0 1
* 7146 2382 2382
cfi=(473)
cfn=(2520)
calls=2382 32 
* 8451205 2231737 2752243 66990 3507 7687 30 0 100 611102 35662 27822 1188
* 2382 2382
+1 4764 2382

fn=(2546) <alloc::vec::Vec<char>>::reserve
1472 15900 0 12720 2382 0 0 1
+1 9540 3180 6360 1203 0 0 1
fi=(283)
350 9540 0 9540
fi=(524)
176 3180 0 3180
0 3180 3180
fi=(283)
632 6360 3180 3180
fi=(352)
49 3180 0 3180
-49 6360 6360 0 1191 0 0 1
fi=(324)
2719 6360 3180
fi=(283)
787 3180
687 3180 0 0 0 0 0 0 0 0 3180 2
fe=(452)
1474 6360 3180
0 9540 9540
fi=(283)
691 9540 3180 3180 0 0 0 0 0 0 0 0 3180 1
cfi=(162)
cfn=(2268)
calls=3180 0 
* 1600817 345623 219575 34818 2458 3019 4 0 73 248386 24174 15114 1187
* 3180
jfi=(452)
jump=3180 1474 
* 
fe=(452)

fn=(2550) <alloc::vec::Vec<alloc::string::String>>::new
464 1191 0 0 1191 0 0 1
+1 4764 0 3573 1191 0 0 1
+1 1191 1191

fn=(2558) <alloc::vec::Vec<char> as core::ops::index::Index<core::ops::range::RangeFrom<usize>>>::index
3980 8337 1191 3573 1191 0 0 1
fi=(283)
627 1191 1191
fe=(452)
1877 3573 1191 2382
fi=(319)
19 1191 0 1191
cfn=(2560) <core::ops::range::RangeFrom<usize> as core::slice::index::SliceIndex<[char]>>::index
calls=1191 543 
* 22629 4764 10719 2382 0 0 2 0 0 1191 34
fe=(452)
3982 2382 1191

fn=(2698) <alloc::vec::Vec<rustgres::sql::Token>>::push
1003 11130 0 11130 1191 0 0 1
+1 5565 0 5565
cfn=(2700) <alloc::vec::Vec<rustgres::sql::Token>>::push_mut
calls=5565 +31 
* 961565 250126 220763 12006 1415 3654 11 2 284 106385 12119 9822 1
+1 11130 11130

fn=(3206)
4403 1200 0 400 398 0 0 1
fi=(283)
627 400 400 0 0 1
fi=(358)
417 400 0 400
fe=(452)
4409 800 400 400
fi=(531)
133 800 0 800
fi=(264)
843 400 0 400
cfn=(3208)
calls=400 +5 
* 128488 40415 26797 1196 641 0 3 0 0 14029 462 4000
fe=(452)
4412 800 400

fn=(3426) <alloc::vec::Vec<rustgres::storage::Value>>::reserve
1472 1980 0 1584 396 0 0 1
+1 1188 396 792
fi=(283)
350 1188 0 1188
fi=(524)
176 396 0 396 396 0 0 1
0 396 396
fi=(283)
632 792 396 396
fi=(352)
49 396 0 396
-49 792 792
fi=(324)
2719 792 396
fi=(283)
787 396
687 396 0 0 0 0 0 0 0 0 396
fe=(452)
1474 792 396

fn=(3492) <alloc::vec::Vec<alloc::vec::Vec<rustgres::storage::Value>>>::push
1003 792 0 792
+1 396 0 396
cfn=(3494) <alloc::vec::Vec<alloc::vec::Vec<rustgres::storage::Value>>>::push_mut
calls=396 +31 
* 15840 6336 6732 1188 0 2 3 0 0 396
+1 792 792

fn=(3706) <alloc::vec::Vec<rustgres::wal::WalRecord>>::push
1003 792 0 792 396 0 0 1
+1 396 0 396
cfn=(3708) <alloc::vec::Vec<rustgres::wal::WalRecord>>::push_mut
calls=396 +31 
* 102333 26166 22189 3824 2360 291 7 0 2 11513 801 2772
+1 792 792

fn=(2682) <alloc::vec::Vec<char> as core::ops::index::Index<core::ops::range::Range<usize>>>::index
3980 19509 0 16722 1191 0 0 1
fi=(283)
627 5574 2787 2787
fe=(452)
1877 22296 2787 19509 1191 0 0 1
fi=(319)
407 5574 0 5574
fi=(324)
1122 5574 0 0 0 0 0 0 0 0 2787
0 8361 8361
1126 11148 0 5574 1191 0 0 1
fi=(319)
407 8361 2787 5574
+1 5574 0 0 0 0 0 0 0 0 2787 6
0 8361 8361 0 5
90 2787
fe=(452)
3982 5574 2787

fn=(3318) <&mut alloc::vec::Vec<alloc::vec::Vec<rustgres::sql::InsertValue>> as core::iter::traits::collect::IntoIterator>::into_iter
4102 396 0 396 396 0 0 1
fi=(283)
627 792 396 396
fe=(452)
1916 1980 396 1584 396 0 0 1
fi=(358)
303 792 0 792
514 396 0 396
0 792 792
417 396 0 396
fi=(513)
971 1188 0 396
0 396 396
fi=(457)
242 396 396
fe=(452)
4104 396 396

fn=(3378) <alloc::vec::Vec<usize>>::reserve
1472 1980 0 1584 396 0 0 1
+1 1188 396 792
fi=(283)
350 1188 0 1188
fi=(524)
176 396 0 396 396 0 0 1
0 396 396
fi=(283)
632 792 396 396
fi=(352)
49 396 0 396
-49 792 792
fi=(324)
2719 792 396
fi=(283)
787 396
687 396 0 0 0 0 0 0 0 0 396
fe=(452)
1474 792 396

fn=(3436) <alloc::vec::Vec<rustgres::sql::InsertValue> as core::ops::deref::Deref>::deref
3898 396 0 396 396 0 0 1
fi=(283)
627 396 396
fe=(452)
1877 396 396
3900 396 396

fn=(3496) <alloc::vec::Vec<alloc::vec::Vec<rustgres::storage::Value>>>::len
3139 2772 0 2772 792 0 0 1
+1 2772 2772 0 0 394
+8 2772 2772

fn=(3500) <alloc::vec::Vec<alloc::vec::Vec<rustgres::storage::Value>> as core::iter::traits::collect::IntoIterator>::into_iter
4069 792 0 792
fi=(283)
631 396 0 396 396 0 0 1
fi=(423)
181 2376 1188 1188
fe=(452)
4073 1188 0 396
fi=(283)
627 792 396 396
fi=(358)
514 396 0 396
-97 396 0 396
0 396 396 0 396 0 0 1
fe=(452)
3140 792 396 396
fi=(513)
971 792
fe=(452)
4079 396 0 396
fi=(283)
632 1188 396 396
fi=(352)
49 396 0 396
-49 1188 1188
fe=(452)
4082 2376 792 1584 396
+2 396 396

fn=(3736) <alloc::vec::Vec<rustgres::storage::Value>>::len
3139 396 0 396
+1 396 396
+8 396 396

fn=(2228) <alloc::vec::Vec<u8> as core::ops::deref::DerefMut>::deref_mut
3907 1193 0 1193 1192 0 0 1
fi=(283)
627 1193 1193
fe=(452)
1916 1193 1193
3909 1193 1193

fn=(2318) <alloc::vec::Vec<u8>>::push_mut
1035 21534 0 14356 1588 0 0 1
fi=(283)
631 3589 0 3589
fe=(452)
1037 10767 3589 7178
0 3589 3589
fi=(283)
632 7178 3589 3589
fi=(352)
49 3589 0 3589 1192 0 0 1
-49 3589 3589
fe=(452)
1040 7178 3589 0 0 0 0 0 0 0 3589 12
* 1990
0 1599 1599
1041 1599 1599 1599 0 0 0 0 0 0 0 0 1599 1
cfi=(253)
cfn=(2320)
calls=1599 188 
* 182291 47170 38215 5980 8 4 8 0 4 20705 1233 4396 4
* 1599
jump=1599 -1 
* 
0 10767 10767
fi=(283)
627 3589 3589
fi=(358)
417 3589 0 3589
fi=(513)
971 10767 0 3589
fe=(452)
+75 3589 0 3589 794
fi=(264)
1966 3589 0 3589
fe=(452)
1047 7178 0 3589
+4 7178 3589
-11 1599 0 0 398 0 0 1

fn=(3036) <alloc::vec::Vec<alloc::vec::Vec<rustgres::storage::Value>>>::new
464 1 0 0 1 0 0 1
+1 4 0 3 1 0 0 1
+1 1 1

fn=(3142) <alloc::vec::Vec<rustgres::wal::WalRecord> as core::ops::deref::Deref>::deref
3898 398 0 398 397
fi=(283)
627 398 398
fe=(452)
1877 398 398
3900 398 398

fn=(3306) <alloc::vec::Vec<rustgres::sql::InsertValue>>::push
1003 1584 0 1584 396 0 0 1
+1 792 0 792
cfn=(3308) <alloc::vec::Vec<rustgres::sql::InsertValue>>::push_mut
calls=792 +31 
* 100188 27720 26928 1980 296 0 5 0 0 7920 794 1980 1
+1 1584 1584

fn=(3314) <alloc::vec::Vec<alloc::vec::Vec<rustgres::sql::InsertValue>>>::push_mut
1035 1584 0 1188 396 0 0 1
fi=(283)
631 396 0 396
fe=(452)
1037 1188 396 792
0 396 396
fi=(283)
632 792 396 396
fi=(352)
49 396 0 396
-49 396 396
fe=(452)
1040 792 396 0 396 0 0 1 0 0 396 2
0 396 396
1041 396 0 396
cfi=(283)
cfn=(3316)
calls=396 188 
* 67488 14683 13081 1188 291 1 3 0 1 7157 801 1980 1
* 396
jump=396 -1 
* 
0 1188 1188
fi=(283)
627 396 396
fi=(358)
417 396 0 396
fi=(513)
971 1188 0 396
fe=(452)
+75 2376 1188 1188 396 0 0 1
fi=(264)
1966 2376 1188 1188 0 0 1 0 0 1
fe=(452)
1047 792 0 396
+4 792 396
-11 396 0 0 396 0 0 1

fn=(3478) <alloc::vec::Vec<(alloc::string::String, rustgres::storage::ColType)> as core::ops::index::Index<usize>>::index
3980 5544 792 2376 396 0 0 1
fi=(283)
627 792 792
fe=(452)
1877 2376 792 1584
fi=(319)
19 792 0 792
cfn=(3480) <usize as core::slice::index::SliceIndex<[(alloc::string::String, rustgres::storage::ColType)]>>::index
calls=792 236 
* 12672 2376 5544 792 0 0 2 0 0 792
fe=(452)
3982 1584 792

fn=(3708)
1035 1584 0 1188
fi=(283)
631 396 0 396
fe=(452)
1037 1188 396 792 396 244 0 1
0 396 396
fi=(283)
632 792 396 396 0 246
fi=(352)
49 396 0 396
-49 396 396
fe=(452)
1040 792 396 0 0 0 0 0 0 0 396 2
0 396 396
1041 396 0 396
cfi=(283)
cfn=(3710)
calls=396 188 
* 67485 14682 13081 2240 1353 1 3 0 1 7157 8 1980
* 396
jump=396 -1 
* 
0 1188 1188 0 396 0 0 1
fi=(283)
627 396 396
fi=(358)
417 396 0 396
fi=(513)
971 1584 0 792
fe=(452)
+75 1188 0 396
cob=(2)
cfi=(214)
cfn=(708)
calls=396 255 
* 8712 2376 1584 0 287 0 0 0 0 1980 395
* 396 396 0 0 230 0 0 0 0 0 0 396
* 396 396
fi=(264)
1966 1188 0 396 396 0 0 1
cob=(2)
cfi=(214)
cfn=(708)
calls=396 255 
* 8712 2376 1584 0 0 290 0 0 1 1980 396
* 396 396 0 0 0 0 0 0 0 0 0 396
* 1188 1188
fe=(452)
1047 792 0 396
+4 792 396
-11 396 0 0 396 0 0 1

fn=(3730) <alloc::vec::Vec<alloc::vec::Vec<rustgres::storage::Value>> as core::ops::deref::Deref>::deref
3898 396 0 396
fi=(283)
627 396 396
fe=(452)
1877 396 396
3900 396 396

fn=(3776)
4403 238194 0 79398 396
fi=(283)
627 79398 79398 0 0 15439
fi=(358)
417 79398 0 79398
fe=(452)
4409 158796 79398 79398 0 7689
fi=(531)
133 158796 0 158796 397 0 0 1
fi=(264)
843 79398 0 79398
cfn=(3778)
calls=79398 +5 
* 18472116 5076967 3097423 1194 141980 0 2 0 0 2452034 4263 396990
fe=(452)
4412 158796 79398

fn=(3272) <alloc::vec::Vec<(alloc::string::String, rustgres::storage::Database)>>::new
464 396 0 0 396
+1 1584 0 1188 396
+1 396 396

fn=(2974) <alloc::vec::Vec<(alloc::string::String, rustgres::storage::ColType)>>::push_mut
1035 8 0 6 1 0 0 1
fi=(283)
631 2 0 2
fe=(452)
1037 6 2 4
0 2 2
fi=(283)
632 4 2 2
fi=(352)
49 2 0 2
-49 2 2
fe=(452)
1040 4 2 0 0 0 0 0 0 0 2 1
* 1
0 1 1 0 1 0 0 1
1041 1 0 1
cfi=(283)
cfn=(2976)
calls=1 188 
* 170 37 33 3 0 0 3 0 0 18 1 5 1
* 1
jump=1 -1 
* 
0 6 6
fi=(283)
627 2 2
fi=(358)
417 2 0 2
fi=(513)
971 8 0 2
fe=(452)
+75 16 8 8 1 0 0 1
fi=(264)
1966 16 8 8
fe=(452)
1047 4 0 2
+4 4 2
-11 1 0 0 1 0 0 1

fn=(2978) <alloc::vec::Vec<(alloc::string::String, rustgres::storage::ColType)> as core::ops::deref::Deref>::deref
3898 2 0 2 1
fi=(283)
627 2 2
fe=(452)
1877 2 2
3900 2 2

fn=(2252) <alloc::vec::Vec<u8>>::extend_from_slice
3647 41853 0 35874 2039 0 601 2
fi=(457)
95 5979 0 5979
fi=(358)
294 11958 0 11958
514 5979 0 5979
0 11958 11958
417 5979 0 5979
fi=(513)
971 5979
fi=(457)
100 5979 0 5979
0 11958 11958
102 5979 5979
fe=(452)
3648 5979 0 5979 1192 0 266 1
cfi=(454)
cfn=(2254)
calls=5979 55 
* 3535312 767279 838258 36069 4521 3831 35 5 60 328237 23616 35043 9
+1 11958 5979

fn=(2554) <alloc::vec::Vec<char> as core::ops::index::Index<usize>>::index
3980 342587 48941 146823 3585 0 0 2
fi=(283)
627 48941 48941
fe=(452)
1877 146823 48941 97882
fi=(319)
19 48941 0 48941
cfn=(2556) <usize as core::slice::index::SliceIndex<[char]>>::index
calls=48941 236 
* 783056 146823 342587 2382 0 0 2 0 0 48941 534
fe=(452)
3982 97882 48941

fn=(2620) <alloc::vec::Vec<alloc::string::String>>::push_mut
1035 4764 0 3573 1191 0 0 1
fi=(283)
631 1191 0 1191
fe=(452)
1037 3573 1191 2382
0 1191 1191
fi=(283)
632 2382 1191 1191
fi=(352)
49 1191 0 1191
-49 1191 1191
fe=(452)
1040 2382 1191 0 1191 0 0 1 0 0 1191 2
0 1191 1191
1041 2382 1191 1191 0 0 0 0 0 0 0 0 1191 1
cfi=(253)
cfn=(2622)
calls=1191 188 
* 147852 35761 27406 5958 2 1 2 0 1 15512 8 3573 2
* 1191
jump=1191 -1 
* 
0 3573 3573
fi=(283)
627 1191 1191
fi=(358)
417 1191 0 1191
fi=(513)
971 3573 0 1191
fe=(452)
+75 7146 3573 3573 1191 0 0 1
fi=(264)
1966 7146 3573 3573 0 0 1 0 0 1
fe=(452)
1047 2382 0 1191
+4 2382 1191
-11 1191 0 0 1191 0 0 1

fn=(2712) <alloc::vec::Vec<rustgres::sql::Token> as core::ops::deref::Deref>::deref
3898 7546 0 7546 1191 0 0 1
fi=(283)
627 7546 7546
fe=(452)
1877 7546 7546
3900 7546 7546

fn=(2770)
4403 3573 0 1191 1191 0 0 1
fi=(283)
627 1191 1191
fi=(358)
417 1191 0 1191
fe=(452)
4409 2382 1191 1191
fi=(531)
133 2382 0 2382 1191 0 0 1
fi=(264)
843 1191 0 1191
cfn=(2772)
calls=1191 +5 
* 616456 184450 119424 2870 18 0 2 0 0 71877 6804 15915
fe=(452)
4412 2382 1191

fn=(3118) <alloc::vec::Vec<(alloc::string::String, rustgres::storage::ColType)> as core::clone::Clone>::clone
3923 2786 398 1592 398 0 0 1
fi=(283)
637 398
fe=(452)
3924 398 0 398
cfi=(357)
cfn=(1640)
calls=398 56 
* 796 398 398 1
* 796 796
fi=(283)
627 398 398
fe=(452)
1877 1194 398 796 398 0 0 1
fi=(467)
400 398 0 398
cfn=(3022) <(alloc::string::String, rustgres::storage::ColType) as <[_]>::to_vec_in::ConvertVec>::to_vec::<alloc::alloc::Global>
calls=398 +10 
* 356090 103141 111461 17878 1222 154 0 0 1 26322 1166 6368 796
* 398 398
fe=(452)
3926 796 398

fn=(3360) <alloc::vec::Vec<usize> as core::iter::traits::collect::FromIterator<usize>>::from_iter::<core::ops::range::Range<usize>>
4042 4356 792 2376 792 0 0 2
+1 396 0 396
cfi=(360)
cfn=(3362)
calls=396 322 
* 1980 396 792 396
* 1188 396 396
cfi=(473)
cfn=(3364)
calls=396 32 
* 243144 69300 95040 17039 0 0 28 0 0 11880 333 1584
* 396 396
+1 792 396

fn=(3376)
4168 1980 0 1584 396
+1 1584 0 792 396 0 0 1
cfi=(501)
cfn=(3368)
calls=396 1189 
* 15840 5148 6732 0 0 0 0 0 0 792 4
* 2376 1188 1188
+1 792 396 0 0 0 0 0 0 0 396
0 396 396
4170 792 396 396 396 0 0 1
+7 396 0 396
cfn=(3378)
calls=396 1472 
* 9504 2772 4752 792 0 0 2 0 0 396
* 396
0 396 396 0 396 0 0 1
fi=(283)
627 396 396
fi=(358)
417 396 0 396
fe=(452)
4179 1188 0 396
fi=(506)
14 1188 396 792
fe=(452)
4182 3168 792 1980 396 0 0 1
cfi=(258)
cfn=(3380) <core::ops::range::Range<usize> as core::iter::traits::iterator::Iterator>::for_each::<<alloc::vec::Vec<usize>>::extend_trusted<core::ops::range::Range<usize>>::{closure#0}>
calls=396 877 
* 100980 31284 43164 5561 0 0 11 0 0 3168 28
+16 792 396

fn=(3416) <alloc::vec::Vec<usize>>::len
3139 396 0 396 396
+1 396 396
+8 396 396

fn=(3418) alloc::vec::from_elem::<rustgres::storage::Value>
3819 1584 0 792 792 0 0 1
+1 396 0 396
cfi=(453)
cfn=(3420) <rustgres::storage::Value as alloc::vec::spec_from_elem::SpecFromElem>::from_elem::<alloc::alloc::Global>
calls=396 13 
* 276447 61509 63996 13343 179 12 28 0 5 37437 4281 1980 396
0 396 396
3821 792 396

fn=(3424) <alloc::vec::Vec<rustgres::storage::Value>>::extend_with
3759 2376 0 1980 396 0 0 1
fi=(501)
263 396 0 396
fi=(324)
1031 396 0 396
fi=(513)
-94 396 0 396 396 0 0 1
fi=(506)
18 792 0 792
fe=(452)
3760 792 0 792
cfn=(3426)
calls=396 1472 
* 9504 2772 4752 792 0 0 2 0 0 396
* 396
0 792 792 0 396 0 0 1
fi=(283)
627 396 396
fi=(358)
417 396 0 396
fe=(452)
3140 792 396 396
fi=(513)
971 1188 0 396 396 0 0 1
fe=(452)
3768 1188 0 396
fi=(506)
14 1188 396 792
fe=(452)
3771 792 0 792
fi=(482)
2224 792 792
fi=(501)
1100 396 0 0 0 0 0 0 0 0 396 2
jcnd=396/396 +1 
* 
fi=(482)
2224 792 792
fi=(501)
1100 396 0 0 0 0 0 0 0 0 396
0 396 396
fe=(452)
3778 792 0 0 0 0 0 0 0 0 396 2
fi=(501)
1101 1188 396 792 396 0 0 1
fi=(279)
77 396
fe=(452)
-77 396 396
3780 1980 792 1188 396 0 0 1
fi=(264)
1966 1980 1188 792
fi=(506)
19 1584 396 396
fe=(452)
3785 396 0 396
cfi=(264)
cfn=(3400)
calls=396 848 
* 3960 1980 1980
* 396
jump=396 +1 
* 
+1 1188 396
jump=396 * 
* 
0 396 396 0 396 0 0 1
fi=(279)
78 1188 0 396
cfn=(2614)
calls=396 -10 
* 4356 396 1188 0 0 0 0 0 0 396
-78 792 792
fi=(324)
1043 396 0 0 396 0 0 1
fi=(501)
+60 396 0 396
fe=(452)
3772 1980 396 1188
cfi=(307)
cfn=(3432) <rustgres::storage::Value as core::clone::Clone>::clone
calls=396 40 
* 9504 2376 2376 1584 0 0 4 0 0 0 0 396 396
* 396
0 396 396 0 396 0 0 1
fi=(264)
1966 2376 1188 1188
fi=(513)
971 792 396
fe=(452)
3773 396 0 396
fi=(506)
19 1188 396 396
fe=(452)
3771 396
jfi=(482)
jump=396 2224 
* 

fn=(3684) <alloc::vec::Vec<rustgres::storage::Value> as core::clone::Clone>::clone
3923 553014 79002 316008 792 0 0 1
fi=(283)
637 79002 0 0 792 0 0 1
fe=(452)
3924 79002 0 79002
cfi=(357)
cfn=(1640)
calls=79002 56 
* 158004 79002 79002 396
* 158004 158004
fi=(283)
627 79002 79002 0 0 17701
fe=(452)
1877 237006 79002 158004 0 8848
fi=(467)
400 79002 0 79002
cfn=(3686) <rustgres::storage::Value as <[_]>::to_vec_in::ConvertVec>::to_vec::<alloc::alloc::Global>
calls=79002 +10 
* 82193375 21870543 22329231 41053 142942 36039 35 0 19 7894508 145684 869022 158005
* 79002 79002
fe=(452)
3926 158004 79002 0 0 1

fn=(2230) <alloc::vec::Vec<u8> as core::ops::deref::Deref>::deref
3898 4778 0 4778 1191 0 0 1
fi=(283)
627 4778 4778
fe=(452)
1877 4778 4778
3900 4778 4778

fn=(2552) <alloc::vec::Vec<char>>::len
3139 47732 0 47732
+1 47732 47732
+8 47732 47732

fn=(2966) <alloc::vec::Vec<(alloc::string::String, rustgres::storage::ColType)>>::new
464 1 0 0 1 0 0 1
+1 4 0 3
+1 1 1

fn=(3308)
1035 3168 0 2376
fi=(283)
631 792 0 792
fe=(452)
1037 2376 792 1584 396 0 0 1
0 792 792
fi=(283)
632 1584 792 792
fi=(352)
49 792 0 792
-49 792 792
fe=(452)
1040 1584 792 0 0 0 0 0 0 0 792 396
* 396
0 396 396
1041 396 0 396
cfi=(283)
cfn=(3310)
calls=396 188 
* 67320 14652 13068 792 296 0 2 0 0 7128 398 1980 1
* 396
jump=396 -1 
* 
0 2376 2376 0 396 0 0 1
fi=(283)
627 792 792
fi=(358)
417 792 0 792
fi=(513)
971 2376 0 792
fe=(452)
+75 4752 2376 2376
fi=(264)
1966 4752 2376 2376
fe=(452)
1047 1584 0 792
+4 1584 792
-11 396 0 0 396 0 0 1

fn=(3394) <alloc::vec::Vec<usize>>::extend_trusted::<core::ops::range::Range<usize>>::{closure#0}
4182 1584 0 1584 396 0 0 1
+1 792 792
fi=(506)
24 792 792
fi=(264)
1966 792 0 792
fi=(506)
19 2376 792 792
fe=(452)
4188 792 792

fn=(3566)
4403 396 0 396
fi=(283)
627 396 396
fi=(358)
417 396 0 396
fe=(452)
4409 792 396 396 396 0 0 1
fi=(531)
133 792 0 792
fe=(452)
4412 396 396

fn=(3576)
4403 1188 0 396 396 0 0 1
fi=(283)
627 396 396
fi=(358)
417 396 0 396 396 0 0 1
fe=(452)
4409 792 396 396
fi=(531)
133 792 0 792
fi=(264)
843 396 0 396
cfn=(3578)
calls=396 +5 
* 168348 47415 33285 5890 111 0 10 0 0 19731 1818 3168 396
fe=(452)
4412 792 396

fn=(3582)
4403 1188 0 396 396 0 0 1
fi=(283)
627 396 396
fi=(358)
417 396 0 396
fe=(452)
4409 792 396 396
fi=(531)
133 792 0 792
fi=(264)
843 396 0 396
cfn=(3584)
calls=396 +5 
* 101424 27615 17841 3118 0 0 5 0 0 12603 1814 1980
fe=(452)
4412 792 396

fn=(3770)
4403 2382 0 794 398
fi=(283)
627 794 794 0 0 156
fi=(358)
417 794 0 794 398 0 0 1
fe=(452)
4409 1588 794 794
fi=(531)
133 1588 0 1588
fi=(264)
843 794 0 794
cfn=(3772)
calls=794 +5 
* 33325836 9194503 5724213 4369 186976 1 7 0 0 4569309 6716 635184 398
fe=(452)
4412 1588 794 0 0 162

fn=(2264)
2994 59790 5979 41853 1192 0 0 1
fi=(531)
101 5979 0 5979
fe=(452)
2995 5979 5979 5979 0 385 0 0 0 0 0 0 5979 1
cfi=(162)
cfn=(2266)
calls=5979 0 
* 1319517 295335 186944 21371 4129 1187 11 0 59 192315 18198 23085 8
* 11958 11958 0 1192 0 0 1
3140 17937 5979 11958
3018 11958 0 0 0 0 0 0 0 0 5979 5
0 11958 11958
3024 11958 5979 5979
-24 11958 5979
0 17937 17937
3021 5979 0 5979 1192 0 0 1
fi=(283)
627 5979 5979
fi=(358)
417 5979 0 5979
fi=(513)
971 17937 0 11958
0 17937 17937
fi=(279)
78 23916 0 5979
cfn=(2274)
calls=5979 -10 
* 1089752 197307 269055 14 0 447 10 0 0 71748 1662
-78 17937 17937 0 1154 0 0 1
fi=(264)
574 11958 0 5979
cob=(2)
cfi=(214)
cfn=(708)
calls=5979 255 
* 85697 17540 11561 3 6 0 0 5 0 22321 2925
* 5979 5979 0 0 1 0 0 0 0 0 0 5979
fe=(452)
3018 5979

fn=(2292) <alloc::vec::Vec<u8>>::len
3139 3188 0 3188
+1 3188 3188
+8 3188 3188

fn=(2316) <alloc::vec::Vec<u8>>::push
1003 14356 0 7178 1192 0 0 1
+1 7178 0 3589
cfn=(2318)
calls=3589 +31 
* 301936 86258 90060 9952 8 4 11 0 4 24294 1245 5995 5
+1 7178 3589

fn=(2542)
4140 11910 0 9528 2382 0 0 2
fi=(283)
631 2382 0 2382
fi=(324)
2525 2382 0 2382
fi=(283)
631 2382 0 2382
fe=(452)
4148 4764 0 2382
cfi=(469)
cfn=(2524)
calls=2382 39 
* 211998 57168 80988 0 0 1546 0 0 7 11910 2
* 71620 0 35810
cfi=(469)
cfn=(2524)
calls=35810 39 
* 3101338 838002 1186574 0 617 0 0 0 0 174286 2790
* 267344 38192 38192 1191 0 0 1 0 0 38192 621
jcnd=2382/38192 +15 
* 
0 35810 35810
4148 107430 35810 71620
3140 107430 35810 71620
fi=(283)
632 35810
fe=(452)
4163 4764 2382
0 35810 35810
fi=(283)
632 71620 35810 35810 1191 0 0 1
fi=(352)
49 35810 0 35810
-49 35810 35810
fe=(452)
4150 71620 35810 0 0 0 0 0 0 0 35810 3180
jcnd=3180/35810 +1 
* 
* 32630
+1 9540 0 3180
cfi=(469)
cfn=(2530)
calls=3180 100 
* 168540 38160 85860 0 0 0 0 0 0 6360 2777
* 3180
0 107430 107430
fi=(283)
627 35810 35810 0 1191 0 0 1
fi=(358)
417 35810 0 35810
fi=(513)
971 179050 0 35810
fe=(452)
4156 35810 0 35810
fi=(264)
1966 35810 0 35810 0 0 114 0 0 6
fe=(452)
4160 107430 0 71620
2230 35810
jfi=(283)
jump=35810 632 
* 
0 3180 3180
4151 6360 3180 3180
fi=(324)
2526 9540
fe=(452)
4152 3180 0 3180
cfn=(2546)
calls=3180 1472 
* 1699397 380603 260915 39594 2458 3019 7 0 73 251566 24176 18294 1188
-2 3180
fi=(283)
632 35810 0 0 1191 0 0 1
0 35810 35810
632 71620 35810 35810
fi=(352)
49 35810 0 35810
-49 35810 35810
fe=(452)
2230 107430 35810 35810 1191 0 0 1
cfi=(279)
cfn=(2302)
calls=35810 68 
* 286480 35810 107430 0 0 0 0 0 0 35810 5
0 71620 71620
2236 35810 0 35810
4148 35810
jump=35810 * 
* 

fn=(2618) <alloc::vec::Vec<alloc::string::String>>::push
1003 2382 0 2382 1191 0 0 1
+1 1191 0 1191
cfn=(2620)
calls=1191 +31 
* 200256 57199 48844 10722 2 2 6 0 2 16703 10 4764 3
+1 2382 2382

fn=(2738) <alloc::vec::Vec<rustgres::sql::Token>>::len
3139 4768 0 4768 1191 0 0 1
+1 4768 4768
+8 4768 4768

fn=(3312) <alloc::vec::Vec<alloc::vec::Vec<rustgres::sql::InsertValue>>>::push
1003 792 0 792 396 0 0 1
+1 396 0 396
cfn=(3314)
calls=396 +31 
* 84516 21415 20209 2772 291 2 7 0 2 7553 803 1980 1
+1 792 792

fn=(3324) <&mut alloc::vec::Vec<rustgres::sql::InsertValue> as core::iter::traits::collect::IntoIterator>::into_iter
4102 396 0 396 396 0 0 1
fi=(283)
627 792 396 396
fe=(452)
1916 1980 396 1584 396 0 0 1
fi=(358)
303 792 0 792
514 396 0 396
0 792 792
417 396 0 396
fi=(513)
971 1188 0 396
0 396 396
fi=(457)
242 396 396
fe=(452)
4104 396 396

fn=(3498) <alloc::vec::Vec<alloc::vec::Vec<rustgres::storage::Value>> as core::iter::traits::collect::Extend<alloc::vec::Vec<rustgres::storage::Value>>>::extend::<alloc::vec::Vec<alloc::vec::Vec<rustgres::storage::Value>>>
4111 1188 0 792 396 0 0 1
+1 792 0 396 396 0 0 1
cfn=(3500)
calls=396 -43 
* 14256 5148 7128 1188 0 0 2
0 396 396
4112 792 0 396
cfi=(454)
cfn=(3504)
calls=396 32 
* 829378 381258 369845 30889 10383 16061 30 1 2469 303170 8195 3802 398
+1 792 396

fn=(3656) <alloc::vec::Vec<alloc::vec::Vec<rustgres::storage::Value>> as core::ops::index::Index<core::ops::range::RangeTo<usize>>>::index
3980 1980 0 1584 396 0 0 1
fi=(283)
627 792 396 396
fe=(452)
1877 4356 396 3960 396 0 0 1
fi=(319)
407 792 0 792
fi=(324)
1126 792 0 792 396 0 0 1
fi=(319)
407 1188 396 792
+1 792 0 0 0 0 0 0 0 0 396 1
0 792 792
fe=(452)
3982 792 396 0 396 0 0 1

fn=(3660) <alloc::vec::Vec<alloc::vec::Vec<rustgres::storage::Value>> as core::ops::index::Index<core::ops::range::RangeFull>>::index
3980 1584 0 396 396 0 0 1
fi=(283)
627 396 396
fe=(452)
1877 1188 396 792
fi=(319)
19 396 0 396
cfn=(3662) <core::ops::range::RangeFull as core::slice::index::SliceIndex<[alloc::vec::Vec<rustgres::storage::Value>]>>::index
calls=396 635 
* 2376 396 792 396
fe=(452)
3982 792 396

fn=(2972) <alloc::vec::Vec<(alloc::string::String, rustgres::storage::ColType)>>::push
1003 4 0 4 1 0 0 1
+1 2 0 2
cfn=(2974)
calls=2 +31 
* 263 74 72 7 0 0 7 0 0 20 2 5 1
+1 4 4

fn=(2246) <alloc::vec::Vec<u8>>::new
464 3188 0 0 796 0 0 1
+1 12752 0 9564
+1 3188 3188

fn=(2908)
4403 1197 0 399 399 0 0 1
fi=(283)
627 399 399 0 0 140
fi=(358)
417 399 0 399
fe=(452)
4409 798 399 399
fi=(531)
133 798 0 798 3 0 0 1
fi=(264)
843 399 0 399
cfn=(2910)
calls=399 +5 
* 315770 88123 58004 2406 1149 0 18 0 0 41570 1234 6359 2
fe=(452)
4412 798 399

fn=(3356) <alloc::vec::Vec<(alloc::string::String, rustgres::storage::ColType)>>::len
3139 792 0 792 396 0 0 1
+1 792 792
+8 792 792

fn=(3404) <alloc::vec::Vec<alloc::vec::Vec<rustgres::storage::Value>>>::with_capacity
524 2772 396 1584
fi=(283)
179 1188 0 396 396
cfn=(1950)
calls=396 444 
* 62568 14256 15444 0 0 0 0 0 0 5940 161 1584
* 1188 792
fe=(452)
977 1188 0 1188
526 792 396

fn=(3414) <alloc::vec::Vec<rustgres::sql::InsertValue>>::len
3139 396 0 396 396 0 0 1
+1 396 396
+8 396 396

fn=(3494)
1035 1584 0 1188 396 0 0 1
fi=(283)
631 396 0 396
fe=(452)
1037 1188 396 792
0 396 396
fi=(283)
632 792 396 396
fi=(352)
49 396 0 396
-49 396 396
fe=(452)
1040 1188 396 0 396 0 0 1 0 0 396
0 1188 1188
fi=(283)
627 396 396
fi=(358)
417 396 0 396
fi=(513)
971 1188 0 396
fe=(452)
+75 2376 1188 1188 396 0 0 1
fi=(264)
1966 2376 1188 1188 0 0 2
fe=(452)
1047 792 0 396
+4 792 396

fn=(2628)
4403 2382 0 2382 1306 0 0 1
fi=(283)
627 2382 2382
fi=(358)
417 2382 0 2382
fe=(452)
4409 4764 2382 2382
fi=(531)
133 4764 0 4764
fe=(452)
4412 2382 2382

fn=(2670) <alloc::vec::Vec<rustgres::sql::Token>>::new
464 1191 0 0 1191 0 0 1
+1 4764 0 3573
+1 1191 1191

fn=(2700)
1035 22260 0 16695
fi=(283)
631 5565 0 5565
fe=(452)
1037 16695 5565 11130 1191 0 0 1
0 5565 5565
fi=(283)
632 11130 5565 5565
fi=(352)
49 5565 0 5565
-49 5565 5565
fe=(452)
1040 11130 5565 0 0 0 0 0 0 0 5565 1992
* 3579
0 1986 1986
1041 1986 0 1986
cfi=(283)
cfn=(2702)
calls=1986 188 
* 705182 147970 113042 7242 1415 2340 7 2 210 100820 10127 9822 1
* 1986
jump=1986 -1 
* 
0 16695 16695 0 1191 0 0 1
fi=(283)
627 5565 5565
fi=(358)
417 5565 0 5565
fi=(513)
971 22260 0 5565
fe=(452)
+75 44520 22260 22260 1191 0 0 1
fi=(264)
1966 44520 22260 22260 0 0 1314 0 0 74
fe=(452)
1047 11130 0 5565
+4 11130 5565
-11 1986 0 0 1191 0 0 1

fn=(2904) <alloc::vec::Vec<rustgres::wal::WalRecord>>::is_empty
3164 399 0 399 398
-24 399 399
+25 798
+1 798 399

fn=(3282) <alloc::vec::Vec<alloc::vec::Vec<rustgres::sql::InsertValue>>>::new
464 396 0 0 396 0 0 1
+1 1584 0 1188
+1 396 396

fn=(3442) <alloc::vec::Vec<usize> as core::ops::deref::Deref>::deref
3898 396 0 396 396 0 0 1
fi=(283)
627 396 396
fe=(452)
1877 396 396
3900 396 396

fn=(3518)
2994 3960 396 2772 792 0 0 2
fi=(531)
101 396 0 396
fe=(452)
2995 396 0 396
cfn=(3520)
calls=396 1472 
* 603252 325026 305693 17430 10383 15991 13 1 2432 287726 6988 2218 1
* 792 792
3140 1188 396 792
3018 792 0 0 0 0 0 0 0 0 396 5
0 792 792
3024 792 396 396
-24 792 396
0 1188 1188 0 396 0 0 1
3021 396 0 396
fi=(283)
627 396 396
fi=(358)
417 396 0 396
fi=(513)
971 1584 0 792
0 1188 1188 0 396 0 0 1
fi=(279)
78 1584 0 396
cfn=(2274)
calls=396 -10 
* 72082 13068 17820 2068 0 0 0 0 0 4752 393
-78 1188 1188
fi=(264)
574 792 0 396
cob=(2)
cfi=(214)
cfn=(708)
calls=396 255 
* 4356 1188 792 0 0 70 0 0 37 792 402
* 396 396 0 0 0 0 0 0 0 0 0 396
fe=(452)
3018 396

fn=(3738) <&alloc::vec::Vec<rustgres::storage::Value> as core::iter::traits::collect::IntoIterator>::into_iter
4092 396 0 396 396 0 0 1
fi=(283)
627 792 396 396
fe=(452)
1877 1980 396 1584
fi=(358)
294 792 0 792
514 396 0 396
0 792 792
417 396 0 396 396 0 0 1
fi=(513)
971 792
fi=(457)
100 396 0 396
0 396 396
102 396 396
fe=(452)
4094 396 396

fl=(462)
fn=(2340) <std::sys::pal::unix::time::Timespec>::sub_timespec
112 6 0 2 1 0 0 1
fi=(236)
2348 2 2
fe=(462)
25 5 2
fi=(236)
554 1
fe=(462)
25 1
fi=(236)
554 1
fe=(462)
25 1 0 0 1 0 0 1
+94 2 0 0 0 0 0 0 0 0 1
+1 7
0 1
fi=(547) /rustc/4aa1fbcf467cf38ce58abfa8eb9213a789c5381c/library/core/src/time.rs
195 2 0 0 0 0 0 0 0 0 1 1
jfi=(462)
jcnd=1/1 -59 
* 
fe=(462)
-59 3 0 3 1 0 0 1
+7 4 3

fn=(2332)
75 5 0 2 1 0 0 1
+32 1 1 1 0 0 0 0 0 0 0 0 1 1
cob=(2)
cfi=(463) ./time/../sysdeps/unix/sysv/linux/clock_gettime.c
cfn=(2334) clock_gettime@@GLIBC_2.17
calls=1 -77 
* 11 3 0 2 1 0 2 0 0 2 1
fi=(176)
230 1
+10 1 0 0 0 0 0 0 0 0 1
fe=(462)
108 1 1
-41 1
fi=(245)
1230 1 0 0 0 0 0 0 0 0 1
fe=(462)
108 1 1
+2 4 3

fl=(383)
fn=(1778)
151 4 4 0 2 0 0 1 0 0 0 0 2 2
cob=(2)
cfi=(399) ./nptl/./nptl/pthread_detach.c
cfn=(1780) pthread_detach@@GLIBC_2.34
calls=2 25 
* 26 6 2 2 0 0 1 0 0 8

fn=(1716) <std::sys::thread::unix::Thread>::new
53 18 0 8 4 0 0 2
+6 2 2 2 0 0 0 0 0 0 0 0 2 1
cob=(2)
cfi=(191) ./nptl/./nptl/pthread_attr_init.c
cfn=(612) pthread_attr_init@@GLIBC_2.2.5
calls=2 -27 
* 48 12 16 3 0 0 0 0 0 2
* 6 0 2 0 0 0 0 0 0 2
fi=(177)
4320 4 2
fi=(384) /rustc/4aa1fbcf467cf38ce58abfa8eb9213a789c5381c/library/std/src/sys/pal/unix/weak/dlsym.rs
71 8 0 0 0 0 0 0 0 0 4 1
jcnd=1/2 +19 
* 
-71 2
fe=(383)
1075 2 0 2 0 0 0 0 0 0 0 0 2 1
cob=(2)
cfi=(389) ./nptl/./nptl/nptl-stack.c
cfn=(1734) __pthread_get_minstack
calls=2 143 
* 26 10 0 2 0 0 2
* 2
fi=(236)
2325 6 0 0 2 0 0 1
fe=(383)
80 4 2 2 0 0 0 0 0 0 0 0 2 1
cob=(2)
cfi=(390) ./nptl/./nptl/pthread_attr_setstacksize.c
cfn=(1736) pthread_attr_setstacksize@@GLIBC_2.34
calls=2 -50 
* 14 2 2 2 0 0 1 0 0 2 2
* 4 0 0 0 0 0 0 0 0 2 2
jfi=(174)
jcnd=2/2 1270 
* 
fi=(174)
1270 2 0 2 2 0 0 1
fe=(383)
107 10 2 2 2 0 0 1 0 0 0 0 2 1
cob=(2)
cfi=(391) ./nptl/./nptl/pthread_create.c
cfn=(1740) pthread_create@@GLIBC_2.34
calls=2 626 
* 2384 547 447 169 6 44 61 3 40 347 89 10 4
+1 4 0 0 0 0 0 0 0 0 2 2
jcnd=2/2 +1 
* 
+1 4 2 0 2 0 0 1
0 2
61 2 2 2 0 0 0 0 0 0 0 0 2 1
cob=(2)
cfi=(232) ./nptl/./nptl/pthread_attr_destroy.c
cfn=(782) pthread_attr_destroy
calls=2 -35 
* 12 4 0 3 0 0 0 0 0 2 2
* 6 0 2 0 0 0 0 0 0 2
+70 16 10
fi=(384)
-41 3 1 1 1 0 0 1 0 0 0 0 1 1
cob=(2)
cfi=(385)
cfn=(1722) dlsym@@GLIBC_2.34
calls=1 -26 
* 1043 299 149 60 17 1 19 4 0 145 32 5 4
fi=(177)
4304 1 0 1
fe=(383)
1073 2 0 0 0 0 0 0 0 0 1 1

fn=(1826) <std::sys::thread::unix::Thread>::new::thread_start
117 14 0 10 2 0 0 1
fi=(178)
454 2 2
fi=(177)
4354 2 2 2 0 0 0 0 0 0 2
fi=(375)
2552 2 0 0 0 0 0 0 0 0 2
0 4 0 2
fi=(172)
122 8 4 0 2 0 0 1 0 0 2
0 2
34 4 2
fi=(337)
558 2 2
fi=(371)
204 2 2
fi=(172)
-78 4 0 0 0 0 0 0 0 0 2 2
jfi=(174)
jcnd=2/2 976 
* 
fi=(414) /rustc/4aa1fbcf467cf38ce58abfa8eb9213a789c5381c/library/std/src/sys/thread_local/key/unix.rs
-85 2 1 1 0 0 0 0 0 0 0 0 1 1
cob=(2)
cfi=(416) ./nptl/./nptl/pthread_setspecific.c
cfn=(1844) pthread_setspecific@@GLIBC_2.34
calls=1 -16 
* 37 8 8 3 0 0 0 0 0 3
+2 2 0 0 0 0 0 0 0 0 1
fi=(172)
-43 2
fi=(174)
976 2 0 2
fi=(417) /rustc/4aa1fbcf467cf38ce58abfa8eb9213a789c5381c/library/std/src/thread/lifecycle.rs
138 2 2
fi=(371)
308 6 2 0 0 0 0 0 0 0 2 2
jfi=(177)
jcnd=2/2 4319 
* 
fi=(174)
976 2 0 2 2 0 0 1
fi=(177)
4320 2 2 0 2 0 0 1
fi=(412) /rustc/4aa1fbcf467cf38ce58abfa8eb9213a789c5381c/library/std/src/sys/thread_local/key/racy.rs
39 4 0 0 0 0 0 0 0 0 2 1
jfi=(414)
jcnd=1/2 +2 
* 
+1 1 0 1
cfn=(1836) <std::sys::thread_local::key::racy::LazyKey>::lazy_init
calls=1 +6 
* 96 17 15 6 1 0 6 1 0 18 4 3 3
-40 1
fi=(414)
41 2 1 1 0 0 0 0 0 0 0 0 1 1
cob=(2)
cfi=(416)
cfn=(1844)
calls=1 -16 
* 37 8 8 3 0 0 3 0 0 3
+2 2 0 0 0 0 0 0 0 0 1
fi=(177)
4319 2 2
fi=(263)
2444 4 0 0 0 0 0 0 0 0 2
fi=(236)
2185 2 2
fi=(371)
310 2 0 0 0 0 0 0 0 0 2 2
jfi=(417)
jcnd=2/2 142 
* 
fi=(417)
142 4 4 0 4 0 0 2
fi=(177)
4374 2 2 2 0 0 0 0 0 0 2 1
fi=(375)
2989 2 0 0 0 0 0 0 0 0 2 1
jfi=(242)
jcnd=2/2 178 
* 
fi=(242)
178 8 2 2 0 0 0 0 0 0 0 0 2 1
cfi=(162)
cfn=(900)
calls=2 0 
* 1814 203 434 57 1 46 38 1 46 426 63 2
fi=(189) /rustc/4aa1fbcf467cf38ce58abfa8eb9213a789c5381c/library/std/src/sys/pal/unix/stack_overflow.rs
13 4 0 2
cfn=(784) std::sys::pal::unix::stack_overflow::imp::make_handler
calls=2 252 
* 3279 763 481 111 1 9 11 1 9 512 79 42 13
fe=(383)
125 2 0 2
fi=(246)
2366 4 2 2 0 1 0 0 0 0 0 0 2 1
cfi=(250)
cfn=(1894)
calls=2 250 
* 231945239 61210071 62611401 1477262 985604 139993 2198 37 3382 21583139 432951 2166084 343918
fi=(174)
468 2 2 0 2 1
fi=(246)
2040 4 0 0 2 0 0 1 0 0 2 1
fi=(174)
642 2 2
fi=(242)
178 4 2 2 0 0 0 0 0 0 0 0 2 1
cfi=(162)
cfn=(900)
calls=2 0 
* 202 57 27 0 1 1 0 0 0 33 4 2
0 2
fi=(233)
848 2 2 2 0 1 0 0 0 0 0 0 2 2
cfi=(189)
cfn=(2120) <std::sys::pal::unix::stack_overflow::Handler as core::ops::drop::Drop>::drop
calls=2 22 
* 784 184 114 45 17 2 19 0 0 158 37 12 9
fe=(383)
130 16 12 0 0 1

fl=(482)
fn=(2752) <&alloc::string::String as core::cmp::PartialEq<&str>>::eq
2461 3192 0 1596 399 0 0 1
+1 3192 2394 798
cfi=(276) /home/hatch/.rustup/toolchains/nightly-x86_64-unknown-linux-gnu/lib/rustlib/src/rust/library/alloc/src/string.rs
cfn=(2754) <alloc::string::String as core::cmp::PartialEq<str>>::eq
calls=798 2740 
* 42424 9209 13563 1377 647 0 5 2 0 4642 267 797 1
+1 2394 798 0 399 0 0 1

fn=(3650)
278 2376 0 1584 396 0 0 1
+1 792 0 792
cfi=(276)
cfn=(3012) <alloc::string::String as core::cmp::PartialEq>::eq
calls=792 +71 
* 48303 11966 15840 79 1188 0 0 0 0 3650 117 792
* 792
+1 2376 792

fn=(3804) <&i64 as core::cmp::PartialEq>::eq
2461 234630 0 156420 395 0 0 1
+1 234630 156420 78210 395 0 0 1
cfn=(3806) <i64 as core::cmp::PartialEq>::eq
calls=78210 2185 
* 547470 234630 156420 395 0 0 1
+1 234630 78210

fn=(3806)
2185 547470 234630 156420 395 0 0 1

fn=(3010) <&alloc::string::String as core::cmp::PartialEq>::eq
2461 234633 0 156422
+1 234633 156422 78211
cfi=(276)
cfn=(3012)
calls=78211 350 
* 4379790 1173157 1564214 4 93833 0 4 0 0 312841 5 78210
+1 234633 78211

fn=(3652)
278 2376 0 1584 396 0 0 1
+1 792 0 792
cfi=(307)
cfn=(3654) <rustgres::storage::ColType as core::cmp::PartialEq>::eq
calls=792 10 
* 7920 2376 3168 792
* 792
+1 2376 792

fn=(3800) <rustgres::storage::Value as core::cmp::PartialEq>::ne
278 469260 0 312840 395 0 0 1
+1 156420 0 156420
cfi=(307)
cfn=(3802) <rustgres::storage::Value as core::cmp::PartialEq>::eq
calls=156420 40 
* 16502310 3754080 3910500 5530 233831 0 13 0 0 625680 16 234630 156420
* 156420
+1 469260 156420

fl=(502)
fn=(3236)
62 1188 0 792 396 0 0 1
fi=(489)
3402 396 0 396 396
cfn=(3238)
calls=396 +31 
* 108297897 28800212 29099780 76473 441030 64151 56 0 234 11131844 173644 871395 157609
fe=(502)
62 792 396

fl=(258)
fn=(3358) <core::ops::range::Range<usize> as core::iter::traits::iterator::Iterator>::collect::<alloc::vec::Vec<usize>>
2073 1980 0 1188 396 0 0 1
+13 396 0 396
cfi=(452)
cfn=(3360)
calls=396 4042 
* 252252 71676 99000 18227 0 0 30 0 0 11880 333 1584
* 396 396
+1 792 396

fn=(3380)
877 1188 0 792 396 0 0 1
+7 2376 1188 1188
+3 792 0 396
cfn=(3382) <core::ops::range::Range<usize> as core::iter::traits::iterator::Iterator>::fold::<(), core::iter::traits::iterator::Iterator::for_each::call<usize, <alloc::vec::Vec<usize>>::extend_trusted<core::ops::range::Range<usize>>::{closure#0}>::{closure#0}>
calls=396 2660 
* 95832 29700 40788 5165 0 0 10 0 0 3168 28
+1 792 396

fn=(886) <std::env::Args as core::iter::traits::iterator::Iterator::advance_by::SpecAdvanceBy>::spec_advance_by::{closure#0}
334 10 1 6 2 0 0 2
cfi=(264)
cfn=(888)
calls=1 848 
* 130 41 26 9 2 0 9 0 0 16 1 5 5
0 1 1
334 2 1

fn=(866) <std::env::Args as core::iter::traits::iterator::Iterator>::advance_by
310 3 0 2
+33 1 0 1
cfn=(868) <std::env::Args as core::iter::traits::iterator::Iterator::advance_by::SpecAdvanceBy>::spec_advance_by
calls=1 -14 
* 353 96 78 29 4 0 29 0 0 45 10 7 7
+1 2 1

fn=(868)
329 4 0 3 2 0 0 2
fi=(532)
+62 1 0 1
fe=(258)
-61 6 1 0 0 0 0 0 0 0 1
0 1 1
330 2 1 1
+4 1 0 1
cfn=(870) <std::env::Args as core::iter::traits::iterator::Iterator>::try_fold::<core::num::nonzero::NonZero<usize>, <std::env::Args as core::iter::traits::iterator::Iterator::advance_by::SpecAdvanceBy>::spec_advance_by::{closure#0}, core::option::Option<core::num::nonzero::NonZero<usize>>>
calls=1 2482 
* 325 90 70 26 4 0 26 0 0 43 10 7 7
* 1 0 1
+2 7 1 0 1 0 0 1 0 0 1
jump=1 +1 
* 
+1 1 0 1
+3 4 2

fn=(870)
2482 4 0 3 2 0 0 2
+6 2 0 2
0 1 1
2489 2 1 1 0 1 0 0 0 0 0 0 1 1
cfi=(252)
cfn=(872) <std::env::Args as core::iter::traits::iterator::Iterator>::next
calls=1 877 
* 117 27 16 8 1 0 8 0 0 24 7 1 1
* 12 4 3 1 0 0 1 0 0 1
+1 14 5 6 1 0 0 1
cfn=(886)
calls=1 334 
* 143 44 32 11 2 0 11 0 0 16 1 5 5
* 2 0 1
0 1 1 0 1 0 0 1
2490 1 0 1
cfi=(265)
cfn=(904)
calls=1 2875 
* 10 3 2 2 0 0 2 0 0 1 1
* 8 1 2 0 0 0 0 0 0 1 1
cfi=(265)
cfn=(906)
calls=1 2893 
* 2 1
* 2 0 1
jump=1 +3 
* 
+3 4 2

fn=(3392) core::iter::traits::iterator::Iterator::for_each::call::<usize, <alloc::vec::Vec<usize>>::extend_trusted<core::ops::range::Range<usize>>::{closure#0}>::{closure#0}
884 3168 0 2376 396
cfi=(452)
cfn=(3394)
calls=792 4182 
* 7128 3168 3168 396 0 0 1
* 1584 792

fn=(2514) <core::str::iter::Chars as core::iter::traits::iterator::Iterator>::collect::<alloc::vec::Vec<char>>
2073 11910 0 7146 1191 0 0 1
+13 2382 0 2382
cfi=(452)
cfn=(2516)
calls=2382 4042 
* 8505991 2246029 2776063 70563 3507 7894 33 0 101 611102 35662 27822 1188
* 2382 2382
+1 4764 2382

fn=(2990) <core::slice::iter::Iter<(alloc::string::String, rustgres::storage::ColType)> as core::iter::traits::iterator::Iterator>::enumerate
1044 3 0 2 1 0 0 1
fi=(495)
24 3 0 3
fe=(258)
1049 1 1

fn=(3382)
2660 1584 0 1188 396 0 0 1
+5 396 0 396
0 396
2666 396 0 396
cfi=(501)
cfn=(3384) <core::ops::range::Range<usize> as core::iter::traits::iterator::Iterator>::next
calls=396 1184 
* 22176 6732 8316 1601 0 0 3 0 0 792 2
0 792
2666 792 0 792
cfi=(501)
cfn=(3384)
calls=792 1184 
* 30492 9504 11484 0 0 0 0 0 0 1188 25
* 3564 0 2376
0 2376 2376 0 396 0 0 1
2666 4752 1188 2376 0 0 0 0 0 0 1188 1
0 792 792
2666 1584 792 792 396 0 0 1
+1 1584 0 1584
cfn=(3392)
calls=792 884 
* 11880 3960 5544 792 0 0 1
* 792
jump=792 * 
* 
0 396 396
2670 396 0 396
cfi=(264)
cfn=(3396)
calls=396 848 
* 7920 3564 4356 1584 0 0 3
* 396
jump=396 * 
* 
-3 792 0 792
-1 792
+4 792 396

fn=(860) <std::env::Args as core::iter::traits::iterator::Iterator>::skip
1375 2 0 1 1 0 0 1
fi=(259) /home/hatch/.rustup/toolchains/nightly-x86_64-unknown-linux-gnu/lib/rustlib/src/rust/library/core/src/iter/adapters/skip.rs
28 9 4 5
fe=(258)
1380 1 1

fn=(864) <std::env::Args as core::iter::traits::iterator::Iterator>::nth
388 11 2 6 2 0 0 2
+1 1 0 1
cfn=(866)
calls=1 -79 
* 359 97 81 29 4 0 29 0 0 45 10 7 7
* 2 0 1
fi=(300)
714 6 0 0 1 0 0 1 0 0 1 1
fe=(258)
0 2 2
fi=(300)
715 1 0 1
fe=(258)
390 1 1 1 0 0 0 0 0 0 0 0 1 1
cfi=(252)
cfn=(872)
calls=1 877 
* 20 8 6 0 0 0 0 0 0 1 1
0 1 1
391 2 1

fn=(2574) <core::slice::iter::Iter<char> as core::iter::traits::iterator::Iterator>::cloned::<char>
3553 15912 0 7956
+6 3978 3978

fn=(2586) <core::iter::adapters::cloned::Cloned<core::slice::iter::Iter<char>> as core::iter::traits::iterator::Iterator>::for_each::<<alloc::string::String as core::iter::traits::collect::Extend<char>>::extend<core::iter::adapters::cloned::Cloned<core::slice::iter::Iter<char>>>::{closure#0}>
877 15912 0 11934 1191 0 0 1
+10 3978 0 3978
cfi=(475)
cfn=(2588)
calls=3978 57 
* 5033430 1382706 2184462 28596 0 0 23 0 0 210888 3997 33822 1191
+1 7956 3978

fn=(3448) <core::slice::iter::Iter<rustgres::sql::InsertValue> as core::iter::traits::iterator::Iterator>::zip::<core::slice::iter::Iter<usize>>
629 5940 792 3960 792 0 0 2
+5 1584 0 1584
cfi=(360)
cfn=(3450)
calls=396 322 
* 1980 396 792 396
* 1584 0 1584
0 1980 1980 0 396 0 0 1
634 396 0 396
fi=(507)
22 396 0 396
cfn=(3452)
calls=396 293 
* 55836 15444 24948 5940 0 0 11 0 0 792 2
-22 396 396
fe=(258)
635 792 396

fn=(2566) <core::slice::iter::Iter<char> as core::iter::traits::iterator::Iterator>::collect::<alloc::string::String>
2073 19890 0 11934 2382 0 0 2
+13 3978 0 3978
cfi=(276)
cfn=(2568) <alloc::string::String as core::iter::traits::collect::FromIterator<&char>>::from_iter::<core::slice::iter::Iter<char>>
calls=3978 2451 
* 6269004 1696968 2570328 46651 1 0 36 0 0 290448 9999 61668 1192
* 3978 3978
+1 7956 3978

fn=(2590)
831 15912 0 7956 1191 0 0 1
+6 3978 3978

fn=(2600)
884 135288 0 101466 1191 0 0 1
cfi=(276)
cfn=(2602) <alloc::string::String as core::iter::traits::collect::Extend<char>>::extend::<core::iter::adapters::cloned::Cloned<core::slice::iter::Iter<char>>>::{closure#0}
calls=33822 2546 
* 2739582 845550 1217592 13101 0 0 11 0 0 135288 16 33822 1191
* 67644 33822

fl=(319)
fn=(3670)
543 3168 0 2772 792 0 0 1
+1 1188 0 396 0 0 0 0 0 0 396 2
0 1188 1188
549 792 0 396
90 792
552 792 396 0 386

fn=(1336)
508 10 0 3 1 0 0 1
+1 1 0 1
cfn=(1338) <core::ops::range::Range<usize> as core::slice::index::SliceIndex<[u8]>>::index_mut
calls=1 -90 
* 35 9 17 3 0 0 3 0 0 2 1
+1 2 1

fn=(2716)
183 37730 0 37730 1191 0 798 1 0 1
+1 15092 0 0 0 0 0 0 0 0 7546 32
0 15092 15092
186 22638 0 7546
+4 15092 15092 0 1191 0 0 1

fn=(2388) <core::ops::range::RangeFrom<usize> as core::slice::index::SliceIndex<[u8]>>::index
543 9528 0 8337 1191 0 0 1
+1 3573 0 1191 0 0 0 0 0 0 1191
0 3573 3573 0 1191 0 0 1
549 2382 0 1191
90 1191
552 2382 1191

fn=(1338)
419 10 0 9 2 0 0 2
+2 2 0 2
fi=(324)
1122 2 0 0 0 0 0 0 0 0 1
0 3 3
1126 4 0 2
fe=(319)
421 3 1 2 1 0 0 1
+1 2 0 0 0 0 0 0 0 0 1 1
fi=(251)
0 4 4
fe=(319)
425 2 0 2
102 1
429 2 1

fn=(1310)
556 16 0 14 1 0 0 1
+1 6 0 2 0 0 0 0 0 0 2
0 6 6
562 6 0 2 1 0 0 1
+1 4 0 4
102 2
565 4 2

fn=(3480)
236 6336 0 5544 792 0 0 2
+2 1584 0 0 0 0 0 0 0 0 792
0 1584 1584
238 1584
+1 1584 792

fn=(3662)
635 1980 0 792 396
+2 396 396

fn=(2556)
236 391528 0 342587 2382 0 0 2
+2 97882 0 0 0 0 0 0 0 0 48941 534
0 97882 97882
238 97882
+1 97882 48941

fn=(2560)
543 9528 0 8337 2382 0 0 2
+1 3573 0 1191 0 0 0 0 0 0 1191 34
0 3573 3573
549 2382 0 1191
90 1191
552 2382 1191

fn=(3488)
243 6336 0 5544 792 0 0 2
+2 1584 0 0 0 0 0 0 0 0 792
0 1584 1584
245 1584
+1 1584 792

fl=(377)
fn=(2160) std::sys::thread_local::native::eager::destroy::<core::cell::Cell<std::thread::spawnhook::SpawnHooks>>
70 10 0 6 2 0 0 1
fi=(174)
976 2 0 2 0 0 1
fi=(233)
848 2 2 2 0 0 0 0 0 0 0 0 2 2
cfi=(376)
cfn=(1704)
calls=2 22 
* 38 14 12 2 0 0 0 0 0 2 2
* 6 2 0 0 0 0 0 0 0 2 2
jfi=(377)
jcnd=2/2 81 
* 
fe=(377)
81 8 6 0 2

fl=(467)
fn=(3262)
410 7137 793 4758 1586 0 0 2
fi=(283)
631 1586 0 1586
fe=(467)
425 793 0 793 793 0 0 1
fi=(283)
179 2379 0 793
cfn=(1950)
calls=793 444 
* 14952815 3003833 2349291 16941 275676 1765 4 0 31 2836558 28707 3169 395
fi=(452)
977 2379 0 2379 0 0 422
fe=(467)
426 2379 0 1586 0 0 1
+1 2379 793 1586 793 0 221 1
fi=(283)
627 793 793
fi=(358)
417 793 0 793
fi=(452)
3348 1586 793 793
fi=(513)
971 2379 0 793
fi=(452)
3348 793 0 793
0 793 793 0 793 0 0 1
fi=(283)
632 1586 793 793
fi=(352)
49 793 0 793 0 0 206
-49 793 793
fi=(452)
3349 3965 1586 1586 0 0 219
0 1586 1586 0 793 0 0 1
fi=(279)
78 3172 0 793
cfn=(2652)
calls=793 -10 
* 60268 8723 14274 1188 0 0 0 0 0 3965 2
-78 3172 3172
fi=(531)
133 1586 0 1586 0 0 1
fi=(358)
294 1586 0 1586 793 0 0 1
514 793 0 793
0 1586 1586
417 793 0 793
fi=(513)
971 1586
fi=(457)
100 793 0 793
0 1586 1586
102 2379 793 1586 793 0 204 1
fi=(495)
-78 7930 2379 5551 793 0 237 1
fe=(467)
430 6344 3172 3172 793 0 0 1
fi=(497) /home/hatch/.rustup/toolchains/nightly-x86_64-unknown-linux-gnu/lib/rustlib/src/rust/library/core/src/iter/adapters/take.rs
37 1586 793 0 0 0 0 0 0 0 793 2
jcnd=792/793 +1 
* 
* 158004 79002 0 0 0 0 0 0 0 79002 1183
jcnd=78210/79002 +1 
* 
fe=(467)
430 793
jump=793 +4 
* 
fi=(497)
38 316008 79002 79002 792
+1 79002 0 79002
cfi=(495)
cfn=(3676)
calls=79002 +40 
* 5135130 1738044 1975050 5544 0 0 7 0 0 237006
* 237006 0 158004
fe=(467)
434 3172 1586 1586 2 0 0 2
fi=(452)
2230 793
jfi=(283)
jump=793 632 
* 
fe=(467)
0 158004 158004 0 792
fi=(497)
39 158004 0 158004 792 0 0 1
fe=(467)
430 553014 79002 0 0 0 0 0 0 0 79002
0 79002 79002 0 0 1
430 474012 158004 316008 792 0 2
+1 79002 0 79002 0 0 1
+1 158004 0 0 0 0 0 0 0 0 79002 1107
fi=(283)
632 2379 793 793 1 0 0 1
fi=(352)
49 793 0 793 793 0 0 1
-49 793 793
fi=(452)
2230 2379 793 793
cfi=(279)
cfn=(2302)
calls=793 68 
* 6344 793 2379 0 0 0 0 0 0 793 1
0 2379 2379
2236 793 0 793
fe=(467)
440 4758 2379 2379 1 0 262 1
+1 1586 793
0 237006 237006 0 792
432 474012 0 237006 792 0 241 1
cfi=(452)
cfn=(3684)
calls=79002 3923 
* 83852417 22502559 23040249 43033 169492 36039 37 0 19 7894508 145684 869022 158005
* 79002
0 79002 79002
fi=(423)
181 474012 237006 237006 792 0 220 1
fi=(526)
407 474012 237006 237006 792 0 0 1
575 474012 237006 237006 0 0 26558 0 0 194
fe=(467)
430 79002
jfi=(497)
jump=79002 37 
* 

fn=(3686)
410 711018 79002 474012 1584 0 626 2
fi=(283)
631 158004 0 158004
fe=(467)
425 79002 0 79002
fi=(283)
179 237006 0 79002 792 0 430 1
cfn=(1950)
calls=79002 444 
* 23483131 5095908 4453433 11849 52610 18633 3 0 19 3177045 55411 316008
fi=(452)
977 237006 0 237006
fe=(467)
426 237006 0 158004 0 0 248
+1 237006 79002 158004 792 0 1 1
fi=(283)
627 79002 79002
fi=(358)
417 79002 0 79002
fi=(452)
3348 158004 79002 79002
fi=(513)
971 237006 0 79002
fi=(452)
3348 79002 0 79002
0 79002 79002
fi=(283)
632 158004 79002 79002
fi=(352)
49 79002 0 79002 792 0 249 1
-49 79002 79002
fi=(452)
3349 395010 158004 158004
0 158004 158004
fi=(279)
78 316008 0 79002 792 0 0 1
cfn=(2652)
calls=79002 -10 
* 6004152 869022 1422036 0 0 0 0 0 0 395010
-78 316008 316008
fi=(531)
133 158004 0 158004
fi=(358)
294 158004 0 158004
514 79002 0 79002 792 0 0 1
0 158004 158004
417 79002 0 79002
fi=(513)
971 158004
fi=(457)
100 79002 0 79002
0 158004 158004
102 237006 79002 158004 792 0 0 1
fi=(495)
-78 790020 237006 553014 792 0 246 1
fe=(467)
430 632016 316008 316008 792 0 0 1
fi=(497)
37 158004 79002 0 0 0 0 0 0 0 79002 2
jcnd=79002/79002 +1 
* 
* 316008 158004 0 0 0 0 0 0 0 158004 2
jcnd=79002/158004 +1 
* 
fe=(467)
430 79002
jump=79002 +4 
* 
fi=(497)
38 632016 158004 158004 792 0 0 1
+1 158004 0 158004
cfi=(495)
cfn=(3694)
calls=158004 +40 
* 10270260 3476088 3950100 5544 0 0 6 0 0 474012
* 474012 0 316008
fe=(467)
434 316008 158004 158004
fi=(452)
2230 79002
jfi=(283)
jump=79002 632 
* 
fe=(467)
0 316008 316008 0 792 0 0 1
fi=(497)
39 316008 0 316008
fe=(467)
430 1106028 158004 0 792 0 0 1 0 0 158004
0 158004 158004
430 948024 316008 632016 792 0 0 1
+1 158004 0 158004
+1 316008 0 0 0 0 0 0 0 0 158004
fi=(283)
632 237006 79002 79002
fi=(352)
49 79002 0 79002
-49 79002 79002
fi=(452)
2230 237006 79002 79002 792 0 0 1
cfi=(279)
cfn=(2302)
calls=79002 68 
* 632016 79002 237006 0 0 0 0 0 0 79002
0 237006 237006
2236 79002 0 79002
fe=(467)
440 474012 237006 237006 0 0 1
+1 158004 79002
0 474012 474012 0 792 0 0 1
432 948024 0 474012 0 0 1
cfi=(307)
cfn=(3432)
calls=158004 40 
* 23159344 5872359 4287454 8612 90332 15490 7 0 0 3216425 90269 553014 158005
* 158004
0 158004 158004 0 792 0 0 1
fi=(423)
181 948024 474012 474012 792 0 1 1
fi=(526)
407 948024 474012 474012
575 948024 474012 474012 792 0 113 1
fe=(467)
430 158004
jfi=(497)
jump=158004 37 
* 

fn=(2418) <u8 as <[_]>::to_vec_in::ConvertVec>::to_vec::<alloc::alloc::Global>
446 17883 1987 11922 1193 0 0 1
fi=(283)
631 1987 0 1987 1194 0 0 1
fe=(467)
447 1987 0 1987
fi=(283)
179 5961 0 1987
cfn=(1950)
calls=1987 444 
* 379404 85682 85287 6626 733 2195 0 0 0 43793 4431 7948
* 7948 3974
fi=(452)
977 5961 0 5961
fe=(467)
449 3974 0 0 0 0 0 0 0 0 1987 5
0 1987 1987
459 3974 1987
0 3974 3974 0 1986 0 0 1
fi=(325)
731 1987 0 1987
fi=(283)
627 3974 1987 1987
fi=(358)
417 1987 0 1987
0 5961 5961
fi=(279)
78 7948 0 1987 1590 0 0 1
cfn=(2274)
calls=1987 -10 
* 363450 65571 89415 4370 0 0 0 0 0 23844 1196
-78 5961 5961
fi=(264)
574 3974 0 1987
cob=(2)
cfi=(214)
cfn=(708)
calls=1987 255 
* 28598 5961 3974 0 597 86 0 4 0 7146 1050
* 1987 1987 0 0 190 0 0 0 0 0 0 1987
fi=(283)
+58 1987
0 1987 1987
632 3974 1987 1987
fi=(352)
49 1987 0 1987
-49 1987 1987
fi=(452)
2230 5961 1987 1987 1987 0 0 1
cfi=(279)
cfn=(2302)
calls=1987 68 
* 15896 1987 5961 253 0 0 0 0 0 1987 7
0 3974 3974
2236 1987 0 1987
fe=(467)
449 1987

fn=(3022)
410 3591 399 2394 796 0 0 2
fi=(283)
631 798 0 798
fe=(467)
425 399 0 399 398 0 0 1
fi=(283)
179 1197 0 399
cfn=(1950)
calls=399 444 
* 63378 14426 15587 3177 135 2 0 0 2 6043 13 1596
fi=(452)
977 1197 0 1197
fe=(467)
426 1197 0 798
+1 1197 399 798 399 0 0 1
fi=(283)
627 399 399
fi=(358)
417 399 0 399
fi=(452)
3348 798 399 399
fi=(513)
971 1197 0 399
fi=(452)
3348 399 0 399
0 399 399
fi=(283)
632 798 399 399 399 0 0 1
fi=(352)
49 399 0 399
-49 399 399
fi=(452)
3349 1995 798 798
0 798 798
fi=(279)
78 1596 0 399 398 0 0 1
cfn=(2652)
calls=399 -10 
* 30324 4389 7182 1990 0 0 0 0 0 1995 7
-78 1596 1596
fi=(531)
133 798 0 798
fi=(358)
294 798 0 798 399 0 0 1
514 399 0 399
0 798 798
417 399 0 399
fi=(513)
971 798
fi=(457)
100 399 0 399
0 798 798
102 1197 399 798 398 0 0 1
fi=(495)
-78 3990 1197 2793 398 0 0 1
fe=(467)
430 3192 1596 1596 398 0 0 1
fi=(497)
37 798 399 0 0 0 0 0 0 0 399 2
jcnd=399/399 +1 
* 
* 1596 798 0 0 0 0 0 0 0 798 2
jcnd=399/798 +1 
* 
fe=(467)
430 399
jump=399 +4 
* 
fi=(497)
38 3192 798 798 398 0 0 1
+1 798 0 798
cfi=(495)
cfn=(2994)
calls=798 +40 
* 51870 17556 19950 2778 0 0 0 0 0 2394
* 2394 0 1596
fe=(467)
434 1596 798 798
fi=(452)
2230 399
jfi=(283)
jump=399 632 
* 
fe=(467)
0 1596 1596 0 399 0 0 1
fi=(497)
39 1596 0 1596
fe=(467)
430 5586 798 0 398 0 0 1 0 0 798 3
0 798 798
430 4788 1596 3192 399 0 0 1
+1 798 0 798
+1 1596 0 0 0 0 0 0 0 0 798 347
fi=(283)
632 1197 399 399
fi=(352)
49 399 0 399
-49 399 399
fi=(452)
2230 1197 399 399 399 0 0 1
cfi=(279)
cfn=(2302)
calls=399 68 
* 3192 399 1197 0 0 0 0 0 0 399
0 1197 1197
2236 399 0 399
fe=(467)
440 2394 1197 1197
+1 798 399
0 2394 2394 0 399 0 0 1
432 4788 0 2394
cfi=(498)
cfn=(3030)
calls=798 236 
* 109436 31549 25145 1995 1088 0 4 1 0 12793 813 4788 799
* 798
0 798 798 0 399 0 0 1
fi=(423)
181 6384 3192 3192 398 0 0 1
fi=(526)
407 6384 3192 3192 398 0 0 1
575 6384 3192 3192 397 0 153 1
fe=(467)
430 798
jfi=(497)
jump=798 37 
* 

fn=(3672) <[alloc::vec::Vec<rustgres::storage::Value>]>::to_vec
372 1980 0 1188 792 0 0 1
+28 396 0 396
cfn=(3262)
calls=396 +10 
* 627525 161625 178833 38055 4140 4174 43 0 11 57912 5011 5940 1188
* 396 396
-23 792 396

fn=(3020) <[(alloc::string::String, rustgres::storage::ColType)]>::to_vec
372 5 0 3 1 0 0 1
+28 1 0 1
cfn=(3022)
calls=1 +10 
* 1062 290 293 29 1 1 24 1 1 95 21 16 3
* 1 1
-23 2 1

fl=(434)
fn=(2028)
965 16 4 8 2 0 0 1
+5 12 4 4 0 1 0 0 0 0 0 0 4 2
cob=(2)
cfi=(427)
cfn=(1936)
calls=4 38 
* 164 40 36 4 0 0 0 0 0 24 3
* 8 0 0 0 0 0 0 0 0 4 2
fi=(251)
0 4
jfi=(434)
jump=4 969 
0 
fe=(434)
969 4 0 0 2 0 0 1
+5 8 4

fl=(285) /home/hatch/.rustup/toolchains/nightly-x86_64-unknown-linux-gnu/lib/rustlib/src/rust/library/std/src/fs.rs
fn=(1292) <std::fs::Metadata>::len
2275 1 0 1
fi=(434)
519 1 1
fe=(285)
2277 1 1

fn=(1260) <std::fs::OpenOptions>::read
1931 6 0 2 1 0 0 1
fi=(434)
1130 2 0 1
fe=(285)
1934 1 1

fn=(1264) <std::fs::OpenOptions>::create
2050 6 0 2 1 0 0 1
fi=(434)
1142 2 0 1
fe=(285)
2053 1 1

fn=(1266) <std::fs::OpenOptions>::open::<&std::path::PathBuf>
2137 6 0 5 1 0 0 1
+1 2 0 1 1 0 0 1
cfi=(267)
cfn=(1146) <&std::path::PathBuf as core::convert::AsRef<std::path::Path>>::as_ref
calls=1 719 
* 17 7 7
* 2 0 2
0 4 4
2138 1 1 1 0 0 0 0 0 0 0 0 1 1
cfi=(286)
cfn=(1268)
calls=1 +3 
* 250 58 36 3 0 0 3 0 0 43 14 3 2
0 1 1
2139 2 1

fn=(1012) <std::fs::DirBuilder>::create::<&std::path::Path>
3730 5 0 4 2 0 1 2
+1 2 0 1
cfi=(267)
cfn=(1008) <&std::path::Path as core::convert::AsRef<std::path::Path>>::as_ref
calls=1 719 
* 13 5 5
* 2 0 2
0 3 3
3731 1 1 1 0 1 0 0 0 0 0 0 1 1
cfi=(286)
cfn=(1014)
calls=1 +3 
* 1537 339 250 61 7 17 60 3 1 255 55 22 22
* 1 0 1
0 1 1
3732 2 1

fn=(1006) std::fs::create_dir_all::<&std::path::Path>
3366 3 0 2 1 0 0 1
3706 1 0 1
-18 2 0 2
+19 1 0 1
3367 2 0 1 0 0 1
cfi=(267)
cfn=(1008)
calls=1 719 
* 13 5 5 3 0 0 3
* 2 0 2
0 2 2 0 1 0 0 1
3367 2 0 1
cfn=(1012)
calls=1 3730 
* 1567 350 264 63 8 18 62 3 1 255 55 23 23
* 1 0 1
0 1 1
3368 2 1

fn=(1144) std::fs::read::<&std::path::PathBuf>
346 4 0 3
+8 2 0 1
cfi=(267)
cfn=(1146)
calls=1 719 
* 17 7 7
* 2 0 2 1 0 0 1
0 3 3
354 1 1 1 0 0 0 0 0 0 0 0 1 1
cfi=(286)
cfn=(1150)
calls=1 -7 
* 245 63 38 18 0 1 18 0 0 32 13 6 6
0 1 1
355 2 1

fn=(1262) <std::fs::OpenOptions>::append
2005 6 0 2
fi=(434)
1136 2 0 1
fe=(285)
2008 1 1

fn=(1258) <std::fs::OpenOptions>::new
1914 1 0 0 1 0 0 1
fi=(434)
1115 3 0 2
fe=(285)
1915 4 2 2 0 0 1
+1 1 1

fl=(424)
fn=(2084)
569 4 0 2
fi=(264)
1758 4 2 2
fe=(424)
573 2 0 2
cfi=(425) /home/hatch/.rustup/toolchains/nightly-x86_64-unknown-linux-gnu/lib/rustlib/src/rust/library/core/src/panic/unwind_safe.rs
cfn=(2086) <core::panic::unwind_safe::AssertUnwindSafe<<std::thread::lifecycle::Packet<()> as core::ops::drop::Drop>::drop::{closure#0}> as core::ops::function::FnOnce<()>>::call_once
calls=2 274 
* 102 26 34 11 0 2 4 0 0 4 2
+2 4 2

fn=(1904)
569 6 0 2 2
fi=(264)
1758 6 0 2 2 0 0 1
cob=(2)
cfi=(214)
cfn=(708)
calls=2 255 
* 24 6 4 0 0 0 0 0 0 4
* 2 2 0 0 0 0 0 0 0 0 0 2
fe=(424)
573 4 0 2
cfi=(425)
cfn=(1906) <core::panic::unwind_safe::AssertUnwindSafe<std::thread::lifecycle::spawn_unchecked<rustgres::main::{closure#0}, ()>::{closure#1}::{closure#0}> as core::ops::function::FnOnce<()>>::call_once
calls=2 274 
* 231944011 61209786 62611050 1477149 985594 139987 2152 36 3382 21583051 432935 2166064 343914
+2 4 2 0 1 1

fl=(451)
fn=(2250) <i32>::to_be_bytes
3762 2395 0 2395 1192 0 0 1
47 2395 0 2395
fi=(324)
773 2395
fe=(451)
434 2395 0 2395
3822 2395 0 2395
-58 4790 4790

fn=(3744) <i64>::to_be_bytes
3762 396 0 396 396 0 0 1
47 396 0 396
fi=(324)
773 396
fe=(451)
434 396 0 396
3822 396 0 396
-58 792 792

fn=(2214) <i32>::from_be_bytes
3850 3582 1194 2388 1192 0 0 1
+74 2388 1194 1194
47 1194 0 1194
fi=(324)
773 1194
fe=(451)
3852 1194 1194

fl=(503) /home/hatch/.rustup/toolchains/nightly-x86_64-unknown-linux-gnu/lib/rustlib/src/rust/library/core/src/num/mod.rs
fn=(3294) <i64>::from_ascii_bytes_radix_impl
1775 2772 0 2376 396 0 0 1
+13 396 0 396
1575 396 0 396 396 0 0 1
1779 1188 0 0 0 0 0 0 0 0 396
0 396 396
1779 792 0 0 0 0 0 0 0 0 396 360
jfi=(325)
jcnd=396/396 139 
* 
fi=(325)
139 792 396 396
fe=(503)
1783 792 0 0 396 0 0 1 0 0 396 2
fi=(251)
0 396 396
fe=(503)
1791 792 0 0 0 0 0 0 0 0 396 2
jcnd=396/396 -1 
* 
0 396 396
1863 792 396
-73 2376 792 396 396 0 0 1 0 0 396
0 396 396
1790 1188 0 0 0 0 0 0 0 0 396
0 396 396
1794 792 0 0 0 0 0 0 0 0 396 2
jcnd=396/396 -4 
* 
+2 792 0 396
-6 2376 792 396 396 0 0 1 0 0 396
0 396 396
1790 1188 0 0 0 0 0 0 0 0 396
jump=396 +6 
* 
0 396 396 0 396 0 0 1
1799 396 0 396 396 0 0 1
+11 1980 792 1188
1576 2376 396 396 396 0 0 1 0 0 396 2
jcnd=396/396 * 
* 
0 396 396 0 396 0 0 1
1862 1188 396 792
+1 396
1576 2376 792 792 792 0 0 2
1810 792 396 0 0 0 0 0 0 0 396 2
jcnd=396/396 +19 
* 
+19 396
jump=396 -8 
* 
-8 1584 792 0 396 0 0 1 0 0 792 398
0 396 396 0 396 0 0 1
1821 3960 1188 1980 396 0 0 1
+1 1584 396 396
+1 792 396 396
cfi=(471)
cfn=(3300) <char>::to_digit
calls=396 409 
* 11880 3564 3960 792 0 285 2 0 0 1584 338
* 1188 396 792
-20 792 0 0 396 0 0 1 0 0 396
0 792 792
1804 792 396 396
+20 1584 396 396
+1 792 0 792
-4 396 0 0 396 0 0 1
jump=396 * 
* 

fn=(3292) <i64 as core::str::traits::FromStr>::from_str
1632 1980 0 1188 792 0 0 2
+51 396 0 396
+1 792 0 396
cfn=(3294)
calls=396 +91 
* 57024 17028 17424 7128 0 285 18 0 0 7128 1106
* 396 396
-50 792 396

fl=(355)
fn=(2786) <alloc::sync::Arc<std::sync::poison::mutex::Mutex<rustgres::storage::Database>> as core::ops::deref::Deref>::deref
2572 795 0 795
fi=(358)
454 795 795
fe=(355)
2573 795
+1 795 795

fn=(1606) <alloc::sync::Arc<std::sync::poison::mutex::Mutex<rustgres::wal::Wal>>>::new
444 1 0 0 1 0 0 1
fi=(369)
2882 2 0 2
+3 1 0 1
fe=(355)
447 13 6 6 1 0 0 1
fi=(356) /home/hatch/.rustup/toolchains/nightly-x86_64-unknown-linux-gnu/lib/rustlib/src/rust/library/alloc/src/boxed.rs
292 2 0 1
cfn=(1586) alloc::boxed::box_new_uninit
calls=1 -42 
* 302 64 61 0 0 1 0 0 1 38 3 3
* 2 0 1
0 1 1 0 1 0 0 1
292 1 0 1
+3 3 0 1 1 0 0 1
cob=(2)
cfi=(214)
cfn=(708)
calls=1 -40 
* 22 6 4 0 0 0 0 0 0 5 1
* 1 1 0 0 0 0 0 0 0 0 0 1
* 1 1
fe=(355)
447 1 0 1
+6 1 0 1
fi=(356)
1713 1 0 1
fi=(358)
303 1 0 1
fe=(355)
454 2 1

fn=(2104)
3659 6 0 4 2 0 0 1
fi=(369)
-85 4 0 4
4368 4 0 4
fe=(355)
3516 6 2 4 2 0 0 1
fi=(358)
417 2 0 2
fe=(355)
3517 2 0 2
fi=(548) /home/hatch/.rustup/toolchains/nightly-x86_64-unknown-linux-gnu/lib/rustlib/src/rust/library/alloc/src/rc.rs
3386 2
fe=(355)
3517 2 0 0 0 0 0 0 0 0 2 1
0 2 2
3524 8 0 4
3668 8 4 4 2 0 0 1
fi=(513)
32 2 0 2
fi=(369)
4374 4 2 2 0 0 0 0 0 0 2
fe=(355)
3670 4 0 0 0 0 0 0 0 0 2 1
jcnd=2/2 69 
* 
69 4 0 2
cfi=(369)
cfn=(2076) core::sync::atomic::fence
calls=2 4814 
* 26 6 4 0 0 0 0 0 0 0 0 2
* 2 2
3683 18 4 10 2 0 0 1
fi=(438)
468 2 0 2
642 2 0 2
fi=(279)
77 2
jump=2 +1 
* 
+1 6 0 2 2 0 0 1
cfn=(2108)
calls=2 -10 
* 54 2 4 5 0 0 3 0 0 2 2
fi=(436)
199 2 0 2
fi=(279)
78 8 0 2
cfn=(2112)
calls=2 -10 
* 20 2 6 4 0 0 2 0 0 2 2
-78 4 4
fe=(355)
3683 6 0 2 2 0 0 1
cfi=(437)
cfn=(2114)
calls=2 591 
* 256 71 53 9 1 1 2 0 0 36 3 4 1
+3 6 2

fn=(1788)
2985 6 0 4 2 0 0 1
fi=(369)
3574 4 0 4
4368 4 0 4
fi=(358)
454 2 2
fi=(513)
32 2 0 2 2 0 0 1
fi=(369)
4374 4 2 2 0 0 0 0 0 0 2
fe=(355)
2989 4 0 0 0 0 0 0 0 0 2 2
jcnd=2/2 +46 
* 
+46 6 2

fn=(1792)
2985 12 0 8 3 0 0 1
fi=(369)
3574 8 0 8
4368 8 0 8
fi=(358)
454 4 4
fi=(513)
32 4 0 4 2 0 0 1
fi=(369)
4374 8 4 4 0 1 0 0 0 0 4
fe=(355)
2989 8 0 0 0 0 0 0 0 0 4
jcnd=2/4 +46 
* 
69 4 0 2
cfi=(369)
cfn=(2076)
calls=2 4814 
* 26 6 4 4 2 0 2 1 0 0 0 2 1
* 2 2
3033 2 0 2
cfn=(2078) <alloc::sync::Arc<std::thread::lifecycle::Packet<()>>>::drop_slow
calls=2 2243 
* 856 189 235 76 2 4 31 0 0 64 14 8 2
* 2
jump=2 +2 
* 
+2 10 4

fn=(1994)
2985 6 0 4 1
fi=(369)
3574 4 0 4 2 0 0 1
4368 4 0 4
fi=(358)
454 2 2
fi=(513)
32 2 0 2
fi=(369)
4374 4 2 2 0 1 0 0 0 0 2
fe=(355)
2989 4 0 0 0 0 0 0 0 0 2 2
jcnd=2/2 +46 
* 
+46 6 2 0 2 0 0 1

fn=(2078)
2243 4 0 2 2
+6 10 2 4 2 0 0 1
+6 4 2 2
fi=(264)
843 4 0 2
cfn=(2080)
calls=2 +5 
* 340 76 94 39 1 3 16 0 0 18 5 2 1
* 2
jfi=(355)
jump=2 2256 
* 
fe=(355)
2256 4 0 2 2 0 0 1
cfi=(264)
cfn=(2102)
calls=2 848 
* 484 107 129 31 1 1 13 0 0 46 9 6 1
* 4 2

fn=(3128) <alloc::sync::Arc<std::sync::poison::mutex::Mutex<rustgres::wal::Wal>> as core::ops::deref::Deref>::deref
2572 398 0 398 398
fi=(358)
454 398 398 0 0 211
fe=(355)
2573 398
+1 398 398

fn=(1642) <alloc::sync::Arc<std::sync::poison::mutex::Mutex<rustgres::wal::Wal>> as core::clone::Clone>::clone
2523 6 0 4 2 0 0 1
fi=(369)
3541 4 0 4 2 0 0 1
4350 4 0 4
fi=(358)
454 2 2
fi=(513)
32 2 0 2
fi=(369)
3541 2
4354 4 2 4 0 0 0 0 0 0 2
fe=(355)
2552 6 0 0 0 0 0 0 0 0 2
0 2 2
2557 10 2 6
cfi=(357)
cfn=(1640)
calls=2 56 
* 4 2 2
* 2 2
+1 4 2

fn=(1584) <alloc::sync::Arc<std::sync::poison::mutex::Mutex<rustgres::storage::Database>>>::new
444 1 0 0 1 0 0 1
fi=(369)
2882 2 0 2
+3 1 0 1
fe=(355)
447 13 6 6 1 0 0 1
fi=(356)
292 2 0 1
cfn=(1586)
calls=1 -42 
* 302 64 61 18 0 1 12 0 1 38 3 3 2
* 2 0 1
0 1 1 0 1 0 0 1
292 1 0 1
+3 3 0 1
cob=(2)
cfi=(214)
cfn=(708)
calls=1 -40 
* 22 6 4 1 0 1 0 0 1 5 1
* 1 1 0 0 0 0 0 0 0 0 0 1
* 1 1 0 1 0 0 1
fe=(355)
447 1 0 1
+6 1 0 1
fi=(356)
1713 1 0 1
fi=(358)
303 1 0 1
fe=(355)
454 2 1

fn=(1638) <alloc::sync::Arc<std::sync::poison::mutex::Mutex<rustgres::storage::Database>> as core::clone::Clone>::clone
2523 6 0 4 2 0 0 1
fi=(369)
3541 4 0 4 2 0 0 1
4350 4 0 4
fi=(358)
454 2 2 0 0 1
fi=(513)
32 2 0 2
fi=(369)
3541 2
4354 4 2 4 0 0 0 0 0 0 2
fe=(355)
2552 6 0 0 0 0 0 0 0 0 2
0 2 2 0 2 0 0 1
2557 10 2 6
cfi=(357)
cfn=(1640)
calls=2 56 
* 4 2 2 2 0 0 1
* 2 2
+1 4 2

fn=(1998)
2985 6 0 4
fi=(369)
3574 4 0 4
4368 4 0 4
fi=(358)
454 2 2
fi=(513)
32 2 0 2 2 0 0 1
fi=(369)
4374 4 2 2 0 1 0 0 0 0 2
fe=(355)
2989 4 0 0 0 0 0 0 0 0 2 2
jcnd=2/2 +46 
* 
+46 6 2

fl=(490)
fn=(2872)
1339 8358 1194 4776 1193 0 1 2
3158 7164 0 4776
fi=(279)
78 7164 0 1194 796 0 0 1
cfn=(2274)
calls=1194 -10 
* 219694 39402 53730 1 0 8 0 0 1 14328 185
* 3582 3582
fi=(264)
574 4776 2388 2388 0 346 0 0 1
fe=(490)
1346 2388 1194 1194
+1 2388 1194

fn=(2884)
919 4784 0 3588
+1 5980 1196 2392
cfi=(493) /home/hatch/.rustup/toolchains/nightly-x86_64-unknown-linux-gnu/lib/rustlib/src/rust/library/core/src/../../stdarch/crates/core_arch/src/x86/mod.rs
cfn=(2886) <core::core_arch::x86::__m128i>::as_i8x16
calls=1196 529 
* 4784 2392 1196 398
* 9568 3588 3588 795 0 0 1
cfi=(493)
cfn=(2886)
calls=1196 529 
* 4784 2392 1196
* 7176 4784 1196
+1 2392 1196 0 795 0 0 1

fn=(2878)
1220 5980 0 3588 795 0 0 1
+1 3588 0 1196
cfi=(492)
cfn=(2880)
calls=1196 58 
* 11960 1196 2392 1878 0 0 1
* 5980 2392 2392
cfi=(493)
cfn=(2882) <core::core_arch::simd::Simd<i8, 16>>::as_m128i
calls=1196 536 
* 4784 2392 1196
* 1196 1196 0 795 0 0 1
+1 2392 1196

fn=(2888)
1566 5564 2782 0 1587 1 0 1
+2 2782 0 2782
+1 8346 2782 2782
0 2782
1569 2782 0 2782
cfi=(493)
cfn=(2886)
calls=2782 529 
* 11128 5564 2782 793
* 11128 2782 2782 1191
+1 5564
+2 5564 2782

fn=(3084)
1325 3170 0 1585 1025
+1 3170 1585 1585 0 33
+1 1585 1585

fl=(304) /home/hatch/.rustup/toolchains/nightly-x86_64-unknown-linux-gnu/lib/rustlib/src/rust/library/core/src/io/error.rs
fn=(1172) <core::io::error::Error>::kind
472 4 0 2 1 0 0 1
fi=(305)
209 6 2 2 1 0 0 1
cfn=(1174) core::io::error::repr::decode_repr::<&core::io::error::Custom, <core::io::error::repr::Repr>::data::{closure#0}>
calls=2 +38 
* 69 12 32 7 1 0 7 1 0 2 0 2 2
fe=(304)
473 4 2 2
0 4 2
473 6 2 0 0 2 0 0 2 0 0 0 2 2
jump=1 +4 
* 
jump=1 +1 
* 
+1 3 1 2
fi=(306) /home/hatch/.rustup/toolchains/nightly-x86_64-unknown-linux-gnu/lib/rustlib/src/rust/library/core/src/io/error/os_functions_atomic.rs
53 1 1 1 0 0 0 0 0 0 0 0 1 1
cfi=(177)
cfn=(1058)
calls=1 4319 
* 3 3
* 2 1 1 1 0 0 1
+1 1 1 1 0 0 0 0 0 0 0 0 1 1
cfi=(293)
cfn=(1062)
calls=1 +86 
* 8 2 0 0 0 0 0 0 0 1
* 1 0 1
fe=(304)
474 1
jump=1 +5 
* 
+3 5 2 2 0 1
jump=1 +2 
* 
+2 6 4 0 1 0 0 1

fn=(1180) <core::io::error::ErrorKind as core::cmp::PartialEq>::eq
764 16 6 4 2 2 0 0 2

fl=(472)
fn=(2720)
37 52822 7546 37730 1983 0 1115 1 0 4
-37 15092 7546
37 22638 7546 0 0 489 0 0 1 0 0 0 7546 4367
-37 2788 2788
39 11152 2788 5576 1191 0 1 1 0 1 0 0 2788 1191
cfi=(262)
cfn=(2722)
calls=2788 2425 
* 575172 133055 88859 5114 257 1426 5 0 19 100562 12363 11152 1992
* 2788 2788
-2 22304 8364 11152
-37 792 792
40 3168 792 1584 396 0 0 1 0 0 0 0 792 1
cfi=(262)
cfn=(2722)
calls=792 2425 
* 146481 34723 22136 84 0 1552 0 0 8 25709 1520 3168 396
* 792 792
-3 6336 2376 3168
-37 792 792
41 3168 792 1584 396 0 0 1 0 0 0 0 792 1
cfi=(262)
cfn=(2722)
calls=792 2425 
* 83397 21821 15294 8 0 0 0 0 0 13236 469 3168 396
* 792 792
-4 6336 2376 3168
-37 397 397 0 397 0 0 1
37 794 0 397
-37 397 397
37 794 0 397
-37 397 397 0 397
37 794 0 397
-37 1983 1983 0 794 0 0 1
37 1983 0 1983
-37 1983 1983
37 3966 1983
-37 5563 5563 0 1191 0 0 1
37 11126 5563

fn=(2964) <rustgres::sql::Token as core::cmp::PartialEq>::eq
37 13079 2378 7134 794 621 0 2 1 0 1189 2
* 1584 0 792
jump=792 * 
* 
-37 397 397
37 1588 397 397 0 0 0 0 0 0 397 397
jcnd=397/397 * 
* 
* 5550 2378 397 397 0 0 1
jump=397 * 
* 

fn=(2760) <rustgres::sql::Parser>::expect_ident
425 1612 0 1209
+1 1612 0 1209 399 0 0 1
cfn=(2708) <rustgres::sql::Parser>::next
calls=403 -31 
* 132281 39688 36452 264 1 9 0 0 7 10934 1610 2418 402
* 1209 403 0 0 0 0 0 0 0 403
0 403 403
427 5642 2418 2821 399 0 288 1
jump=403 +5 
* 
+5 806 403 0 399 0 0 1 0 0 403 2
jcnd=403/403 * 
* 
0 403 403 0 399 0 0 1
432 806 0 806
+1 806 403
-1 1209 403 0 398 0 0 1 0 0 403 2

fn=(3286) <rustgres::sql::Parser>::parse_insert_value
610 3960 0 3168 396 0 0 1
+1 1584 0 792
cfn=(2710) <rustgres::sql::Parser>::peek
calls=792 391 
* 205238 60540 57203 792 0 0 2 0 0 17733 822 4752 1586
* 2376 792 0 396 0 0 1 0 0 792 1
0 1584 792
616 792 0 792
cfn=(3288) <rustgres::sql::Parser>::parse_literal
calls=792 -87 
* 462674 135406 121201 13162 0 3849 33 0 8 48159 2697 6732 396
* 792
+1 1584 0 792
cfi=(264)
cfn=(2736)
calls=792 848 
* 124492 37645 23755 4 0 0 0 0 0 14701 407 3960 396
* 792
0 1584 0 0 396 0 0 1
616 792 0 792 396 0 0 1
cfi=(300)
cfn=(3302)
calls=792 2175 
* 17424 8712 7920 1584 0 0 3 0 0 792 4
* 2376 792 0 0 0 0 0 0 0 792 6
0 792 792 0 396 0 0 1
616 15840 7128 7920 792 0 0 2
jump=792 +1 
* 
0 792 792
618 1584 792

fn=(2706) <rustgres::sql::Parser>::parse_top
447 5955 0 4764 2382 0 208 2 0 1
+1 2382 0 1191
cfn=(2708)
calls=1191 -53 
* 492055 136449 121487 32308 739 1026 28 1 7 55835 6951 7146 3575
* 3573 1191 0 0 0 0 0 0 0 1191
+1 14292 7146 7146 2382 0 0 2
+2 3573 1191 0 0 0 0 0 0 0 1191 2
0 1191 0 0 1191 0 0 1
452 1191 0 1191
cfi=(276)
cfn=(2740) <alloc::string::String>::as_str
calls=1191 1073 
* 4764 3573 1191
* 3573 0 2382
0 2382 2382 0 1191 0 0 1
452 4764 0 2382
+1 3573 0 1191 1191 0 0 1
cfi=(480)
cfn=(2742)
calls=1191 29 
* 49156 9519 17862 3464 321 0 3 1 0 4516 527 793
* 2382 0 1191
0 1191 1191
453 2382 0 0 0 0 0 0 0 0 1191
* 1190
0 2380 2380
454 3570 0 1190
cfi=(480)
cfn=(2742)
calls=1190 29 
* 47910 8768 17846 37 0 0 0 0 0 4496 711 792
* 2380 0 1190
0 2 2 0 1
453 1 0 1
cfn=(2960) <rustgres::sql::Parser>::parse_create
calls=1 +53 
* 4787 1374 1315 81 0 14 52 0 14 425 69 63 11
* 1
jump=1 * 
* 
0 1190 1190 0 1190 0 0 1
454 2380 0 0 0 0 0 0 0 0 1190 4
* 794
0 1588 1588
455 2382 0 794
cfi=(480)
cfn=(2742)
calls=794 29 
* 28694 5152 11510 0 0 0 0 0 0 2438 830 396
* 1588 0 794
0 792 792 0 396
454 396 0 396
cfn=(3280) <rustgres::sql::Parser>::parse_insert
calls=396 554 
* 2408879 696367 652101 53065 1860 8894 92 2 16 220287 17716 37620 5944
* 396
jump=396 * 
* 
0 794 794 0 794 0 0 1
455 2382 0 0 0 0 0 0 0 0 794 1
0 1588 1588
456 2382 0 794
cfi=(480)
cfn=(2742)
calls=794 29 
* 16728 1602 10328 0 2 0 0 1 0 802 23 2 1
* 1588 0 794
0 794 794 0 794 0 0 1
456 1588 0 0 0 0 0 0 0 0 794 376
* 792
0 1584 1584
458 2376 0 792
cfi=(480)
cfn=(2742)
calls=792 29 
* 27460 4390 11484 17 299 0 0 0 0 2427 22 396
* 1584 0 792
0 4 4
456 2 0 2 2 0 0 1
cfn=(2746) <rustgres::sql::Parser>::parse_drop
calls=2 737 
* 4148 1154 1046 85 3 1 38 1 1 425 91 73 11
* 2
jump=2 * 
* 
0 792 792 0 792
458 1584 0 0 0 0 0 0 0 0 792 2
* 396
0 792 792
463 1188 0 396
cfi=(480)
cfn=(2742)
calls=396 29 
* 8316 792 5148 0 0 0 0 0 0 396 1
* 792 0 396
0 396 396
460 1188 0 396 396 0 0 1
cfn=(2750) <rustgres::sql::Parser>::eat_keyword
calls=396 -57 
* 71676 20196 22968 2376 0 0 0 0 0 3960 385 396 396
* 396
0 396 396 0 396
463 1188 0 0 0 0 0 0 0 0 396
0 792 792
467 1188 0 396
cfi=(480)
cfn=(2742)
calls=396 29 
* 19168 3604 6336 0 0 0 0 0 0 2040 56 396
* 792 0 396
0 396 396 0 396 0 0 1
467 792 0 0 0 0 0 0 0 0 396 3
0 396 396 0 396 0 0 1
467 1584 0 792
cob=(2)
cfi=(214)
cfn=(708)
calls=396 255 
* 8712 2376 1584 416 0 0 0 0 0 1980 8
* 396 396 0 0 0 0 0 0 0 0 0 396
* 396
jump=396 +26 
* 
+26 2382 0 1191 1191 0 0 1
cfi=(264)
cfn=(888)
calls=1191 848 
* 164408 51221 30964 2 0 0 0 0 0 19075 1561 5955 794
* 1191
0 1191 1191 0 795 0 0 1
493 2382 1191
0 396 396 0 396
461 1584 0 792 396
cob=(2)
cfi=(214)
cfn=(708)
calls=396 255 
* 8712 2376 1584 791 278 0 0 0 0 1980 24
* 396 396 0 0 0 0 0 0 0 0 0 396
* 396
jump=396 +32 
* 
-5 2 0 0 2 0 0 1
jump=2 +37 
* 
-2 396 0 0 396
jump=396 +39 
* 
-1 1 0 0 1
jump=1 +40 
* 

fn=(2708)
395 28608 0 19072 2382 0 439 2
+1 4768 0 4768
cfn=(2710)
calls=4768 -5 
* 1167771 327467 312544 27901 740 3808 25 1 21 108589 9753 16698 5567
* 4768 4768
+1 14304 4768 9536
cfi=(452)
cfn=(2738)
calls=4768 3139 
* 14304 9536 4768 1191 0 0 1
* 9536 0 4768
0 9536 9536 0 1191 0 0 1
397 9536 0 0 0 0 0 0 0 0 4768 10
0 9536 9536
400 38144 19072 19072 0 0 1 0 0 1
+1 9536 4768
0 4768 4768 0 1191 0 0 1
398 28608 4768 4768 0 0 0 0 0 0 4768
0 9536 9536
398 4768 0 4768
-1 4768

fn=(2746)
737 10 0 8 2 0 0 1
+1 8 0 2 2 0 0 1
cfn=(2748) <rustgres::sql::Parser>::expect_keyword
calls=2 413 
* 1677 427 347 41 2 1 16 1 1 218 36 24 3
* 6 0 2
cfi=(300)
cfn=(2758)
calls=2 2175 
* 26 8 8 4 0 0 2 0 0 2 2
* 12 2 0 0 0 0 0 0 0 2 2
0 2 2 0 2 0 0 1
739 6 0 2
cfn=(2750)
calls=2 403 
* 997 283 267 2 0 0 1 0 0 88 24 23 4
* 4 0 0 0 0 0 0 0 0 2 1
+4 1 0 1
-4 1
0 1 1 0 1 0 0 1
740 4 0 1
cfn=(2748)
calls=1 413 
* 542 154 146 0 0 0 0 0 0 49 7 12 2
* 3 0 1
cfi=(300)
cfn=(2758)
calls=1 2175 
* 13 4 4 0 0 0 0 0 0 1 1
* 7 1 0 1 0 0 1 0 0 1
jump=1 +1 
* 
0 2 2 0 1
745 4 0 2
cfn=(2760)
calls=2 425 
* 672 212 206 11 0 0 5 0 0 48 14 12 2
* 6 0 2
cfi=(300)
cfn=(2762)
calls=2 2175 
* 44 22 20 8 0 0 4 0 0 2 1
* 6 2 0 2 0 0 1 0 0 2
-4 1 0 1 1 0 0 1
-2 1
0 2 2 0 2 0 0 1
745 12 6 6 2 0 0 1
+1 26 8 12 2 0 0 1
cob=(2)
cfi=(214)
cfn=(708)
calls=2 255 
* 44 12 8 1 1 0 0 0 0 10 3
* 2 2 0 0 0 0 0 0 0 0 0 2
0 2 2
747 4 2

fn=(2668) rustgres::sql::tokenize
53 13101 2382 7146 2382 0 0 2
+1 3573 0 3573 1191 0 227 1 0 1
cfi=(346)
cfn=(2442)
calls=1191 1079 
* 7146 1191 2382 0 0 234 0 0 1
* 3573 0 1191
cfi=(258)
cfn=(2514)
calls=1191 2073 
* 4257233 1125565 1392799 4285 646 6826 0 0 39 304212 15859 13934 139
+1 2382 0 1191
+1 1191 0 1191
cfi=(452)
cfn=(2670)
calls=1191 464 
* 7146 1191 3573 1191 0 0 1
* 1191
jump=1191 * 
* 
* 1191 0 0 1191 0 0 1
+1 30224 7556 15112 1191 0 0 1
cfi=(452)
cfn=(2552)
calls=7556 3139 
* 22668 15112 7556
* 15112 0 7556
-57 15112 15112 0 1191 0 0 1
57 15112 0 0 0 0 0 0 0 0 7556 2095
jcnd=6365/7556 +1 
* 
214 4764 0 2382
cfi=(452)
cfn=(2698)
calls=1191 1003 
* 59550 23820 26202 0 0 161 0 0 23 1191
* 1191
58 25460 6365 6365 1191 0 0 1
cfi=(452)
cfn=(2554)
calls=6365 3980 
* 190950 44555 82745 1203 0 0 0 0 0 6365
* 12730 0 6365
-58 1191 1191
215 15483 7146 8337 1191 0 0 1
+1 2382 0 1191
cfi=(264)
cfn=(2626)
calls=1191 848 
* 234142 67375 43606 243 0 0 6 0 0 35183 1933 3573
0 1191 1191
216 2382 1191
0 6365 6365 0 1191 0 0 1
58 12730 6365 6365
+1 12730 6365 6365
cfi=(471)
cfn=(2474)
calls=6365 1088 
* 131251 30226 19095 0 0 0 0 0 0 23861 35
* 12730 0 6365
-59 6365 6365
59 12730 0 0 1191 0 0 1 0 0 6365 3
jcnd=1991/6365 +1 
* 
* 4374
+5 13122 4374 0 0 0 0 0 0 0 4374
jump=4374 +7 
* 
-4 13937 1991 1991 0 0 0 0 0 0 1991 396
+11 13122 4374 0 1191 0 0 1 0 0 4374
jump=4374 +11 
* 
+11 26244 4374 4374 2382 0 1 2 0 1 4374 1589
-82 3966 1983
82 5949 1983 0 0 648 0 0 2 0 0 0 1983 1983
jump=396 +31 
* 
jump=397 +6 
* 
jump=397 +10 
* 
jump=397 +2 
* 
-82 2787 0 0 1191 0 0 1
174 2787 0 2787
cfi=(471)
cfn=(2672) <char>::is_ascii_digit
calls=2787 2218 
* 39018 13935 8361 1191 0 0 1 0 0 2787 1090
* 5574 0 2787 0 0 269 0 0 1
-90 1588 0 794 397 0 0 1
cfi=(452)
cfn=(2698)
calls=397 1003 
* 287185 60368 46281 2475 764 1094 0 0 118 44327 5360 1980
* 397
jump=397 +1 
* 
+4 1588 0 794
cfi=(452)
cfn=(2698)
calls=397 1003 
* 255777 59828 45464 1177 551 1373 0 2 93 35591 3542 1872
* 397
jump=397 +1 
* 
+4 1588 0 794 397 0 0 1
cfi=(452)
cfn=(2698)
calls=397 1003 
* 19850 7940 8734 0 0 98 0 0 15 397 395
* 397
jump=397 +1 
* 
+21 2772 396 396 792 0 0 2 0 0 396
-28 2382 397 397 397 0 0 1 0 0 397
-85 397 397 0 397 0 0 1
85 397 0 397
-2 397
jump=397 -26 
* 
+6 2382 397 397 0 0 0 0 0 0 397
-89 397 397
89 397 0 397
-2 397
jump=397 -30 
* 
+6 2382 397 397 794 0 302 2 0 0 397
-93 397 397
93 397 0 397
-2 397
jump=397 -34 
* 
-91 396 396 0 396 0 0 1
113 792 0 396
+1 396 0 396
cfi=(276)
cfn=(3278) <alloc::string::String>::new
calls=396 446 
* 4752 1584 2376 396 0 0 1
* 396
jump=396 +1 
* 
+1 396 0 396 396 0 0 1
+1 1584 396 792
cfi=(452)
cfn=(2552)
calls=396 3139 
* 1188 792 396
* 1584 396 792
cfi=(452)
cfn=(2552)
calls=396 3139 
* 1188 792 396
* 1584 0 792
0 1584 1584 0 396 0 0 1
116 1584 0 0 0 0 0 0 0 0 792
+3 3168 792 792 396 0 0 1
cfi=(452)
cfn=(2554)
calls=792 3980 
* 23760 5544 10296 0 0 0 0 0 0 792 281
* 1584 0 792
0 792 792
119 1584 792 0 0 0 0 0 0 0 792 2
jcnd=396/792 +1 
* 
+9 1584 396 396 396 0 0 1
cfi=(452)
cfn=(2554)
calls=396 3980 
* 11880 2772 5148 0 0 0 0 0 0 396 249
* 792 0 396
-8 2772 396 396 0 0 0 0 0 0 396
0 396 396 0 396 0 0 1
128 1188 396 396
cfi=(276)
cfn=(2604) <alloc::string::String>::push
calls=396 1451 
* 143617 34315 29647 1369 7 117 0 0 2 19227 1170 2772
* 396
+1 2376 396 396 0 0 0 0 0 0 396 1
0 396 396
129 396 0 396 396 0 0 1
-10 396
jump=396 -3 
* 
0 396
120 396 0 396
cfi=(452)
cfn=(2552)
calls=396 3139 
* 1188 792 396
* 792 0 396
0 792 792 0 396 0 0 1
120 792 0 0 0 0 0 0 0 0 396 2
jcnd=396/396 * 
* 
+4 2772 396 396 0 0 0 0 0 0 396
-4 2376 396 396 396 0 0 1 0 0 396
0 396 396
120 1188 0 396
cfi=(452)
cfn=(2554)
calls=396 3980 
* 11880 2772 5148 0 0 0 0 0 0 396
* 792 0 396 396 0 0 1
0 396 396
120 792 396 0 0 0 0 0 0 0 396 2
jcnd=396/396 +4 
* 
0 396 396 0 396 0 0 1
124 396 0 396
+8 5148 1584 2772 396 0 0 1
cfi=(452)
cfn=(2698)
calls=396 1003 
* 19800 7920 8712 0 0 0 0 0 0 396
* 396
jump=396 +1 
* 
+1 792 0 396 396 0 0 1
jump=396 -76 
* 
0 2787 2787 0 1191 0 0 1
174 5574 0 0 0 0 0 0 0 0 2787 2
jcnd=396/2787 +3 
* 
* 2391
+1 7173 2391 0 1191 0 0 1 0 0 2391
jump=2391 +26 
* 
+2 1188 396 792
+1 396
jump=396 * 
* 
+23 4782 2391 2391
cfi=(471)
cfn=(2676) <char>::is_alphabetic
calls=2391 798 
* 43825 9163 7173 3573 0 0 3 0 0 6772 407
* 4782 0 2391 0 0 231 0 0 1
0 2391 2391 0 1191 0 0 1
201 4782 0 0 0 0 0 0 0 0 2391 4
jcnd=2391/2391 +1 
* 
+1 7173 2391 4782 1191 0 238 1 0 1
+1 2391
jump=2391 * 
* 
* 66884 16721 33442 1191 0 247 1 0 1
cfi=(452)
cfn=(2552)
calls=16721 3139 
* 50163 33442 16721
* 33442 0 16721
0 33442 33442
203 33442 0 0 0 0 0 0 0 0 16721 806
jcnd=15927/16721 +1 
* 
0 2391 2391
208 9564 2391 2391
cfi=(452)
cfn=(2682)
calls=2391 3980 
* 93249 23910 47820 3578 0 0 3 0 0 4782 6
* 7173 0 4782
-4 63708 15927 15927 2382 0 0 2
cfi=(452)
cfn=(2554)
calls=15927 3980 
* 477810 111489 207051 0 0 0 0 0 0 15927
* 31854 0 15927
0 15927 15927
204 31854 15927 15927
cfi=(471)
cfn=(2678) <char>::is_alphanumeric
calls=15927 1054 
* 312187 65303 47781 3972 0 0 4 0 0 49376 2415
* 31854 0 15927
0 15927 15927
204 31854 0 0 1191 0 0 1 0 0 15927 407
jcnd=13931/15927 +2 
* 
* 9980 1996 1996
cfi=(452)
cfn=(2554)
calls=1996 3980 
* 59880 13972 25948 0 0 0 0 0 0 1996 2
* 3992 0 1996
+2 100310 14330 14330 1191 0 0 1 0 0 14330 2
0 1996 1996
204 3992 1996 0 0 0 0 0 0 0 1996 2
jcnd=399/1996 +2 
* 
* 6388 1597 1597
cfi=(452)
cfn=(2554)
calls=1597 3980 
* 47910 11179 20761 0 0 0 0 0 0 1597 2
* 3194 0 1597 399 0 2 1 0 1
0 1597 1597
204 4791 1597 0 0 0 0 0 0 0 1597
0 4782 4782 0 792
208 2391 0 2391
cfi=(325)
cfn=(2562)
calls=2391 1041 
* 54993 14346 31083 393
* 7173 0 4782 0 0 231
0 7173 4782 0 1191 0 0 1
208 2391 0 2391
cfi=(258)
cfn=(2566)
calls=2391 2073 
* 2949451 790797 1194540 1393 0 0 0 0 0 138582 5610 31067
* 2391
0 2391
209 2391 0 2391
cfi=(276)
cfn=(2430) <alloc::string::String as core::ops::deref::Deref>::deref
calls=2391 2896 
* 9564 7173 2391
* 7173 0 4782
0 4782 4782 0 1191 0 0 1
209 7173 2391 2391 1191 509 0 1 0 0 0 0 2391 1
cfi=(479)
cfn=(2688)
calls=2391 441 
* 470872 84289 72245 7669 179 40 6 0 4 63618 5590 7173 2
* 21519 4782 9564
cfi=(452)
cfn=(2698)
calls=2391 1003 
* 327428 93460 93353 9545 100 762 12 0 14 24087 2822 5970 1
* 2391
0 2391
210 2391 0 2391
cfi=(264)
cfn=(888)
calls=2391 848 
* 329918 102803 62166 5961 1 0 0 0 0 38256 1479 11955
* 2391
jump=2391 57 
* 
0 14330 14330 0 1191 0 0 1
206 14330 0 14330
-3 14330
jump=14330 * 
* 
-25 3168 792 1584 396 0 0 1
cfi=(452)
cfn=(2552)
calls=792 3139 
* 2376 1584 792
* 1584 0 792
0 1584 1584
178 1584 0 0 0 0 0 0 0 0 792 3
jcnd=792/792 * 
* 
+3 1584 396 792
cfi=(452)
cfn=(2552)
calls=396 3139 
* 1188 792 396
* 792 0 396
-3 3168 792 792 396 0 0 1
cfi=(452)
cfn=(2554)
calls=792 3980 
* 23760 5544 10296 0 0 0 0 0 0 792
* 1584 0 792 396 0 0 1
0 792 792
178 792 0 792
cfi=(471)
cfn=(2672)
calls=792 2218 
* 9504 3168 2376 0 0 0 0 0 0 792 2
* 1584 0 792
0 792 792
178 1584 0 0 0 0 0 0 0 0 792 2
jcnd=396/792 +1 
* 
* 396
jump=396 +3 
* 
+1 2772 396 396 396 0 0 1 0 0 396
0 792 792
181 792 0 0 0 0 0 0 0 0 396 4
jcnd=396/396 * 
* 
+6 1584 396 792
cfi=(452)
cfn=(2552)
calls=396 3139 
* 1188 792 396
* 792 0 396
-6 1584 396 396 396 0 0 1
cfi=(452)
cfn=(2554)
calls=396 3980 
* 11880 2772 5148 0 0 0 0 0 0 396
* 792 0 396
0 396 396
181 792 396 0 396 0 0 1 0 0 396
jcnd=396/396 +6 
* 
0 792 792 0 792 0 0 2
187 792 0 0 0 0 0 0 0 0 396 2
jcnd=396/396 * 
* 
0 396 396
199 1584 396 396
cfi=(452)
cfn=(2682)
calls=396 3980 
* 15444 3960 7920 0 0 0 0 0 0 792
* 1188 0 792
-12 1584 396 396 396 0 0 1
cfi=(452)
cfn=(2554)
calls=396 3980 
* 11880 2772 5148 0 0 0 0 0 0 396
* 792 0 396
0 396 396
187 2376 792 396 396 0 0 1 0 0 396
cfi=(452)
cfn=(2554)
calls=396 3980 
* 11880 2772 5148 0 0 0 0 0 0 396
* 792 0 396
0 396 396 0 396 0 0 1
187 1188 396 0 0 0 0 0 0 0 396
0 792 792 0 396 0 0 1
199 396 0 396
cfi=(325)
cfn=(2562)
calls=396 1041 
* 9108 2376 5148
* 1188 0 792 396 0 0 1
0 1188 792
199 396 0 396
cfi=(258)
cfn=(2566)
calls=396 2073 
* 211464 53856 79200 0 0 0 0 0 0 11088 398 3168
* 3564 792 1584 396 0 0 1
cfi=(452)
cfn=(2698)
calls=396 1003 
* 19800 7920 8712 0 0 166 0 0 21 396
* 792
jump=396 57 
* 
0 396 396 0 396 0 0 1
179 396 0 396
-1 396
jump=396 * 
* 
0 1991 1991 0 399 0 0 1
60 1991 0 1991 399 0 0 1
fi=(251)
-60 1991
jfi=(472)
jump=1991 57 
0 
fe=(472)

fn=(2962) <rustgres::sql::Parser>::expect
435 3176 0 2382
+1 397 0 397 397 0 0 1
cfn=(2708)
calls=397 -41 
* 74239 24217 25011 397 0 0 1 0 0 3176 8 397 397
* 397
0 794 397
437 397 0 397
cfn=(2964)
calls=397 37 
* 8734 2382 3176 399 0 0 3 0 0 794 399
* 794 0 397
0 397 397 0 397 0 0 1
437 794 0 0 0 0 0 0 0 0 397 2
0 397 397 0 397 0 0 1
438 397 0 397
-1 397
0 397 0 0 397 0 0 1
445 397 0 397
cfi=(264)
cfn=(2736)
calls=397 848 
* 7146 1588 1191 0 0 0 0 0 0 1191
* 397
0 397 397
445 397 0 397
cfi=(264)
cfn=(2736)
calls=397 848 
* 7146 1588 1191 0 0 0 0 0 0 1191
* 1191 794

fn=(3280)
554 1980 0 1584 792 0 0 2
+1 1980 0 792 0 0 8
cfn=(2748)
calls=396 413 
* 284883 74942 65590 6703 316 4410 0 0 1 33520 4033 4752 396
* 1188 0 396
cfi=(300)
cfn=(2758)
calls=396 2175 
* 5148 1584 1584 792 0 327 0 0 0 396
* 2376 396 0 396 0 0 1 0 0 396 1
0 396 396 0 396 0 0 1
556 792 0 396
cfn=(2760)
calls=396 425 
* 143939 43690 41738 2242 1 290 0 0 0 11878 1577 2376 396
* 1188 0 396
cfi=(300)
cfn=(2762)
calls=396 2175 
* 8712 4356 3960 1584 0 0 0 0 0 396
* 792 396 0 0 0 0 0 0 0 396 2
0 396 396 0 396 0 0 1
556 3564 1584 1584 396 0 0 1
+1 396 0 396
cfn=(2710)
calls=396 391 
* 170715 43919 36098 121 0 8 0 0 5 22136 831 2376
* 396
jump=396 * 
* 
* 1188 0 396 396 0 0 1
cfn=(2964)
calls=396 37 
* 6732 1584 2772 792 320 0 0 0 0 396
* 792 0 396
0 396 396
557 1188 0 0 396 0 0 1 0 0 396 2
0 396
557 396 0 396
cfi=(264)
cfn=(2736)
calls=396 848 
* 59796 18216 11880 0 0 0 0 0 0 6732 1115 1980 396
* 396
jump=396 +18 
* 
+18 396 0 396
0 396 396
577 1584 0 396 396 0 0 1
cfn=(2748)
calls=396 413 
* 215662 61010 58211 16 335 0 0 1 0 19067 2006 4752 792
* 396
0 792 0 0 396 0 0 1
577 396 0 396
cfi=(300)
cfn=(2758)
calls=396 2175 
* 5148 1584 1584 0 0 0 0 0 0 396 3
* 2772 396 0 0 0 0 0 0 0 396 4
0 396 0 0 396 0 0 1
578 396 0 396
cfi=(452)
cfn=(3282)
calls=396 464 
* 2376 396 1188 396 0 0 1
* 792
0 396 396
580 2376 0 792 396 0 0 1
cfn=(2962)
calls=396 435 
* 108504 32076 35244 2376 0 0 0 0 0 6732 404 396 396
* 396
0 792 0 0 396 0 0 1
580 396 0 396
cfi=(300)
cfn=(2758)
calls=396 2175 
* 5148 1584 1584 0 0 0 0 0 0 396 396
* 2772 396 0 0 0 0 0 0 0 396
0 396 0 0 396 0 0 1
581 396 0 396
cfi=(452)
cfn=(3284)
calls=396 464 
* 2376 396 1188 721
* 396
+1 396 0 396
0 792 396
583 396 0 396
cfn=(3286)
calls=396 +27 
* 516917 151573 132218 17118 0 3849 42 0 8 54279 3459 8712 1189
0 792 396
583 396 0 396
cfn=(3286)
calls=396 +27 
* 330135 102610 92117 1196 0 0 3 0 0 28690 478 6732 1189
* 792
0 1584 0 0 396 0 0 1
583 792 0 792
cfi=(300)
cfn=(3304)
calls=792 2175 
* 17424 8712 7920 1188 0 0 3 0 0 792 5
* 2376 792 0 396 0 0 1 0 0 792 5
jcnd=792/792 * 
* 
* 8712 3168 3960 792 0 0 2
cfi=(452)
cfn=(3306)
calls=792 1003 
* 104148 29304 29304 2376 296 0 6 0 0 7920 794 1980 1
* 792
0 1584 792 0 396 0 0 1
584 792 0 792
cfn=(2708)
calls=792 395 
* 148104 48312 49896 396 0 0 0 0 0 6336 3 792 792
* 3960 792 792 0 0 0 0 0 0 792 792
* 396
0 396 396
584 792 0 0 0 0 0 0 0 0 396 2
0 396 0 0 396 0 0 1
593 396 0 396
cfi=(264)
cfn=(2736)
calls=396 848 
* 7128 1584 1188 0 0 0 0 0 0 1188
* 396
jump=396 +2 
* 
0 396 0 0 396 0 0 1
593 396 0 396
cfi=(264)
cfn=(2736)
calls=396 848 
* 7128 1584 1188 0 0 0 0 0 0 1188
* 396
+2 3168 792 1584 396 0 0 1
cfi=(452)
cfn=(3312)
calls=396 1003 
* 86496 22207 21397 3168 291 2 8 0 2 7553 803 1980 1
* 396
0 792 396
596 396 0 396
cfn=(2710)
calls=396 391 
* 56628 17424 19008 0 0 0 0 0 0 2376 0 396 396
* 1584 0 396
cfn=(2964)
calls=396 37 
* 6732 1584 2772 0 301 0 0 1 0 396
* 792 0 396
0 396 396 0 396 0 0 1
596 1188 0 0 0 0 0 0 0 0 396
0 396
596 396 0 396
cfi=(264)
cfn=(2736)
calls=396 848 
* 7128 1584 1188 0 0 0 0 0 0 1188 24
* 396
0 396 396 0 396 0 0 1
601 396 0 396
+2 2376 1188 1188 396 0 0 1
+1 2376 1188 1188
+1 2376 1188 1188 396 0 0 1
-3 8712 3564 4356 1188 0 0 3
cob=(2)
cfi=(214)
cfn=(708)
calls=396 255 
* 8712 2376 1584 0 0 0 0 0 0 1980 977
* 396 396 0 396 0 0 0 0 0 0 0 396
0 396 396
607 792 396

fn=(2512) rustgres::sql::split_statements
754 13101 2382 7146 2382 0 0 2
+1 4764 0 4764 1191 0 0 1
cfi=(346)
cfn=(2442)
calls=1191 1079 
* 7146 1191 2382
* 3573 0 1191
cfi=(258)
cfn=(2514)
calls=1191 2073 
* 4270196 1125228 1392792 67469 2861 1068 34 0 62 306890 19803 13888 1049
* 1191
+1 1191 0 1191
cfi=(452)
cfn=(2550)
calls=1191 464 
* 7146 1191 3573 2382 0 0 2
* 1191
jump=1191 +1 
* 
+1 2382 0 2382 1191 0 0 1
+1 1191 0 1191 1191 0 0 1
+1 4764 1191 2382
cfi=(452)
cfn=(2552)
calls=1191 3139 
* 3573 2382 1191
* 73216 18304 36608
cfi=(452)
cfn=(2552)
calls=18304 3139 
* 54912 36608 18304
* 38990 0 19495
0 38990 38990 0 1191 0 0 1
759 38990 0 0 0 0 0 0 0 0 19495 3579
jcnd=18304/19495 +1 
* 
+59 4764 1191 1191
cfi=(452)
cfn=(2558)
calls=1191 3980 
* 39303 9528 17865 3573 0 0 3 0 0 1191 34
* 3573 0 2382
-58 73216 18304 18304 1191 0 0 1
cfi=(452)
cfn=(2554)
calls=18304 3980 
* 549120 128128 237952 4764 0 0 4 0 0 18304
* 36608 0 18304
0 2382 2382 0 1191 0 0 1
818 1191 0 1191
cfi=(325)
cfn=(2562)
calls=1191 1041 
* 27393 7146 15483 2382 0 0 1
* 3573 0 2382
0 3573 2382
818 1191 0 1191
cfi=(258)
cfn=(2566)
calls=1191 2073 
* 3143891 860271 1312500 47640 1 0 38 0 0 140778 3991 27433 1192
* 3573 0 1191 1191 0 0 1
+1 1191 0 1191
cfi=(276)
cfn=(2430)
calls=1191 2896 
* 4764 3573 1191
* 3573 0 2382
0 2382 2382 0 1191 0 0 1
819 1191 0 1191
cfi=(346)
cfn=(2434) <str>::trim
calls=1191 2186 
* 998058 262020 412086 0 0 0 0 0 0 50022 10 1191
* 3573 0 2382
0 2382 2382 0 1191 0 0 1
819 1191 0 1191
cfi=(346)
cfn=(2510) <str>::is_empty
calls=1191 175 
* 7146 1191 2382
* 2382 0 1191
0 1191 1191
819 3573 0 0 0 0 0 0 0 0 1191
+1 9528 2382 4764 1191 0 0 1
cfi=(452)
cfn=(2618)
calls=1191 1003 
* 206211 59581 52417 11913 2 2 7 0 2 16703 10 4764 3
* 1191
jump=1191 * 
* 
0 1191 1191
822 8337 3573 4764 0 0 1 0 0 1
+1 3573 1191 0 0 0 0 0 0 0 1191 2
jump=1191 * 
* 
-3 1191 0 0 1191 0 0 1
+3 4764 0 3573
cfi=(264)
cfn=(2626)
calls=1191 +25 
* 238218 68470 44271 6764 25 0 4 0 0 35850 1990 3573 1
* 3573 2382
0 18304 18304 0 1191 0 0 1
760 54912 18304 36608 1191 0 0 1
+1 36608 0 0 0 0 0 0 0 0 18304 503
jcnd=396/18304 +2 
* 
0 17908 17908
778 53724 0 0 0 0 0 0 0 0 17908 3
-15 2772 396 396 0 0 0 0 0 0 396
0 17908 17908 0 1191 0 0 1
795 53724 0 0 0 0 0 0 0 0 17908 2
0 17908 17908
801 53724 0 0 1191 0 0 1 0 0 17908 2
0 17908 17908 0 1191 0 0 1
809 53724 0 0 1191 0 0 1 0 0 17908
jump=17908 +7 
* 
+7 125356 17908 17908 2382 0 0 2 0 0 17908
0 17908 17908 0 1191 0 0 1
816 17908 0 17908
-57 17908
jump=17908 * 
* 
0 396 396 0 396 0 0 1
763 396 0 396
+1 396
jump=396 * 
* 
* 3168 792 1584 396 0 0 1
cfi=(452)
cfn=(2552)
calls=792 3139 
* 2376 1584 792
* 1584 0 792
0 1584 1584
764 1584 0 0 0 0 0 0 0 0 792
+1 3168 792 792 396 0 0 1
cfi=(452)
cfn=(2554)
calls=792 3980 
* 23760 5544 10296 0 0 0 0 0 0 792
* 1584 0 792
0 792 792
765 1584 792 0 0 0 0 0 0 0 792 396
jcnd=396/792 +1 
* 
+8 2772 396 396 0 0 0 0 0 0 396
-7 2772 396 396 0 0 0 0 0 0 396 125
0 396 396 0 396 0 0 1
773 396 0 396
-8 396
jump=396 -1 
* 
0 396
766 396 0 396
cfi=(452)
cfn=(2552)
calls=396 3139 
* 1188 792 396
* 792 0 396 396 0 0 1
0 792 792
766 792 0 0 0 0 0 0 0 0 396 2
jcnd=396/396 * 
* 
+3 2772 396 396 0 0 0 0 0 0 396
-3 2376 396 396 396 0 0 1 0 0 396 356
0 396 396
766 1188 0 396
cfi=(452)
cfn=(2554)
calls=396 3980 
* 11880 2772 5148 0 0 0 0 0 0 396
* 792 0 396 396 0 0 1
0 396 396
766 792 396 0 0 0 0 0 0 0 396 2
jcnd=396/396 +3 
* 
0 396 396
769 396 0 396 396 0 0 1
fi=(251)
0 396
jfi=(472)
jump=396 759 
0 
fe=(472)

fn=(2748)
413 11940 2388 6368 798 0 977 2
+1 796 0 796 399 0 0 1
cfn=(2750)
calls=796 -11 
* 484359 131940 116493 4780 653 3441 11 2 9 52133 5478 9552 1194
* 1592 0 0 0 0 0 0 0 0 796 615
0 796 796
415 796 0 796 399 0 0 1
-1 796
0 796 796 0 399 0 0 1
423 1592 796

fn=(3288)
529 3960 0 2376 792 0 40 2
+1 792 0 792 0 0 311
cfn=(2708)
calls=792 395 
* 304216 87084 76059 92 0 3213 0 0 8 32300 1185 4752
* 3960 792 792 0 0 0 0 0 0 792
0 792 792
530 1584 0 0 396 0 0 1 0 0 792 396
jcnd=396/792 +1 
* 
* 396
0 396 396
530 792 0 0 0 0 0 0 0 0 396 2
+1 1980 792 792 792 0 0 2
+1 396 0 396
cfi=(276)
cfn=(2430)
calls=396 2896 
* 1584 1188 396
* 1188 0 792
0 396 396
540 7920 3564 3960 792 0 0 2
0 792 792 0 396 0 0 1
552 1584 792
0 1188 792 0 396 0 0 1
532 396 0 396
cfi=(346)
cfn=(3290) <str>::parse::<i64>
calls=396 2781 
* 64944 18612 20988 8316 0 285 21 0 0 7128 1106
* 2376 396 0 0 0 0 0 0 0 396 2
0 396 396 0 396 0 0 1
532 792 396 396
+1 3960 1188 2376 396 0 0 1
+6 792 0 396
cfi=(264)
cfn=(888)
calls=396 848 
* 54706 17038 10294 2 0 0 0 0 0 6355 6 1980 396
* 396 0 0 396 0 0 1

fn=(2642) rustgres::sql::parse_statement
371 13101 2382 7146 2382 0 0 2
+1 4764 0 4764 1191 0 0 1
cfi=(346)
cfn=(2434)
calls=1191 2186 
* 998058 262020 412086 0 0 4 0 0 4 50022 641 1191
* 2382 0 2382
+1 4764 2382 1191
cfi=(346)
cfn=(2644) <str>::strip_suffix::<char>
calls=1191 2486 
* 250110 51213 88134 24561 1276 0 20 0 0 15483 17 2382 2
* 10719 1191 2382 1191 0 0 1 0 0 1191 1
jcnd=1191/1191 +3 
* 
+3 4764 2382 1191 1191 0 0 1
cfn=(2668)
calls=1191 53 
* 12453196 3268751 4036048 98022 3405 12619 103 4 337 931843 53971 87838 2126
* 3573 0 1191
cfi=(300)
cfn=(2704)
calls=1191 2175 
* 26202 13101 11910 3573 0 0 3 0 0 1191 30
* 2382 1191 0 0 0 0 0 0 0 1191 397
jcnd=1191/1191 * 
* 
* 10719 4764 5955 2382 0 0 2
+1 14292 4764 7146 1191 0 0 1
+1 1191 0 1191 1191 0 0 1
cfn=(2706)
calls=1191 +69 
* 3482624 980260 948486 109709 3502 10143 230 6 39 329017 29363 54820 10732
* 1191
0 2382
378 1191 0 1191 1191 0 0 1
cfi=(300)
cfn=(2764)
calls=1191 2175 
* 79797 22629 15483 3177 0 0 3 0 0 13101 1200 2382
* 8337 1191 0 0 0 0 0 0 0 1191 2
jcnd=1191/1191 * 
* 
* 32157 14292 15483 4764 0 0 4
+1 1191 0 1191
cfn=(2708)
calls=1191 +16 
* 221526 72651 75033 398 0 0 1 0 0 9528 3 1191 399
* 1191
jump=1191 * 
* 
* 4764 1191 1191 1191 0 0 1 0 0 1191
+1 5955 0 2382
cob=(2)
cfi=(214)
cfn=(708)
calls=1191 255 
* 26202 7146 4764 0 0 0 0 0 0 5955 4
* 1191 1191 0 0 0 0 0 0 0 0 0 1191
* 4764 1191 1191 1191 0 0 1
cob=(2)
cfi=(214)
cfn=(708)
calls=1191 255 
* 26202 7146 4764 0 0 539 0 0 0 5955
* 1191 1191 0 0 0 0 0 0 0 0 0 1191
* 1191
jump=1191 +2 
* 
+2 2382 1191 0 1191 0 0 1 0 0 1191 2
* 1191 0 1191
+1 3573 1191 0 0 0 0 0 0 0 1191
jump=1191 * 
* 
0 1191 0 0 1191 0 0 1
382 1191 0 1191
cfi=(264)
cfn=(2736)
calls=1191 848 
* 21438 4764 3573 0 0 0 0 0 0 3573
* 1191
jump=1191 * 
* 
+1 3573 0 2382 1191 0 0 1
cfi=(264)
cfn=(2766)
calls=1191 848 
* 852430 254763 170766 12130 364 0 9 0 0 102413 8554 19488 1
* 1191
jump=1191 * 
* 
* 1191 0 1191 1191 0 0 1
0 1191 1191
383 2382 1191

fn=(2710)
391 52822 7546 30184 1191 0 729 1 0 1
+1 7546 0 7546 1191 0 562 1 0 1
cfi=(452)
cfn=(2712)
calls=7546 3898 
* 30184 22638 7546 1191 0 0 1
* 37730 15092 7546
cfi=(325)
cfn=(2714)
calls=7546 574 
* 188650 45276 83006 4764 0 1107 4 0 1 7546 32
* 22638 0 7546
cfi=(265)
cfn=(2718)
calls=7546 2162 
* 1198275 324649 261339 14333 746 4325 14 1 32 147053 14353 29406 8344
* 37730 7546 15092 1191 0 0 1
cfi=(265)
cfn=(2734)
calls=7546 1038 
* 339570 105644 90552 5955 0 0 5 0 0 30184 28
* 7546 7546
+1 15092 7546

fn=(2750)
403 8358 0 4776 1590 0 534 2
+1 2388 0 1194
cfn=(2710)
calls=1194 -13 
* 337431 94133 85504 1002 6 2907 0 0 9 33949 3007 5184 795
* 3582 1194 0 0 0 0 0 0 0 1194 382
jcnd=396/1194 +5 
* 
+1 4788 0 2394
cfi=(482)
cfn=(2752)
calls=798 2461 
* 51202 12401 15957 2175 647 0 7 2 0 4642 267 797 1
* 1596 0 798 399 0 0 1
+4 794 0 397 396
jump=397 +1 
* 
0 798 798
405 1596 0 0 0 0 0 0 0 0 798 6
* 1
jump=1 +4 
* 
0 797 797
406 4782 797 797 399 0 0 1 0 0 797 1
0 1594 1594
406 797 0 797
+1 797 0 797
+1 797
jump=797 +2 
* 
+2 2388 0 1194 396
cfi=(264)
cfn=(2736)
calls=1194 848 
* 127770 38317 25123 6 0 0 0 0 0 14801 2224 3990 798
+1 4776 2388 0 795 0 0 1

fn=(2960)
506 5 0 4 2 0 0 1
+1 5 0 2
cfn=(2748)
calls=1 -94 
* 699 183 159 15 0 7 0 0 7 75 11 12 1
* 3 0 1
cfi=(300)
cfn=(2758)
calls=1 2175 
* 13 4 4 2 0 0 0 0 0 1
* 6 1 0 1 0 0 1 0 0 1 1
0 1 1 0 1 0 0 1
508 2 0 1 1 0 0 1
cfn=(2760)
calls=1 -83 
* 336 106 103 5 0 0 0 0 0 24 8 6 1
* 3 0 1
cfi=(300)
cfn=(2762)
calls=1 2175 
* 22 11 10 4 0 0 0 0 0 1 1
* 2 1 0 0 0 0 0 0 0 1 1
0 1 1 0 1 0 0 1
508 8 4 4 1 0 0 1
+1 6 0 2 1 0 0 1
cfn=(2962)
calls=1 -74 
* 274 81 89 8 0 0 8 0 0 17 5 1 1
* 1
0 2 0 0 1 0 0 1
509 1 0 1
cfi=(300)
cfn=(2758)
calls=1 2175 
* 13 4 4 0 0 0 0 0 0 1 1
* 7 1 0 0 0 0 0 0 0 1 1
0 1 0 0 1 0 0 1
510 1 0 1
cfi=(452)
cfn=(2966)
calls=1 -46 
* 6 1 3 1 0 0 1
* 2
0 4 2
512 2 0 2
cfn=(2760)
calls=2 -87 
* 839 242 218 0 0 1 0 0 1 83 11 12 3
* 2
0 4 0 0 1 0 0 1
512 2 0 2
cfi=(300)
cfn=(2762)
calls=2 2175 
* 44 22 20 0 0 0 0 0 0 2
* 6 2 0 1 0 0 1 0 0 2 2
0 2 2 0 1 0 0 1
512 20 8 10 1 0 0 1
+1 2 0 2 1 0 0 1
cfn=(2968) <rustgres::sql::Parser>::parse_col_type
calls=2 -18 
* 1585 438 406 9 0 6 9 0 6 162 14 24 2
* 2
0 4
513 2 0 2 1 0 0 1
cfi=(300)
cfn=(2970)
calls=2 2175 
* 34 12 12 2 0 0 2 0 0 2 2
* 14 2 0 0 0 0 0 0 0 2 2
jcnd=2/2 * 
* 
* 4 2 2 1 0 0 1
+1 26 8 14 1 0 0 1
cfi=(452)
cfn=(2972)
calls=2 1003 
* 273 78 78 8 0 0 8 0 0 20 2 5 1
* 2
0 4 2
515 2 0 2 1 0 0 1
cfn=(2708)
calls=2 395 
* 374 122 126 1 0 0 0 0 0 16 3 2 2
* 10 2 2 0 0 0 0 0 0 2 1
* 1
0 1 1
515 2 0 0 0 0 0 0 0 0 1 1
0 1
524 1 0 1
cfi=(264)
cfn=(2736)
calls=1 848 
* 18 4 3 0 0 0 0 0 0 3
* 1
0 1 0 0 1 0 0 1
524 1 0 1 1 0 0 1
cfi=(264)
cfn=(2736)
calls=1 848 
* 18 4 3 0 0 0 0 0 0 3
* 1
jump=1 +1 
* 
0 1 1
525 1 0 1
+1 28 12 14 3 0 0 3
cob=(2)
cfi=(214)
cfn=(708)
calls=1 255 
* 22 6 4 0 0 0 0 0 0 5 2
* 1 1 0 1 0 0 0 0 0 0 0 1
0 1 1
527 2 1
-2 1 0 1 1 0 0 1
fi=(251)
0 1
fe=(472)

fn=(2968)
495 8 0 6 1 0 0 1
+1 4 0 2
cfn=(2760)
calls=2 -71 
* 1003 274 232 0 0 6 0 0 6 110 4 12
* 6 0 2
cfi=(300)
cfn=(2762)
calls=2 2175 
* 44 22 20 0 0 0 0 0 0 2
* 4 2 0 1 0 0 1 0 0 2 2
jcnd=2/2 * 
* 
* 18 8 8 1 0 0 1
+1 2 0 2
cfi=(276)
cfn=(2740)
calls=2 1073 
* 8 6 2
* 6 0 4 1 0 0 1
0 4 4
497 8 0 4 1 0 0 1
+1 6 0 2
cfi=(480)
cfn=(2742)
calls=2 29 
* 69 11 29 0 0 0 0 0 0 6 2 1
* 4 0 2
0 2 2
498 4 0 0 0 0 0 0 0 0 2 1
* 1
0 2 2
498 3 0 1
cfi=(480)
cfn=(2742)
calls=1 29 
* 21 2 13 0 0 0 0 0 0 1
* 2 0 1
0 1 1 0 1 0 0 1
498 3 0 2
jump=1 +6 
* 
0 1 1
498 3 0 0 0 0 0 0 0 0 1
0 2 2
499 3 0 1 1 0 0 1
cfi=(480)
cfn=(2742)
calls=1 29 
* 48 9 16 0 0 0 0 0 0 5 3 1
* 2 0 1
0 1 1
499 2 0 0 0 0 0 0 0 0 1 1
0 1 1
499 3 0 2 1 0 0 1
jump=1 +5 
* 
+5 4 0 2 1 0 0 1
cfi=(264)
cfn=(888)
calls=2 848 
* 276 86 52 0 0 0 0 0 0 32 1 10 2
0 2 2
504 4 2

fl=(511) /home/hatch/.rustup/toolchains/nightly-x86_64-unknown-linux-gnu/lib/rustlib/src/rust/library/core/src/borrow.rs
fn=(3634) <alloc::string::String as core::borrow::Borrow<alloc::string::String>>::borrow
214 1586 0 793
+2 793 793

fl=(483)
fn=(3008)
85 7 1 4 1 0 0 1
cfi=(482)
cfn=(3010)
calls=1 2461 
* 39 10 17 4 0 0 4 0 0 1
* 3 1

fn=(2818) rustgres::exec::execute
42 2793 0 2394 798 0 0 2
+1 1995 399 399 0 1
-43 798 399
43 1197 399 0 399 299 0 1 1 0 0 0 399 4
-43 1 1
44 7 0 4
cfi=(276)
cfn=(2430)
calls=1 2896 
* 4 3 1
* 4 1 3 1 0 0 1
cfi=(452)
cfn=(2978)
calls=1 3898 
* 4 3 1 1
* 7 4 1
cfn=(2980) rustgres::exec::exec_create
calls=1 +29 
* 5689 1491 1932 329 2 32 192 2 32 319 70 35 3
* 1
-44 396 396 0 396
46 1188 0 396 396 0 0 1
+1 1584 0 792
+1 1188 0 792
+1 396 0 396
cfi=(276)
cfn=(2430)
calls=396 2896 
* 1584 1188 396
* 1584 396 1188 396 0 0 1
cfi=(452)
cfn=(3330)
calls=396 3898 
* 1584 1188 396 396
* 3564 1980 792
cfn=(3332) rustgres::exec::exec_insert
calls=396 +80 
* 3002401 959217 1095953 174100 12739 16075 229 3 2474 432578 18487 20038 3178
* 396
-49 2 2 0 2 0 0 1
56 12 0 6 2 0 1 1
cfi=(276)
cfn=(2430)
calls=2 2896 
* 8 6 2 1
* 22 10 4 2 0 1 1
cfn=(2820) rustgres::exec::exec_drop
calls=2 453 
* 173008 47606 30639 263 1239 12 113 2 1 23205 69 3214 2
* 2
-56 399 399 0 399 1 0 1
71 798 399 0 0 1

fn=(3482) rustgres::exec::coerce_literal
105 7128 0 6336 792 0 0 2
+5 6336 792 792
0 1584 792
110 2376 792 0 0 280 0 0 1 0 0 0 792 792
0 396 396 0 396 0 0 1
110 1584 396 396 0 0 0 0 0 0 396 396
0 396 396 0 396 0 0 1
110 1188 396 0 0 0 0 0 0 0 396 2
0 792 792 0 396 0 0 1
112 5940 1584 2772 792 0 0 2
0 792 792 0 396 0 0 1
127 1584 792
0 396 396 0 396 0 0 1
115 1188 396 792 0 0 0 0 0 0 0 0 396 1
cfi=(262)
cfn=(2722)
calls=396 2425 
* 40392 10692 7524 1584 0 0 0 0 0 6336 10 1584 396
* 5940 2772 2772 792 0 0 2

fn=(2820)
453 20 0 14 4 0 0 2
+1 10 4 4
cfi=(308)
cfn=(2822)
calls=2 1390 
* 4823 1254 1661 181 16 9 104 1 1 186 31 18 1
* 4 2 2
cfi=(265)
cfn=(2894)
calls=2 682 
* 20 4 2 2 0 0 1
* 4 0 2
0 2 2 0 2 0 0 1
454 4 0 0 0 0 0 0 0 0 2 1
jcnd=1/2 * 
* 
* 3 0 1
cfi=(264)
cfn=(2896)
calls=1 848 
* 167143 46113 28686 38 1216 0 0 0 0 22947 26 3184 1
* 1
jump=1 +7 
* 
* 2 0 1 1 0 0 1
cfi=(264)
cfn=(2896)
calls=1 848 
* 11 2 2 2 0 0 2 0 0 1
* 3 1 0 0 0 0 0 0 0 1 1
jcnd=1/1 +7 
* 
+7 8 0 2 1
cfi=(276)
cfn=(2414) <str as alloc::string::ToString>::to_string
calls=2 2965 
* 894 204 248 28 6 1 0 1 0 64 10 10
* 2 2
-1 20 6 10 2 0 1 1
cob=(2)
cfi=(214)
cfn=(708)
calls=2 255 
* 24 6 4 0 0 1 0 0 0 4
* 2 2 0 0 0 0 0 0 0 0 0 2
+3 2
0 2 2 0 2 0 0 1
463 4 2 0 0 1

fn=(2980)
73 13 1 10 2 0 0 2
+5 4 2 2
cfi=(308)
cfn=(2982)
calls=1 1268 
* 25 4 13 6 0 0 5 0 0 1 1
* 2 0 0 0 0 0 0 0 0 1
-78 2 2
84 1 0 1
cfi=(325)
cfn=(2986)
calls=1 1041 
* 23 6 13 3 0 0 3
* 3 0 1 1 0 0 1
cfi=(258)
cfn=(2990)
calls=1 1044 
* 7 1 5 1 0 0 1
* 3 0 1
cfi=(360)
cfn=(2992)
calls=1 322 
* 8 4 3 1 0 0 1
* 7 3 3 1 0 0 1
jump=1 * 
* 
* 6 0 3 1 0 0 1
cfi=(495)
cfn=(2994)
calls=3 -5 
* 166 54 64 7 0 0 5 0 0 8 2
* 27 3 6 1 0 0 1 0 0 3 1
jcnd=1/3 +9 
* 
-84 4 4
84 30 4 26 2 0 0 2
fi=(319)
407 4 0 4
fi=(324)
1126 4 0 4 1 0 0 1
fi=(319)
407 6 2 4
+1 4 0 0 0 0 0 0 0 0 2 2
0 4 4 0 1 0 0 1
fe=(483)
85 2 0 2
cfi=(325)
cfn=(2986)
calls=2 1041 
* 46 12 26
* 10 0 6
cfi=(458)
cfn=(3004)
calls=2 321 
* 125 36 50 9 0 0 9 0 0 5 2
* 6 0 0 0 0 0 0 0 0 2
jump=2 -1 
* 
+8 5 2 2 1 0 0 1
cfi=(276)
cfn=(2414)
calls=1 2965 
* 449 102 124 31 0 0 0 0 0 32 3 5
* 3 2
+2 1 0 1
cfi=(467)
cfn=(3020)
calls=1 372 
* 1071 292 297 30 1 1 25 1 1 95 21 16 3
* 1
-95 1 0 0 1 0 0 1
96 1 0 1
cfi=(452)
cfn=(3036)
calls=1 464 
* 6 1 3 2 0 0 2
* 1
-96 1 1 0 1 0 0 1
94 8 4 4 1 0 0 1
-2 5 0 2
cfi=(308)
cfn=(3038)
calls=1 1332 
* 3101 831 1115 213 0 31 124 0 31 135 34 8
* 1
+6 3 0 2 1 0 0 1
cfi=(264)
cfn=(2896)
calls=1 848 
* 11 2 2 2 0 0 0 0 0 1
+2 4 0 1
cfi=(276)
cfn=(2414)
calls=1 2965 
* 447 102 124 7 1 0 0 1 0 32 4 5
* 1 1
-1 10 3 5 1 0 0 1
cob=(2)
cfi=(214)
cfn=(708)
calls=1 255 
* 12 3 2 0 0 0 0 0 0 2
* 1 1 0 0 0 0 0 0 0 0 0 1
-99 1 1 0 1 0 0 1
102 2 1

fn=(2778) rustgres::exec::subst_params
714 10719 0 9528 2382 0 0 2
+1 8337 1191 1191 1191 0 0 1 0 0 1191 49
* 795
0 795 795
715 2385 0 0 0 0 0 0 0 0 795 755
0 795 795
739 1590 0 795
0 396 396
716 792 0 396
+1 396 0 396
cfi=(452)
cfn=(3318)
calls=396 4102 
* 7920 2772 4356 792 0 0 2
* 1188 0 792 396 0 0 1
jump=396 * 
* 
* 1584 0 792 396 0 0 1
cfi=(458)
cfn=(3320)
calls=792 157 
* 16632 5940 7524 792 0 0 2 0 0 792 2
* 6336 792 792 0 0 0 0 0 0 792 2
* 792 396 396
+1 396 0 396 396
cfi=(452)
cfn=(3324)
calls=396 4102 
* 7920 2772 4356 792 0 0 2
* 1188 0 792
jump=396 * 
* 
0 396 396
724 396 0 396
0 396 396
741 792 396
0 795 795 0 795 0 0 1
741 1590 795
-23 2376 0 1188
cfi=(458)
cfn=(3326)
calls=1188 157 
* 25740 9504 11484 792 0 0 2 0 0 1188 3
* 9504 1188 1188 396 0 0 1 0 0 1188
jcnd=396/1188 -1 
* 
* 2376 792 1584
+1 4752 792 0 0 0 0 0 0 0 792 390
jcnd=792/792 -1 
* 

fn=(3332)
129 6336 792 4752 1188 0 0 3
+6 2376 792 1584 396 0 0 1
cfi=(308)
cfn=(3334)
calls=396 1296 
* 745800 196482 272844 46424 250 0 16 0 0 24651 1183 1584
* 1584 0 396
cfi=(265)
cfn=(3352)
calls=396 1361 
* 8712 1980 3168 792 0 0 2 0 0 396
* 1188 0 396
cfi=(300)
cfn=(3354)
calls=396 2175 
* 7524 2376 2376 1188 0 0 3 0 0 396 3
* 2376 396 0 396 0 0 1 0 0 396 2
0 396 396 0 396 0 0 1
135 1188 396 792 396 0 0 1
+4 2376 396 0 0 0 0 0 0 0 396 2
0 396 396 0 396 0 0 1
154 396 0 396
cfi=(452)
cfn=(3356)
calls=396 3139 
* 1188 792 396 396 0 0 1
* 1980 0 396 396 0 0 1
cfi=(258)
cfn=(3358)
calls=396 2073 
* 255816 72468 100584 18623 0 0 31 0 0 11880 333 1584
0 396 396
156 396 0 396
cfi=(452)
cfn=(3356)
calls=396 3139 
* 1188 792 396
* 792 0 396
0 792 792 0 396 0 0 1
156 792 0 396
+1 396 0 396
cfi=(452)
cfn=(3404)
calls=396 524 
* 69696 15840 18612 396 0 0 0 0 0 5940 161 1584
* 396
0 792 792
157 396 0 396 396 0 0 1
+1 396 0 396
cfi=(457)
cfn=(3408)
calls=396 23 
* 6732 1980 3960 792 0 0 1
* 1188 0 792
0 792 792 0 396 0 0 1
158 792 0 792
0 396
158 396 0 396
cfi=(458)
cfn=(3410)
calls=396 -1 
* 9108 3564 3960 1188 0 0 3 0 0 396
0 396
158 396 0 396
cfi=(458)
cfn=(3410)
calls=396 -1 
* 7524 2376 3564 0 0 0 0 0 0 396 2
* 1584 0 792
0 792 792 0 396 0 0 1
158 6336 792 792 0 0 0 0 0 0 792 2
* 1188 396 792 396 0 0 1
+1 396 0 396
cfi=(452)
cfn=(3414)
calls=396 3139 
* 1188 792 396 396 0 0 1
* 792 0 396
0 396
187 396 0 396
cfi=(452)
cfn=(3496)
calls=396 3139 
* 1188 792 396 396 0 0 1
* 792 0 396
0 792 792
187 396 0 396 396 0 0 1
+1 3168 792 1584
cfi=(452)
cfn=(3498)
calls=396 4111 
* 847594 387198 378557 32869 10383 16061 34 1 2469 303170 8195 3802 398
* 396 0 0 396 0 0 1
0 396
190 1188 0 792
cfi=(330) /home/hatch/.rustup/toolchains/nightly-x86_64-unknown-linux-gnu/lib/rustlib/src/rust/library/core/src/fmt/rt.rs
cfn=(1392) <core::fmt::rt::Argument>::new_display::<usize>
calls=396 89 
* 3960 1584 1980 396
* 2376 396 792 396 0 0 1
cfi=(331) /home/hatch/.rustup/toolchains/nightly-x86_64-unknown-linux-gnu/lib/rustlib/src/rust/library/core/src/fmt/mod.rs
cfn=(3532) <core::fmt::Arguments>::new::<12, 1>
calls=396 729 
* 1980 396 792 396 0 0 1
* 1188 0 792
0 1188 792
190 396 0 396
cfi=(508)
cfn=(3534) alloc::fmt::format
calls=396 649 
* 190080 44352 36036 13461 1382 0 15 1 0 21780 2437 4356 799
* 396
fi=(510)
614 2376 1188 1188 396 0 0 1
0 396 396
fe=(483)
189 3960 1188 1980 396 0 0 1
cob=(2)
cfi=(214)
cfn=(708)
calls=396 +66 
* 4752 1188 792 0 0 0 0 0 0 792 398
* 396 396 0 0 0 0 0 0 0 0 0 396
+3 1188 0 792 371
cfi=(264)
cfn=(3564)
calls=396 848 
* 56628 17028 12276 1584 0 0 4 0 0 6336 271 1188 396
0 396 396
192 792 396
0 396 0 0 396 0 0 1
159 396 0 396
cfi=(452)
cfn=(3416)
calls=396 3139 
* 1188 792 396 396
* 792 0 396
0 792 792 0 396 0 0 1
159 792 0 0 0 0 0 0 0 0 396
0 396 396
169 1980 0 792
cfi=(452)
cfn=(3418)
calls=396 3819 
* 279615 62301 65184 14135 179 12 29 0 5 37437 4281 1980 396
* 396
0 396 396 0 396 0 0 1
169 396 0 396
+1 396 0 396
cfi=(452)
cfn=(3436)
calls=396 3898 
* 1584 1188 396 396 0 0 1
* 1188 0 792
0 792 792 0 396 0 0 1
170 396 0 396
cfi=(325)
cfn=(3438)
calls=396 1041 
* 9108 2376 5148 1188 0 0 3
* 1188 0 792 396 0 0 1
0 1980 792 792
170 396 0 396
cfi=(452)
cfn=(3442)
calls=396 3898 
* 1584 1188 396 396 0 0 1
* 1188 0 792 396 0 0 1
0 792 792
170 396 0 396
cfi=(325)
cfn=(3444)
calls=396 1041 
* 9108 2376 5148 1188 0 0 2
* 1188 0 792
0 1980 1584 0 396 0 0 1
170 396 0 396
cfi=(258)
cfn=(3448)
calls=396 629 
* 70884 19404 33660 7524 0 0 14 0 0 792 2
* 396
0 792
170 396 0 396
cfi=(360)
cfn=(3468)
calls=396 322 
* 8316 2772 1980 697 0 0 0 0 0 792 396 396
* 1980 0 396 396 0 0 1
cob=(2)
cfi=(214)
cfn=(708)
calls=396 +85 
* 4752 1188 792 0 0 0 0 0 0 792
* 396 396 0 0 0 0 0 0 0 0 0 396
0 1188
170 1188 0 1188
cfi=(507)
cfn=(3470)
calls=1188 -88 
* 43164 17028 16632 1188 0 0 3 0 0 1188 398
* 3564 0 2376
0 2376 2376
170 10692 1188 2376 396 0 0 1 0 0 1188 3
jcnd=396/1188 +15 
* 
* 5544 2376 3168 396 0 0 1
+3 5544 792 0 0 0 0 0 0 0 792 4
+12 3168 792 1584 396 0 0 1
cfi=(452)
cfn=(3492)
calls=396 1003 
* 17820 7128 7920 1188 0 2 3 0 0 396
* 396
+1 396 0 396
-28 396
0 2376 2376 0 396 0 0 1
174 792 0 792
+8 1584 0 792 396 0 0 1
cfi=(452)
cfn=(3478)
calls=792 3980 
* 23760 5544 10296 1188 0 0 3 0 0 792
* 1584 0 792
0 792 792
182 3960 0 2376
+1 792 0 792
cfi=(276)
cfn=(2430)
calls=792 2896 
* 3168 2376 792 0 265
* 2376 0 1584 396 0 0 1
0 3960 3168
183 792 0 792
cfn=(3482)
calls=792 -78 
* 78012 22176 21384 5940 280 0 11 1 0 7128 408 2772 1189
* 792
0 1584
183 792 0 792
cfi=(300)
cfn=(3484)
calls=792 2175 
* 22176 8712 7920 1188 0 0 3 0 0 792 3
* 5544 792 0 396 0 0 1 0 0 792 1
0 792 792 0 396 0 0 1
183 9504 3168 4752 396 0 0 1
cfi=(452)
cfn=(3486)
calls=792 3989 
* 23760 5544 10296 1584 0 0 3 0 0 792
* 1584 0 792 396 0 0 1
0 792 792
183 792 0 792
cfi=(264)
cfn=(3490)
calls=792 848 
* 11880 1584 1584 792 0 0 1 0 0 792 2
* 792
0 792 792 0 396 0 0 1
183 6336 2376 3960
-13 792 0 0 396 0 0 1

fl=(368)
fn=(1912) std::thread::lifecycle::spawn_unchecked::<rustgres::main::{closure#0}, ()>::{closure#1}::{closure#0}::{closure#0}
63 22 10 10 4 0 2 2 0 2 0 0 2 2
cfi=(376)
cfn=(1914)
calls=2 +90 
* 1126 273 187 33 0 14 8 0 14 175 45 10 2
* 4 2

fn=(2090)
181 4 0 2 1
+1 10 2 8 2 0 0 1
cfi=(264)
cfn=(2074)
calls=2 848 
* 46 10 10 2 0 1 1 0 0 4 2
* 2
0 2 2 0 2 0 0 1
182 12 6 6
+1 4 2

fn=(1908) std::thread::lifecycle::spawn_unchecked::<rustgres::main::{closure#0}, ()>::{closure#1}::{closure#0}
62 4 0 2 2 0 1 1 0 1
+1 14 4 8 0 0 1 0 0 1
cfi=(249)
cfn=(1910) std::sys::backtrace::__rust_begin_short_backtrace::<std::thread::lifecycle::spawn_unchecked<rustgres::main::{closure#0}, ()>::{closure#1}::{closure#0}::{closure#0}, ()>
calls=2 +99 
* 1160 289 201 38 0 16 10 0 16 175 45 12 4
* 2
-63 2 2 0 2 0 0 1
64 14 4 8
cfi=(249)
cfn=(1928) std::sys::backtrace::__rust_begin_short_backtrace::<rustgres::main::{closure#0}, ()>
calls=2 +98 
* 231942765 61209475 62610823 1477102 985592 139969 2139 36 3364 21582872 432890 2166050 343910
* 2 0 0 1
+1 4 2 0 1 1

fn=(2082)
166 6 0 4 2 0 1 1
+4 4 2 0 0 0 0 0 0 0 2
0 2 2
170 20 2 2 2 0 0 1
0 2 2
181 4 0 2
fi=(424)
529 2 0 2
+12 8 0 2 2 0 0 1
cfi=(162)
cfn=(1902)
calls=2 0 
* 140 34 48 15 0 2 6 0 0 4 2 2 1
* 4 0 0 0 0 0 0 0 0 2
+3 8 4 4 0 1
-3 2
jfi=(368)
jump=2 181 
* 
fe=(368)
181 14 2 0 2 0 0 1 0 0 2 2
jcnd=2/2 +4 
* 
+4 4 0 2 2 0 0 1
cfi=(264)
cfn=(2092)
calls=2 848 
* 24 4 4 0 0 0 0 0 0 2
* 2 2
+2 16 2 0 2 0 0 1 0 0 2
jump=2 +7 
* 
+7 4 2 0 2 0 0 1

fn=(1648)
16 26 2 18 4 0 0 2
fi=(369)
2882 4 0 4 2 0 0 1
3541 4 0 4
4350 4 0 4
3541 4 0 4 2 0 0 1
4350 4 0 4
fe=(368)
28 6 0 6
fi=(265)
1065 4 2 0 2 0 0 1 0 0 2 2
jcnd=2/2 +2 
* 
+2 2 0 2
cfi=(368)
cfn=(1652) std::thread::lifecycle::spawn_unchecked::<rustgres::main::{closure#0}, ()>::{closure#0}
calls=2 28 
* 790 229 89 35 8 0 12 2 0 177 25 10 3
* 4 0 2
fe=(368)
0 2 2 0 2 0 0 1
fi=(265)
1067 2 0 2
fe=(368)
46 4 2 2 0 1 0 0 0 0 0 0 2 1
cfi=(177)
cfn=(1664)
calls=2 4319 
* 18 4 2 4 0 0 2 0 0 4
* 4 0 2
-46 4 4
46 2 0 2 1 0 0 1
+1 16 6 8 0 0 0 0 0 0 0 0 2 1
cfi=(371)
cfn=(1670) <std::thread::thread::Thread>::new
calls=2 +46 
* 500 106 68 19 0 1 10 0 1 81 13 4 2
* 4 0 2
-47 4 4 0 2 0 0 1
47 2 0 2
+2 4 0 0 0 0 0 0 0 0 2
+3 8 2 2 0 0 0 0 0 0 0 0 2 1
cfi=(376)
cfn=(1686)
calls=2 +67 
* 549 136 110 46 0 1 30 0 1 75 27 6 4
* 2
jump=2 * 
* 
* 2 0 2 2 0 0 1
+4 6 2 4
fi=(354)
2335 8 4 4 2 0 0 1
fe=(368)
56 10 4 6
fi=(369)
2885 2 0 2
fi=(355)
447 18 8 8 2 0 0 1
fi=(356)
292 4 0 2 2 0 0 1
cfn=(1586)
calls=2 -42 
* 459 102 111 13 0 1 0 0 1 52 4 6 1
* 4 0 2
0 2 2 0 2 0 0 1
292 2 0 2
+3 6 0 2
cob=(2)
cfi=(214)
cfn=(708)
calls=2 -40 
* 24 6 4 0 0 0 0 0 0 4 1
* 2 2 0 0 0 0 0 0 0 0 0 2
+3 2
fe=(368)
0 2 2 0 2 0 0 1
fi=(355)
447 2 0 2
+6 2 0 2 2 0 0 1
fi=(356)
1713 2 0 2
fi=(358)
303 2 0 2
fi=(355)
+23 2 0 2
fi=(358)
454 2 2
fi=(513)
32 2 0 2
fi=(369)
4354 6 2 4 0 0 0 0 0 0 2
fi=(355)
2552 6 0 0 2 0 0 1 0 0 2
0 2 2
2557 4 2 2
326 2 0 2
fe=(368)
61 36 14 22 4 0 0 2
fi=(358)
454 4 2 2 2 0 0 1
fe=(368)
79 16 2 0 0 0 0 0 0 0 2
jump=2 +7 
* 
+7 18 8 10 4 0 0 2
fi=(356)
292 2
fe=(368)
86 2
fi=(356)
292 2 0 2
cfn=(1586)
calls=2 -42 
* 563 128 119 0 0 1 0 0 1 77 10 6
* 4 0 2
0 2 2 0 2 0 0 1
292 2 0 2
+3 6 0 2
cob=(2)
cfi=(214)
cfn=(708)
calls=2 -40 
* 24 6 4 0 0 0 0 0 0 4 1
* 2 2 0 0 0 0 0 0 0 0 0 2
+3 2
fe=(368)
0 2 2 0 2 0 0 1
86 2 0 2
fi=(356)
1478 2 0 2
fe=(368)
90 6 0 4
-90 2 2 0 2 0 0 1
fi=(279)
78 4 0 2
cfn=(1596)
calls=2 -10 
* 14 2 4 0 0 0 0 0 0 2
-78 2 2
fi=(356)
1596 6 0 4
fi=(358)
454 2 2
fi=(513)
32 2 0 2
fi=(369)
4354 6 2 4 2 0 0 1 0 0 2
fi=(355)
2552 6 0 0 0 0 0 0 0 0 2
0 2 2
2557 4 2 2
fe=(368)
94 10 0 6 2 0 0 1
fi=(356)
292 4 0 2
cfn=(1586)
calls=2 -42 
* 563 128 119 0 0 1 0 0 1 77 6 6
* 4 0 2
0 2 2 0 2 0 0 1
292 2 0 2
+3 12 6 6 2 0 0 1
+3 2
fi=(355)
0 2 2
fe=(368)
94 2 0 2
+16 6 4 2 2 0 0 1 0 0 0 0 2 1
cfi=(383)
cfn=(1716)
calls=2 -57 
* 3637 897 640 252 23 45 90 7 40 511 131 26 14
* 6 0 4 1
0 4 4
110 4 0 4
fi=(300)
2176 4 2 0 0 0 0 0 0 0 2 2
fe=(368)
0 2 2 0 2 0 0 1
fi=(300)
2177 8 2 6 2 0 0 1
fe=(368)
110 4 2 2
+1 2 2
+1 2 2
-16 18 6 12 2 0 0 1
-96 2 2
114 4 2

fn=(1896)
61 4 0 2
+1 38 14 18 4 0 0 2
cob=(2)
cfi=(214)
cfn=(708)
calls=2 255 
* 24 6 4 0 0 0 0 0 0 4 2
* 2 2 0 0 0 0 0 0 0 0 0 2
fi=(423)
181 8 0 2
cob=(2)
cfi=(214)
cfn=(708)
calls=2 +74 
* 24 6 4 0 0 0 0 0 0 4
* 2 2 0 0 0 0 0 0 0 0 0 2
fi=(424)
529 8 0 2 1 0 0 1
cob=(2)
cfi=(214)
cfn=(708)
calls=2 255 
* 24 6 4 0 0 0 0 0 0 4
* 2 2 0 0 0 0 0 0 0 0 0 2
+12 8 0 2
cfi=(162)
cfn=(1902)
calls=2 0 
* 231944081 61209800 62611068 1477158 985596 139987 2154 36 3382 21583055 432935 2166068 343915
* 4 0 0 1 0 0 0 0 0 2
+3 2 0 2
-3 2
0 2 2 0 2 0 0 1
fe=(368)
70 10 4 6 2 0 1 1
fi=(358)
454 2 2 0 0 1
fi=(354)
2437 2
0 2 0 2
fe=(368)
70 2 0 2
cfi=(264)
cfn=(2074)
calls=2 848 
* 14 4 4 4 1 0 2 0 0 2
* 2
-70 4 4 0 2 0 0 1
70 8 4 4
+4 8 2 4 2 0 1 1
fi=(438)
1049 2 0 2
cfi=(264)
cfn=(1790)
calls=2 848 
* 932 207 265 81 5 4 33 1 0 68 14 10 3
* 2
jfi=(368)
jump=2 77 
* 
fe=(368)
77 4 2 0 2 1 0 1

fn=(1652)
28 2 0 0 2 0 0 1
fi=(369)
3141 2 0 2
fi=(265)
1038 2 0 2
fi=(369)
3220 6 2 4 0 1
4013 4 2 2 2 0 0 1
fe=(368)
31 4 2 2
fi=(369)
3143 6 2 2
cfn=(1654)
calls=2 4315 
* 38 12 10 7 1 0 4 1 0 0 0 2 1
* 4 0 4
fe=(368)
31 4 0 0 0 0 0 0 0 0 2 1
+5 4 0 1 1 0 0 1
cfi=(266)
cfn=(1658)
calls=1 264 
* 665 194 47 17 6 0 0 1 0 174 24 7 1
fi=(265)
1543 7 1 0 0 0 0 0 0 0 1
jump=1 +2 
* 
0 1 1 0 1
fe=(368)
33 2 0 1
+11 1
jump=1 * 
* 
fi=(265)
1545 4 2 2 1 0 0 1
1044 2 0 1
jfi=(368)
jump=1 42 
* 
fe=(368)
42 3 1 1 1 0 0 1
fi=(369)
3222 3 1 1
cfn=(1662) core::sync::atomic::atomic_store::<usize, false>
calls=1 4299 
* 20 5 7 3 0 0 3 0 0 0 0 1 1
fe=(368)
44 6 4

fl=(369)
fn=(1654)
4315 11940 0 7164 1051 0 0 1
+3 4776 0 2388
0 4776 2388
4318 7164 2388 0 0 791 0 0 1 0 0 0 2388 1
0 2388 2388
4319 7164 2388 2388 1152 710 0 1
jump=2388 +7 
* 
+7 7164 4776 0 1950 0 0 2

fn=(2790)
4388 14316 0 10737 1592 0 1 1 0 1
+9 2386 0 1193
0 2386 1193
4397 3579 1193 0 0 795 0 0 1 0 0 0 1193 1
0 1193 1193 0 797 0 0 1
4397 4772 0 1193 0 0 0 0 0 0 1193 9
-1 8351 2386 3579 795 0 0 1
+51 2386 0 0 0 0 0 0 0 0 1193 8
0 3579 3579 0 1192 0 0 1
4408 8351 0 3579 809 0 239 1
jump=1193 -12 
* 
0 1193 1193 0 796 0 0 1
4447 2386 0 2386
+1 4772 3579

fn=(2800)
4315 5965 0 3579 1150 0 0 1
+3 2386 0 1193
0 2386 1193
4318 3579 1193 0 0 795 0 0 0 0 0 0 1193 398
0 1193 1193
4319 3579 1193 1193
jump=1193 +7 
* 
+7 3579 2386 0 797 0 0 1

fn=(2076)
4814 12 0 4 2 0 0 1
+3 8 0 4
0 8 4
4817 12 4 0 0 2 0 0 1 0 0 0 4 1
jump=4 +1 
* 
+1 4 0 0 2 0 0 1
jump=4 +7 
* 
+7 8 4

fn=(1662)
4299 7 0 5 1 0 0 1
+3 2 0 1
0 2 1 0 1 0 0 1
4302 3 1 0 0 0 0 0 0 0 0 0 1 1
0 2 2
4303 2 0 1
jump=1 +7 
* 
+7 2 1 0 1 0 0 1

fl=(487)
fn=(2836) <&str as core::hash::Hash>::hash::<std::hash::random::DefaultHasher>
943 1990 0 796 796 0 0 1
+1 1194 796 398
cfn=(2838) <str as core::hash::Hash>::hash::<std::hash::random::DefaultHasher>
calls=398 -79 
* 236412 61690 80396 16672 1 0 26 0 0 9950 153
+1 796 398

fn=(2838)
865 3184 398 1592
+1 398 0 398
cfi=(314)
cfn=(2840) <std::hash::random::DefaultHasher as core::hash::Hasher>::write_str
calls=398 135 
* 232034 60894 78406 16672 1 0 26 0 0 9950 153
+1 796 398

fn=(3042)
695 3970 0 1588 398 0 0 1
+5 1588 0 794
cfi=(314)
cfn=(2830) <std::hash::random::RandomState as core::hash::BuildHasher>::build_hasher
calls=794 83 
* 100838 27790 32554 2786 278 0 0 0 0 11910 794 2382
+1 2382 0 794
cfn=(3044) <&alloc::string::String as core::hash::Hash>::hash::<std::hash::random::DefaultHasher>
calls=794 943 
* 478782 126246 163564 17229 268 0 0 0 0 19850 32
+1 1588 0 794 398
cfi=(314)
cfn=(2860) <std::hash::random::DefaultHasher as core::hash::Hasher>::finish
calls=794 140 
* 420026 123070 180238 8905
* 794 0 794
+1 794
0 794 794
703 1588 794

fn=(2828)
695 2388 0 1194 397 0 0 1
+5 796 0 398 398
cfi=(314)
cfn=(2830)
calls=398 83 
* 50546 13930 16318 2782 3 0 7 0 0 5970 404 1194
+1 1194 0 398
cfn=(2836)
calls=398 943 
* 240392 62884 81590 17468 1 0 27 0 0 9950 153
+1 796 0 398
cfi=(314)
cfn=(2860)
calls=398 140 
* 210542 61690 90346 7961 0 0 20
* 398 0 398
+1 398
0 398 398
703 796 398

fn=(3044)
943 2382 0 1588 397
+1 1588 794 794
cfi=(276)
cfn=(3046) <alloc::string::String as core::hash::Hash>::hash::<std::hash::random::DefaultHasher>
calls=794 2801 
* 473224 124658 161182 16832 268 0 0 0 0 19850 32
+1 1588 794

fl=(252)
fn=(842) std::env::args_os
863 8 0 6
fi=(177)
4319 2 1 1
fi=(275)
38 1
fi=(165)
146 1 0 0 1 0 0 1 0 0 1
0 1
fi=(177)
4319 1 1
fi=(173)
3242 2
fi=(301)
486 2 0 0 0 0 0 0 0 0 1 1
jfi=(253)
jcnd=1/1 -14 
* 
fi=(239)
971 2
fe=(252)
864 4 0 4 0 0 1
+1 9 7
fi=(253)
472 2 0 0 1 0 0 1 0 0 1
0 3 1 1 0 0 1 0 0 0 0 0 1 1
cfi=(162)
cfn=(812)
calls=1 0 
0 1 1
fi=(242)
131 3 1 1 0 0 0 0 0 0 0 0 1 1
cfi=(162)
cfn=(814)
calls=1 0 
* 200 39 18 0 0 3 0 0 0 32 2 1
* 5 0 0 1 0 0 1
fi=(253)
481 2 0 0 0 0 0 0 0 0 1 1
jfi=(254)
jcnd=1/1 977 
* 
fi=(254)
977 2 0 2
fi=(165)
0 1 0 1
fi=(236)
2224 1
fi=(255) /rustc/4aa1fbcf467cf38ce58abfa8eb9213a789c5381c/library/core/src/iter/range.rs
1100 1 0 0 0 0 0 0 0 0 1
0 5 0 2 1 0 0 1
0 1
fi=(233)
1966 3 0 3
fi=(165)
0 1 0 1
fi=(236)
2224 3 1
fi=(255)
1100 1 0 0 0 0 0 0 0 0 1 1
0 1 1
fi=(233)
1758 1 1
fi=(275)
38 1 0 0 1 0 0 1
fi=(165)
+4 1 0 0 0 0 0 0 0 0 1
-42 1 0 1
fi=(256)
772 2 1 1 0 0 0 0 0 0 0 0 1 1
cob=(2)
cfi=(218)
cfn=(722)
calls=1 52 
* 14 2 0 0 0 0 0 0 0 2
* 1
fi=(253)
472 2 0 0 0 0 0 0 0 0 1
0 1 1 1 0 0 0 0 0 0 0 0 1 1
cfi=(162)
cfn=(812)
calls=1 0 
0 1 1
fi=(242)
131 3 1 1 0 0 0 0 0 0 0 0 1 1
cfi=(162)
cfn=(814)
calls=1 0 
* 200 39 18 0 0 1 0 0 1 32 0 1
fi=(253)
481 2 0 0 0 0 0 0 0 0 1
fi=(257)
0 1
fi=(233)
574 4 1 1 1 1 0 1 0 0 0 0 1 1
cob=(2)
cfi=(214)
cfn=(708)
calls=1 255 
* 11 3 2 0 0 0 0 0 0 2 2
fi=(254)
1040 3 2 0 0 0 0 0 0 0 1 1
fi=(255)
0 1 0 0 1 0 0 1
fi=(165)
61 4 3
jfi=(239)
jump=1 971 
* 
fe=(252)

fn=(840) std::env::args
829 1 1 0 1 0 0 1 0 0 0 0 1 1
cfn=(842)
calls=1 +34 
* 523 108 65 7 1 6 7 0 1 78 8 8 6

fn=(872)
877 16 0 10 1 0 0 1
fi=(178)
1663 4 4
fi=(529)
279 2 0 0 0 0 0 0 0 0 2 1
jfi=(263)
jcnd=1/2 1166 
* 
fi=(178)
627 1
fi=(529)
284 1 0 1
fi=(233)
1758 1 1
fi=(263)
1164 2 0 0 0 0 0 0 0 0 1
fe=(252)
878 3 2
fi=(262)
570 3 1 1 1 1 0 1 0 0 0 0 1 1
cfi=(260)
cfn=(876)
calls=1 89 
* 81 14 6 6 0 0 6 0 0 21 7
* 2 1 0 0 0 0 0 0 0 1
fi=(263)
1165 4 0 3
jfi=(252)
jump=1 879 
* 
+1 1 0 1
fe=(252)
879 16 12

fn=(914)
229 9 0 5 1 0 0 1
+1 1 1 1 0 0 0 0 0 0 0 0 1 1
cfi=(269)
cfn=(916)
calls=1 112 
* 647 179 49 21 46 0 21 1 0 150 30 11 8
fi=(263)
1336 3 1 0 0 0 0 0 0 0 1
+1 3 2 0 1 0 0 1
fi=(262)
570 3 1 1 0 0 0 0 0 0 0 0 1 1
cfi=(260)
cfn=(876)
calls=1 89 
* 56 9 6 0 0 0 0 0 0 11 5
* 1 1
fi=(245)
0 3 0 2 0 0 2
fi=(262)
570 1
0 2 0 2
fe=(252)
234 8 6 0 1 0 0 1

fl=(509) /rustc/4aa1fbcf467cf38ce58abfa8eb9213a789c5381c/library/alloc/src/fmt.rs
fn=(3542) alloc::fmt::format::format_inner
650 4356 0 2376 396 0 0 1
fi=(338)
878 792 0 0 0 0 0 0 0 0 396
jfi=(233)
jcnd=396/396 1758 
* 
fi=(233)
1758 396 396 0 0 272 0 0 1
fi=(338)
767 792 0 0 396 0 0 1 0 0 396
0 1584
jfi=(178)
jump=396 627 
0 
772 792
fi=(178)
627 396
fi=(233)
1758 396 396
fi=(338)
767 792 0 0 0 0 0 0 0 0 396
fi=(233)
1758 396 396
fi=(338)
767 792 0 0 0 0 0 0 0 0 396 2
fi=(178)
627 792
fi=(338)
770 1584 0 0 0 0 0 0 0 0 792 396
jcnd=396/792 +2 
* 
+4 1188 0 0 0 0 0 0 0 0 396 2
jcnd=396/396 +8 
* 
+8 1188 0 0 396 0 0 1
+4 3168
+2 1584
+1 1188 0 0 396 0 0 1
fi=(178)
627 1584
jfi=(233)
jump=396 1758 
* 
0 792
fi=(338)
795 792 0 0 0 0 0 0 0 0 396
0 396
fi=(374)
113 396 0 0 0 0 0 0 0 0 396
fi=(253)
472 792 0 0 0 0 0 0 0 0 396
fi=(242)
129 396 396 396 0 0 0 0 0 0 0 0 396 1
cfi=(162)
cfn=(812)
calls=396 0 
* 396 396
* 396
+2 1188 396 396 396 0 0 1 0 0 0 0 396 1
cfi=(162)
cfn=(814)
calls=396 0 
* 21780 5148 2772 0 0 0 0 0 0 3168 398 396
fi=(253)
481 792 0 0 0 0 0 0 0 0 396 2
jfi=(262)
jcnd=396/396 +13 
* 
fi=(262)
+13 1188 0 1188
fi=(338)
238 1980 396 396 396 346 0 1 0 0 0 0 396 1
cfn=(1434)
calls=396 1631 
* 105732 25740 19008 7521 764 0 2 0 0 13068 1635 2376 795
fi=(245)
1182 792 0 0 0 0 0 0 0 0 396
fe=(509)
656 1584 792 792
+1 3564 2772

fl=(356)
fn=(1586)
250 50 0 40 4 0 0 1
fi=(357)
547 20 0 10
429 30 0 20
+1 20 0 10
cfn=(1588)
calls=10 303 
* 2401 553 464 34 1 8 9 0 6 329 26 30 3
* 20 0 20 4 0 0 1
fe=(356)
251 70 10 0 0 0 0 0 0 0 10 7
jcnd=10/10 +1 
* 
+1 40 20 20
+3 20 10 0 4 0 0 1

fl=(251)
fn=(838) rustgres::data_dir
21 3 0 2 1 0 1 1
+1 3 1 2 0 1 2 0 0 0 0 0 1 1
cfi=(252)
cfn=(840)
calls=1 829 
* 524 109 65 8 1 6 8 0 1 78 8 9 7
* 4 0 1 1 0 0 1
cfi=(258)
cfn=(860)
calls=1 1375 
* 12 5 6 1 0 0 1
-22 2
23 1 0 1
cfi=(259)
cfn=(862) <core::iter::adapters::skip::Skip<std::env::Args> as core::iter::traits::iterator::Iterator>::next
calls=1 +17 
* 427 118 105 34 4 0 34 0 0 48 13 8 8
* 1
jump=1 * 
* 
* 6 1 0 1 0 0 1 0 0 1 1
jcnd=1/1 +9 
* 
+9 4 0 1 1 0 0 1
cfi=(266)
cfn=(908)
calls=1 228 
* 766 211 79 28 46 2 28 1 0 162 35 14 11
* 1
jump=1 * 
* 
+6 2 0 1 1 0 0 1
cfi=(264)
cfn=(962)
calls=1 848 
* 276 85 99 22 0 0 22 0 0 20 3 3 1
* 1
-6 2 1 0 1 0 0 1 0 0 1 1
jcnd=1/1 * 
* 
* 6 2 3 1 0 0 1
+1 1 0 1
cfi=(276)
cfn=(958) <alloc::string::String>::is_empty
calls=1 1922 
* 6 2 1 1 0 0 1
* 2 0 1
-33 1 1 0 1 0 0 1
33 3 0 0 0 0 0 0 0 0 1
-33 1 1
34 7 2 4 1 0 0 1
cfi=(277)
cfn=(960)
calls=1 2021 
* 26 13 12 3 0 0 3
* 1
jump=1 +2 
* 
+2 3 1 1 1 0 0 1 0 0 1 1
jcnd=1/1 +2 
* 
-36 1 1
38 2 1

fn=(1930) rustgres::main::{closure#0}
73 12 6 4 1 0 0 1
cfi=(426)
cfn=(1932) rustgres::server::handle_connection
calls=2 +17 
* 231942741 61209461 62610815 1477099 985591 139969 2138 36 3364 21582872 432890 2166050 343910
* 4 4 0 1 1

fn=(836)
40 1 0 0 1 0 0 1
+1 7 0 6 1 0 1 1 0 1
cfn=(838)
calls=1 -20 
* 2095 555 385 107 52 11 107 1 1 312 62 35 28
* 1 1
+4 1 0 1
cfi=(277)
cfn=(1000)
calls=1 2095 
* 11 4 4 2 0 0 2
* 3 0 2 1 0 0 1
-45 3 2 0 1 0 0 1
45 1 0 1
cfi=(284) /home/hatch/workspace/rustgres/src/wal.rs
cfn=(1004) <rustgres::wal::Wal>::open
calls=1 584 
* 8932 2175 1906 424 35 62 400 16 3 1108 305 172 107
* 7 1 0 1 0 0 0 0 0 1 1
jcnd=1/1 +1 
* 
+1 14 7 7 3 0 0 3
-1 16 7 9 2 0 0 2
+11 4 0 1
cfi=(346)
cfn=(1522) <str>::parse::<core::net::socket_addr::SocketAddr>
calls=1 2781 
* 276 39 23 23 1 0 23 1 0 51 11 2 2
* 1
jfi=(300)
jump=1 1230 
* 
fi=(300)
1230 6 1 0 1 0 0 1 0 0 1 1
jcnd=1/1 +1 
* 
+1 8 4 4 2 0 0 2
0 2
fe=(251)
56 1 0 1 1 0 0 1
cfi=(348)
cfn=(1546)
calls=1 -38 
* 272 68 111 19 0 0 19 0 0 10 3 1
* 1
+1 5 0 1
cfi=(300)
cfn=(1564)
calls=1 1178 
* 15 4 7 2 0 0 2 0 0 1 1
* 2 0 1
-57 1 1
56 1 0 1
+2 3 0 1 1 0 0 1
cfi=(331)
cfn=(1566) <core::fmt::Arguments>::from_str
calls=1 815 
* 5 1 2 1 0 0 1
* 3 0 2
-58 2 2 0 1 0 0 1
58 2 1 1 0 0 0 0 0 0 0 0 1 1
cfi=(332)
cfn=(1400)
calls=1 1274 
* 303 75 66 5 0 0 5 0 0 35 14 7 2
* 1
+1 10 3 5 1 0 0 1
cfi=(353)
cfn=(1580)
calls=1 350 
* 50 15 14 3 0 0 3 0 0 4 0 2
* 1
-59 1
59 1 0 1
cfi=(355)
cfn=(1584)
calls=1 444 
* 358 80 82 23 0 2 16 0 2 43 4 4 2
* 2 0 1
-59 1 1 0 1 0 0 1
59 1 0 1
+1 12 4 6 1 0 0 1
cfi=(353)
cfn=(1602)
calls=1 350 
* 50 15 14 1 0 0 1 0 0 4 1 2
* 1
-60 1 0 0 1 0 0 1
60 1 0 1
cfi=(355)
cfn=(1606)
calls=1 444 
* 358 80 82 4 0 1 4 0 1 43 4 4
* 2 0 1 0 0 1 0 0 1
-60 1 1
60 2 0 1
+1 1 0 1
cfi=(359)
cfn=(1610) <std::net::tcp::TcpListener>::incoming
calls=1 958 
* 3 1 1
* 2 0 1 1 0 0 1
-61 1 1
61 1 0 1
cfi=(360)
cfn=(1612)
calls=1 322 
* 3 1 1 1 0 0 1
* 2 0 1
-61 1 1 0 1 0 0 1
61 5 1 2 0 0 0 0 0 0 0 0 1 1
cfi=(361)
cfn=(1614)
calls=1 1125 
* 111 31 30 12 1 0 12 0 0 7 3 2 2
* 8 2 2 1 0 0 0 0 0 0 0 2 1
cfi=(361)
cfn=(1614)
calls=2 1125 
* 237 56 64 17 0 0 3 0 0 17 6 4 1
* 22 6 4 3 0 0 1 0 0 2
+1 8 2 0 0 0 0 0 0 0 2
jump=2 +1 
* 
+1 6 2 4 4 0 0 2
+5 8 2 2 0 0 0 0 0 0 0 0 2 1
cfi=(361)
cfn=(1632)
calls=2 547 
* 50 12 10 4 0 0 2 0 0 4 0 2 1
* 4 0 2
-68 2 2 0 2 0 0 1
68 16 2 2 0 0 0 0 0 0 2 2
-68 2 0 0 2 0 0 1
71 2 0 2
cfi=(355)
cfn=(1638)
calls=2 2523 
* 52 14 26 8 1 0 4 0 0 4
* 4 0 2 2 0 0 1
-71 2 2 0 2 0 0 1
71 6 0 4
+1 2 0 2
cfi=(355)
cfn=(1642)
calls=2 2523 
* 52 14 26 4 0 0 2 0 0 4
* 4 0 2
-72 2 2 0 2 0 0 1
72 2 0 2
+1 20 4 12 2 0 0 1
cfi=(366)
cfn=(1644)
calls=2 +52 
* 7867 1968 1604 462 33 50 189 10 45 1084 226 76 28
* 2 0 0 1
-73 2
73 2 0 2 2 0 0 1
cfi=(264)
cfn=(1772)
calls=2 848 
* 182 54 80 29 0 0 13 0 0 16 2 4 3
* 2
+1 6 0 4
jump=2 -13 
* 

fl=(344) /rustc/4aa1fbcf467cf38ce58abfa8eb9213a789c5381c/library/core/src/str/lossy.rs
fn=(1478) <core::str::lossy::Utf8Chunks as core::iter::traits::iterator::Iterator>::next
201 2 0 0 1 0 0 1
+1 2 2
fi=(302)
-63 2
fe=(344)
+63 2 0 0 0 0 0 0 0 0 2 1
jcnd=1/2 +1 
* 
0 7 1 2 1 0 0 1
jfi=(263)
jump=1 2142 
0 
0 18
fi=(290)
184 36 0 0 0 0 0 0 0 0 18 2
jfi=(275)
jcnd=1/18 872 
* 
fi=(263)
2142 18 18
fe=(344)
214 18
+2 36 0 0 0 0 0 0 0 0 18 5
fi=(275)
872 1 0 0 1 0 0 1
fi=(302)
2064 1
fe=(344)
277 2 0 2
fi=(302)
2064 1
fe=(344)
283 1 0 1
fi=(275)
872 1
fe=(344)
283 5 2 3
+5 1 1
-85 1 0 1
+85 1 1

fl=(504)
fn=(3344)
156 3573 397 2382 794 0 0 2
+1 397 0 397
cfi=(505)
cfn=(3346)
calls=397 +76 
* 1588 1191 397 397 1
* 1985 1191 397
fi=(482)
2462 397 0 397
cfi=(480)
cfn=(2742)
calls=397 29 
* 19188 3639 6352 474 194 0 1 0 0 2084 451 397
fe=(504)
158 1191 397

fn=(3632)
156 5551 793 3172 794 0 0 1
+1 793 0 793
cfi=(511)
cfn=(3634)
calls=793 +57 
* 2379 793 793
* 1586 793
fi=(482)
2462 793 0 793
cfi=(276)
cfn=(3012)
calls=793 350 
* 51953 12099 15860 2187 564 0 1 0 0 4271 474 793 1
fe=(504)
158 2379 793

fl=(243)
fn=(2222)
499 7152 0 3576 1191 0 0 1
fi=(244)
52 7152 0 0 1191 0 0 1 0 0 1192
+1 8344 4768 0 0 0 0 0 0 0 0 0 1192 1
cob=(2)
cfi=(194)
cfn=(774)
calls=1192 3699 
* 256491 57751 26459 15205 307 220 0 0 2 49024 5028
fe=(243)

fn=(816)
467 185453 0 0 3 0 0 1
fi=(244)
30 1112718 0 0 0 0 0 0 0 0 185453 2
+1 370906 185453 0 0 427 0 0 0 0 0 0 185453 2
cob=(2)
cfi=(194)
cfn=(620)
calls=185453 3294 
* 44659300 9827979 6433614 38951 347168 35805 26 0 115 8217866 201228
fe=(243)

fn=(1128)
484 54144 0 33840 1193 0 0 1
fi=(244)
70 40608 0 0 0 0 0 0 0 0 6768
+1 54144 40608 0 0 0 0 0 0 0 0 0 6768 1
cob=(2)
cfi=(194)
cfn=(700)
calls=6768 3407 
* 2781082 780975 558142 61231 15474 22214 24 3 2776 684627 48994 4490 1190
fe=(243)

fl=(500)
fn=(3090)
69 2 0 2 1 0 0 1
+1 3 0 1
cfi=(489)
cfn=(3092)
calls=1 2704 
* 9 2 4 2 0 0 2 0 0 1 1
+1 2 2

fl=(330)
fn=(1396) <core::fmt::rt::Argument>::new_display::<std::path::Display>
89 2 0 1 1 0 0 1
-42 3 1 2 0 1
-3 4 2 2
+47 1 1

fn=(2034) <core::fmt::rt::Argument>::new_display::<core::io::error::Error>
89 2 0 1 1 0 0 1
-42 3 1 2
-3 4 2 2
+47 1 1

fn=(1392)
89 794 0 397 397 0 0 1
-42 1191 397 794 0 1
-3 1588 794 794
+47 397 397

fn=(1394) <core::fmt::rt::Argument>::new_display::<u64>
89 4 0 2 1 0 0 1
-42 6 2 4
-3 8 4 4 1 0 0 1
+47 2 2

fl=(465) /home/hatch/.rustup/toolchains/nightly-x86_64-unknown-linux-gnu/lib/rustlib/src/rust/library/core/src/time.rs
fn=(2348) <core::time::Duration>::subsec_nanos
583 1 0 1 1 0 0 1
+1 1 1
+1 1 1

fl=(493)
fn=(2886)
529 5174 0 0 1191
+1 10348 5174 5174
+1 5174 5174

fn=(2882)
536 1196
+1 2392 1196 1196
+1 1196 1196

fl=(249)
fn=(832)
162 2 0 1 1 0 0 1
+4 1 0 1
cfi=(250)
cfn=(834)
calls=1 +84 
* 21566 5327 4650 1197 123 128 841 28 54 2755 646 324 181

fn=(1910)
162 2 0 2 1
+4 2 0 2
cfi=(368)
cfn=(1912)
calls=2 63 
* 1152 285 197 37 0 16 10 0 16 175 45 12 4
+6 4 4

fn=(1928)
162 2 0 2
+4 2 0 2
cfi=(251)
cfn=(1930)
calls=2 -93 
* 231942757 61209471 62610819 1477101 985592 139969 2139 36 3364 21582872 432890 2166050 343910
+6 4 4 0 1

fl=(431)
fn=(1970)
737 14312 0 10734 1192 0 2 1 0 2
+1 3578 3578 0 0 428
fi=(362)
295 10734 3578 3578 0 0 539 0 0 0 0 0 3578 1
cob=(2)
cfi=(432) ./socket/../sysdeps/unix/sysv/linux/recv.c
cfn=(1972) recv
calls=3578 24 
* 228992 53670 39358 3585 0 542 5 0 2 28624 2429
fi=(176)
-65 3578
+10 3578 0 0 0 0 0 0 0 0 3578
fi=(362)
0 3578
fi=(176)
240 3578
jfi=(431)
jump=3578 739 
* 
fe=(431)
739 21468 14312 0 2 0 0 1

fn=(2372)
705 4768 0 3576 1191
+1 1192 1192
fi=(364)
884 2384 1192 1192 1192 419 0 1 0 0 0 0 1192 1192
cob=(2)
cfi=(466) ./socket/../sysdeps/unix/sysv/linux/send.c
cfn=(2374) send
calls=1192 24 
* 76288 17880 13112 6748 479 0 3 0 0 9536 1194
* 2384
fi=(176)
230 1192
+10 1192 0 0 0 0 0 0 0 0 1192 2
jcnd=1192/1192 -10 
* 
-10 3576
fe=(431)
707 4768 4768 0 1191

fl=(233)
fn=(1924)
848 20 0 12 2 0 0 1 0 0 2 2
jcnd=2/2 * 
* 
* 16 14 0 4 0 0 2

fn=(1094)
848 1 1 0 1 0 0 1
fi=(295)
252 5 0 0 0 0 0 0 0 0 1 1
jfi=(233)
jcnd=1/1 848 
* 
fe=(233)
848 1 1 0 1 0 0 1

fl=(259)
fn=(862)
40 5 0 4 1 0 0 1
fi=(438)
961 1 0 1
fe=(259)
41 5 1 1 1 0 0 1
fi=(456)
486 2 0 0 0 0 0 0 0 0 1 1
fe=(259)
0 2 2
fi=(438)
975 1 1
+1 1 0 1
fe=(259)
42 1 0 1
cfi=(258)
cfn=(864)
calls=1 388 
* 406 112 97 32 4 0 32 0 0 47 12 8 8
-42 1 1
46 2 1

fl=(359)
fn=(1610)
958 2 0 1
+2 1 1

fn=(2380)
715 2383 0 2383 1192
+2 4766 2383

fl=(425)
fn=(2086)
274 4 0 2
+1 2 0 2
cfi=(250)
cfn=(2088)
calls=2 -25 
* 92 24 30 9 0 2 4 0 0 4 2
+1 4 2 0 2

fn=(1906)
274 4 0 0 2 0 0 1
+1 6 0 2
cob=(2)
cfi=(214)
cfn=(708)
calls=2 -20 
* 24 6 4 0 0 0 0 0 0 4
* 2 2 0 0 0 0 0 0 0 0 0 2
* 4 0 2
cfi=(368)
cfn=(1908)
calls=2 62 
* 231943967 61209776 62611042 1477146 985593 139987 2151 36 3382 21583047 432935 2166062 343914
+1 4 2 0 1 1

fl=(508)
fn=(3534)
649 1980 0 1584 396
fi=(331)
877 1188 396 792
+1 1188 0 0 396 0 0 1 0 0 396
jcnd=396/396 +9 
* 
+9 1584 792 792
-9 396 0 0 396 0 0 1
0 396 396 0 396 0 0 1
fe=(508)
659 1584 792 396
cfi=(265)
cfn=(3538)
calls=396 1271 
* 180576 41184 32472 11877 1382 0 12 1 0 21384 2437 4356 799
* 396 396
+1 792 396

fn=(3540)
659 3168 1188 1188 792 0 0 1 0 0 0 0 396 1
cfi=(509)
cfn=(3542)
calls=396 -9 
* 166716 37224 27324 9897 1382 0 8 1 0 20988 2435 3960 798
* 1188 792

fl=(412)
fn=(1836)
46 4 0 2 1 0 0 1
+10 1 1
fi=(414)
-29 2 0 1
+1 1 1 1 0 0 0 0 0 0 0 0 1 1
cob=(2)
cfi=(413) ./nptl/./nptl/pthread_key_create.c
cfn=(1838) pthread_key_create@@GLIBC_2.34
calls=1 -3 
* 18 2 3 2 1 0 2 1 0 3 1
* 2 0 0 0 0 0 0 0 0 1
+3 1 1
fe=(412)
+26 2 0 0 0 0 0 0 0 0 1
+3 1 1
fi=(414)
-33 2 0 1
+1 1 1 1 1 0 0 1 0 0 0 0 1 1
cob=(2)
cfi=(413)
cfn=(1838)
calls=1 -3 
* 27 3 3 0 0 0 0 0 0 6 2
* 2 0 0 0 0 0 0 0 0 1
+3 1 1
+25 2 1 1 0 0 0 0 0 0 0 0 1 1
cob=(2)
cfi=(415) ./nptl/./nptl/pthread_key_delete.c
cfn=(1842) pthread_key_delete@@GLIBC_2.34
calls=1 -31 
* 16 2 1 1 0 0 1 0 0 3
+2 2 0 0 0 0 0 0 0 0 1
fe=(412)
+8 3 0 0 0 0 0 0 0 0 1
fi=(177)
4420 2 0 1
fe=(412)
67 1 0 0 0 0 0 0 0 0 1 1
jcnd=1/1 +14 
* 
+14 5 3 0 1 0 0 1

fl=(426)
fn=(1932)
90 8 0 6 2 0 0 1
+10 20 2 14 2 0 0 1 0 0 0 0 2 1
cfi=(361)
cfn=(1934)
calls=2 267 
* 124 32 30 12 0 0 6 0 0 14 0 2 1
* 2
jump=2 * 
* 
* 10 0 2 2 0 0 1
cfi=(300)
cfn=(1944)
calls=2 1178 
* 30 8 14 6 0 0 3 0 0 2 1
* 4 0 2
0 4 2
100 2 0 2
cfi=(429)
cfn=(1946)
calls=2 -2 
* 796 177 163 31 0 14 17 0 14 110 26 8 5
* 2
+1 24 10 12 4 0 0 2
cfn=(1960) rustgres::server::run_connection
calls=2 +5 
* 231941005 61209053 62610405 1476992 985587 139954 2082 33 3350 21582672 432842 2166025 343894
* 4 0 2 1
0 2 2
101 16 2 2 0 0 1 0 0 0 2 1
jcnd=1/2 +3 
* 
* 3 1 1
+1 3 0 2 1 0 0 1
cfi=(330)
cfn=(2034)
calls=1 -13 
* 10 4 5 1 0 0 1
* 1
jump=1 * 
* 
+2 4 2 0 1
-2 5 1 2 1 0 0 1
cfi=(331)
cfn=(2036) <core::fmt::Arguments>::new::<35, 1>
calls=1 729 
* 5 1 2 1 0 0 1
* 3 0 2
0 2 2
102 2 1 1 0 0 0 0 0 0 0 0 1 1
cfi=(332)
cfn=(2038)
calls=1 1285 
* 585 147 118 30 4 0 20 3 0 70 19 11 8
* 1
0 1 0 0 1 0 0 1
103 1 0 1
cfi=(264)
cfn=(1238)
calls=1 848 
* 61 14 27 11 0 0 0 0 0 2 1 1
* 1
jump=1 +1 
* 

fn=(3276) rustgres::server::cmd
326 3960 0 3168 1584 0 0 2
+2 1584 0 792
cfi=(276)
cfn=(2414)
calls=792 2965 
* 423442 94934 106002 13575 1361 892 0 2 0 40124 3082 3960
* 1584 1584
-1 5544 2376 3168
+3 1584 792 0 792 0 0 1

fn=(1960)
106 14 0 8 4 0 4 2 0 4
+8 2 0 2 0 0 2 0 0 2
cfi=(430)
cfn=(1962) rustgres::protocol::read_startup
calls=2 -31 
* 1326 350 354 91 0 25 64 0 25 129 36 12 5
* 2
0 4 0 0 2 0 0 1
114 2 0 2
cfi=(300)
cfn=(1988)
calls=2 2175 
* 47 19 17 6 0 0 3 0 0 2 1
* 14 2 0 0 0 0 0 0 0 2 1
jcnd=1/2 * 
* 
* 4 1 2 1 0 0 1
cfi=(300)
cfn=(1990)
calls=1 2188 
* 5 1 3 1 0 0 1
* 2 0 1
* 16 8 8 3 0 1 2 0 1
+1 2 1 0 0 0 0 0 0 0 1 1
+6 3 1 0 0 0 0 0 0 0 1
0 1 0 0 1 0 0 1
128 1 0 1
cfi=(264)
cfn=(890)
calls=1 848 
* 133 41 23 5 0 0 0 0 0 16 2 5 1
* 1
0 1 0 0 1 0 0 1
131 2 0 1
cfi=(430)
cfn=(2244) <rustgres::protocol::MsgBuilder>::new
calls=1 -13 
* 26 8 12 3 0 1 3 0 1
* 1
0 1
131 2 0 1
cfi=(430)
cfn=(2248) <rustgres::protocol::MsgBuilder>::i32
calls=1 +4 
* 582 131 161 45 2 1 38 0 1 42 24 8 6
* 2 0 1
0 2 2 0 1 0 0 1
131 1 0 1
cfi=(430)
cfn=(2290) <rustgres::protocol::MsgBuilder>::send::<alloc::io::buffered::bufwriter::BufWriter<std::net::tcp::TcpStream>>
calls=1 +22 
* 935 212 271 16 0 0 16 0 0 63 36 3
* 2 0 1
0 1 1
131 1 0 1 1 0 0 1
cfi=(300)
cfn=(1100)
calls=1 2175 
* 11 3 2 0 0 0 0 0 0 1 1
* 2 0 1
0 1 1
131 8 1 1 0 0 0 0 0 0 1 1
0 1 0 0 1 0 0 1
131 1 0 1
cfi=(264)
cfn=(2306)
calls=1 848 
* 130 41 26 1 0 0 1 0 0 16 1 5
* 1
+3 4 0 2 1 0 0 1
+9 1 0 1
cfi=(457)
cfn=(2308)
calls=1 23 
* 17 5 10 2 0 0 2
* 3 0 2 0 0 1 0 0 1
0 2 2
143 2 0 2 1 0 0 1
0 1
143 1 0 1
cfi=(458)
cfn=(2310)
calls=1 +14 
* 23 9 10 3 0 0 3 0 0 1
0 7
143 7 0 7
cfi=(458)
cfn=(2310)
calls=7 +14 
* 157 60 69 0 0 0 0 0 0 7 1
* 16 0 8
0 8 8
143 64 8 8 1 0 1 1 0 1 8 3
jcnd=1/8 +5 
* 
* 56 14 28 1 0 0 1
+1 14 0 7
cfi=(430)
cfn=(2244)
calls=7 -26 
* 182 56 84
* 7
+4 2 1 1 0 0 0 0 0 0 0 0 1 1
cfi=(459) /rustc/4aa1fbcf467cf38ce58abfa8eb9213a789c5381c/library/std/src/sys/process/unix/common.rs
cfn=(2326) std::process::id
calls=1 692 
* 5 2 0 2 0 0 2 0 0 0 0 1 1
* 2 0 1
0 1 1
148 1 0 1
+1 2 1 1 1 0 0 1 0 0 0 0 1 1
cfi=(461)
cfn=(2330)
calls=1 24 
* 29 9 3 4 1 0 4 0 0 4 1 1 1
* 3 0 2
0 2 2
149 2 0 2 0 0 1 0 0 1
+1 6 1 1 1 0 0 1 0 0 0 0 1 1
cfi=(464) /rustc/4aa1fbcf467cf38ce58abfa8eb9213a789c5381c/library/std/src/time.rs
cfn=(2338) <std::time::SystemTime>::duration_since
calls=1 630 
* 55 12 12 4 0 0 3 0 0 2 1
* 1
0 2
151 1 0 1
cfi=(300)
cfn=(2344)
calls=1 832 
* 29 10 12 5 0 0 5 0 0 1 1
* 1
0 1
152 2 0 1
cfi=(300)
cfn=(2350)
calls=1 1587 
* 21 7 4 2 0 0 2 0 0 2 2
* 2 0 1 1 0 0 1
0 1 1
149 2 0 1
+4 2 0 1
cfi=(430)
cfn=(2244)
calls=1 -35 
* 26 8 12 0 0 1 0 0 1
* 1
0 2 1
154 1 0 1
cfi=(430)
cfn=(2248)
calls=1 -19 
* 582 131 161 0 0 0 0 0 0 42 9 8
* 2 0 1 1 0 0 1
0 2 2
155 1 0 1
cfi=(430)
cfn=(2248)
calls=1 -20 
* 427 95 134 0 0 0 0 0 0 24 8 2
* 2 0 1 1 0 1 1 0 1
0 2 2
156 1 0 1
cfi=(430)
cfn=(2290)
calls=1 -3 
* 933 212 271 0 0 0 0 0 0 62 8 3
* 2 0 1
0 1 1
153 1 0 1
cfi=(300)
cfn=(1100)
calls=1 2175 
* 11 3 2 0 0 0 0 0 0 1 1
* 2 0 1
0 1 1 0 1 0 0 1
153 8 1 1 0 0 0 0 0 0 1 1
0 1 0 0 1 0 0 1
156 1 0 1
cfi=(264)
cfn=(2306)
calls=1 848 
* 130 41 26 0 0 0 0 0 0 16 0 5
* 1
0 1
159 1 0 1
cfn=(2352) <rustgres::server::Session>::new
calls=1 -79 
* 609 162 193 44 1 4 11 0 4 41 13 9 1
* 1
0 2 1 0 1 0 0 1
160 1 0 1
cfn=(2362) rustgres::server::send_ready
calls=1 +69 
* 1294 313 368 5 0 0 5 0 0 96 9 12 2
* 2 0 1
0 1 1 0 1 0 0 1
160 1 0 1
cfi=(300)
cfn=(1100)
calls=1 2175 
* 11 3 2 0 0 0 0 0 0 1 1
* 2 0 1
0 1 1
160 8 1 1 1 0 0 1 0 0 1 1
0 1 1
161 1 0 1
cfi=(429)
cfn=(2370)
calls=1 680 
* 214 67 50 18 0 0 11 0 0 24 9 5 3
* 2 0 1 1 0 0 1
0 1 1
161 1 0 1
cfi=(300)
cfn=(1100)
calls=1 2175 
* 11 3 2 0 0 0 0 0 0 1 1
* 2 0 1 0 0 1 0 0 1
0 1 1
161 8 1 1 1 0 0 1 0 0 1 1
0 2384 0 0 1191
166 1192 0 1192 1192 0 0 1
cfi=(430)
cfn=(2382) rustgres::protocol::read_message
calls=1192 -70 
* 1185842 312746 292217 67487 1327 3429 12 0 0 131212 8653 13107 1189
* 1192
0 2384
166 1192 0 1192
cfi=(300)
cfn=(2384)
calls=1192 2175 
* 34568 15496 13112 3576 0 0 3 0 0 1192 1
* 8344 1192 0 0 0 0 0 0 0 1192 3
jcnd=1192/1192 * 
* 
* 19072 9536 9536 3576 0 533 3
+2 2384 1192 0 0 0 0 0 0 0 1192 2
+12 7152 1192 1192 1192 0 592 1 0 0 1192
0 2384 1192
180 3576 1192 0 0 517 0 0 1 0 0 0 1192 2
0 1191 0 0 1191 0 0 1
182 1191 0 1191
cfi=(452)
cfn=(2230)
calls=1191 3898 
* 4764 3573 1191
* 3573 0 2382
0 1 0 0 1 0 0 1
215 1 0 1
cfi=(264)
cfn=(2958)
calls=1 848 
* 36 13 11 0 0 0 0 0 0 3 3 3
* 1
jump=1 +1 
* 
0 3573 2382 0 1191 0 0 1
182 1191 0 1191
cfi=(430)
cfn=(2232) <rustgres::protocol::Cursor>::new
calls=1191 20 
* 8337 1191 5955 1190
* 1191
0 2382
183 1191 0 1191
cfi=(430)
cfn=(2386) <rustgres::protocol::Cursor>::read_cstring
calls=1191 53 
* 1762930 505119 562672 66538 691 1389 48 0 0 116020 10696 7146 1191
* 1191
0 2382 0 0 1191 0 0 1
183 1191 0 1191
cfi=(300)
cfn=(2428)
calls=1191 2175 
* 29775 13101 10719 3573 0 0 2 0 0 1191 8
* 8337 1191 0 0 0 0 0 0 0 1191 796
jcnd=1191/1191 * 
* 
* 10719 4764 4764 2382 0 0 2
+1 1191 0 1191
cfi=(276)
cfn=(2430)
calls=1191 2896 
* 4764 3573 1191 1 0 0 1
* 3573 0 2382 0 0 1 0 0 1
0 7146 3573 0 1192 0 0 2
184 1191 0 1191
cfn=(2432) rustgres::server::handle_query
calls=1191 +85 
* 228272455 60174193 61583602 1312777 980561 129558 1734 27 3291 21266643 410797 2131218 341480
* 2382 0 1191 1191 0 520
0 1191 1191
184 1191 0 1191
cfi=(300)
cfn=(1100)
calls=1191 2175 
* 13101 3573 2382 0 0 0 0 0 0 1191 2
* 2382 0 1191
0 1191 1191
184 9528 1191 1191 1191 0 509 1 0 0 1191 2
0 1191 0 0 1191 0 0 1
185 1191 0 1191
cfi=(264)
cfn=(888)
calls=1191 848 
* 180560 53936 30413 0 946 1103 0 0 0 24476 747 5955
* 1191
0 1191 1191 0 0 560
214 1191 0 1191
cfi=(429)
cfn=(2370)
calls=1191 680 
* 66696 21438 23820 0 0 523 0 0 0 3573 16 1191
* 2382 0 1191 0 0 508 0 0 1
0 1191 1191 0 1191 0 0 1
214 1191 0 1191
cfi=(300)
cfn=(1100)
calls=1191 2175 
* 13101 3573 2382 0 0 0 0 0 0 1191 4
* 2382 0 1191 0 0 617 0 0 1
0 1191 1191
214 9528 1191 1191 1191 0 616 1 0 0 1191 3
0 1191 0 0 1191 0 0 1
215 1191 0 1191
cfi=(264)
cfn=(2958)
calls=1191 848 
* 187222 55098 30189 2 964 0 0 0 0 26603 699 5955
* 1191
+1 2 0 1 1 0 0 1
+1 1 0 1
cfi=(264)
cfn=(3828)
calls=1 848 
* 99 25 47 13 2 0 6 0 0 3 2
* 1
0 1
217 1 0 1
cfi=(264)
cfn=(1992)
calls=1 848 
* 21 5 11 4 1 0 0 0 0 2 1
* 1
0 1 0 0 1 0 0 1
217 1 0 1
cfi=(264)
cfn=(1996)
calls=1 848 
* 21 5 11 1 0 0 0 0 0 2 1
* 1
0 1 1 0 1 0 0 1
217 1 0 1
cfi=(264)
cfn=(2000)
calls=1 848 
* 437 125 107 17 3 0 0 0 0 53 10 8 2
* 1
jump=1 * 
* 
* 2 0 1 1
cfi=(264)
cfn=(2016)
calls=1 848 
* 144 39 40 0 0 0 0 0 0 15 3 2
* 6 4 0 1 1 0 1
0 1 0 0 1 0 0 1
217 1 0 1
cfi=(264)
cfn=(1992)
calls=1 848 
* 21 5 11 2 0 0 2 0 0 2 1
* 1
0 7 7 0 1 0 0 1
144 28 14 7 0 4
cfi=(430)
cfn=(2314) <rustgres::protocol::MsgBuilder>::cstr
calls=7 -4 
* 6725 1516 1587 25 3 3 13 3 3 646 88 82 3
* 14 0 7 0 0 1 0 0 1
0 14 14 0 1 0 0 1
144 21 14 7
cfi=(430)
cfn=(2314)
calls=7 -4 
* 3639 812 1093 0 2 1 0 2 1 247 37 18
* 14 0 7 1 0 0 1
0 14 14
144 7 0 7
cfi=(430)
cfn=(2290)
calls=7 +9 
* 6519 1484 1897 0 0 3 0 0 3 428 52 21
* 14 0 7
0 7 7
144 7 0 7
cfi=(300)
cfn=(1100)
calls=7 2175 
* 77 21 14 0 0 0 0 0 0 7 3
* 14 0 7 0 0 1 0 0 1
0 7 7
144 56 7 7 1 0 0 1 0 0 7 1
0 7 0 0 1 0 0 1
144 7 0 7
cfi=(264)
cfn=(2306)
calls=7 848 
* 966 297 180 0 0 0 0 0 0 130 13 35
* 7
0 1 1 0 1 0 0 1
114 2 0 1 1 0 0 1
0 1
217 1 0 1
cfi=(264)
cfn=(1996)
calls=1 848 
* 21 5 11 1 1 0 1 0 0 2 1
* 1
0 1 1
217 1 0 1
cfi=(264)
cfn=(2000)
calls=1 848 
* 460 131 103 39 0 3 29 0 3 59 17 8 4
* 3 0 1
cfi=(264)
cfn=(2016)
calls=1 848 
* 144 39 40 0 0 0 0 0 0 15 5 2
* 1
jump=1 * 
* 

fn=(3598) rustgres::server::txn_commit
524 4356 396 3168 792 0 0 2
+5 2376 0 1980 396 0 0 1
cfi=(265)
cfn=(3600)
calls=396 1902 
* 24156 6732 5544 792 0 0 1 0 0 3960 77 792
* 2376 396 0 0 0 0 0 0 0 396
+2 1980 396 396 396 0 0 1 0 0 396
0 396 396 0 396
553 792 396 0 0 211
0 396 396 0 396 0 0 1
532 4752 1980 2772 396 0 0 1
+1 396 0 396
cfi=(355)
cfn=(2786)
calls=396 2572 
* 1584 792 396
* 792 0 396 396 0 0 1
0 792 396 0 792 0 0 2
533 396 0 396
cfi=(353)
cfn=(2788)
calls=396 -43 
* 78804 17820 26532 9504 584 0 0 0 0 2376 5 1188
* 396
fi=(300)
1230 792 396 0 0 0 0 0 0 0 396 1
jcnd=396/396 +1 
* 
+1 2376 792 1584 792 0 0 2
0 792 792
fe=(426)
533 1584 0 792
+4 396 0 396
cfi=(353)
cfn=(2810)
calls=396 728 
* 1584 792 396
* 792 0 396 396 0 0 1
0 396 396
537 1188 0 396 396 0 0 1
cfi=(284)
cfn=(3606) rustgres::wal::diff_dbs
calls=396 -77 
* 28992183 7303805 7827982 133730 294336 6382 147 0 13 1398001 9764 252450 158006
* 396
0 396
538 396 0 396
cfi=(452)
cfn=(2904)
calls=396 3164 
* 2376 792 396 396
* 792 0 396 0 0 208
0 396 396 0 396 0 0 1
538 1188 0 0 0 0 0 0 0 0 396
0 396 396
540 396 0 396
cfi=(355)
cfn=(3128)
calls=396 2572 
* 1584 792 396 396 210
* 792 0 396 0 0 289
+9 3960 1188 2376 396 0 516 1
cfi=(353)
cfn=(2816)
calls=396 735 
* 1584 792 396 396
* 792 0 396
0 792 396 0 396 0 0 1
540 396 0 396
cfi=(353)
cfn=(3130)
calls=396 -50 
* 78804 17820 26532 3009 1325 717 0 0 0 2376 4 1188
* 396
fi=(300)
1230 792 396 0 0 0 0 0 0 0 396 2
jcnd=396/396 +1 
* 
+1 2376 792 1584 396 0 215 1
0 792 792
fe=(426)
540 1980 0 1188 396 0 0 1
cfi=(353)
cfn=(3140)
calls=396 735 
* 1584 792 396
* 792 0 396
0 396 0 0 396 0 0 1
540 396 0 396
cfi=(452)
cfn=(3142)
calls=396 3898 
* 1584 1188 396 396
* 1188 0 792
0 1188 1188
540 396 0 396
cfi=(284)
cfn=(3144) <rustgres::wal::Wal>::append_batch
calls=396 657 
* 16240860 3718614 5537710 67243 5743 2676 16 1 56 843472 40683 32049 1588
* 1188 0 792
0 792 792
540 1584 396 792 396 0 0 1 0 0 396 4
0 396 0 0 396 0 0 1
545 396 0 396
cfi=(264)
cfn=(3196)
calls=396 848 
* 27324 6732 10692 2376 0 0 0 0 0 1584 10 396
* 396
jump=396 +4 
* 
0 396 396 0 396 0 0 1
549 396 0 396
cfi=(264)
cfn=(3746)
calls=396 848 
* 33397063 9220527 5784574 25554 188548 631 22 1 0 4558081 11197 635182 395
* 396
0 396 396 0 396 209 0 1
549 3168 1188 1980 396 212 349 1
+1 1584 0 396
cfn=(3276)
calls=396 326 
* 183744 42768 52668 6652 952 0 0 1 0 13068 869 1980
* 396
0 396 396 0 0 251
550 2772 1188 1188 396 0 256 1
+1 396 0 396
cfi=(264)
cfn=(2906)
calls=396 848 
* 373134 104895 70497 3177 1288 0 6 0 0 47814 1613 7524 1
* 396
0 396
551 396 0 396
cfi=(264)
cfn=(2918)
calls=396 848 
* 27324 6732 10692 1188 782 0 0 0 0 1584 397 396
* 1188 0 396
cfi=(264)
cfn=(3784)
calls=396 848 
* 22176 6336 8712 2376 128 0 4 0 0 1584 400 396
* 1584 0 1188 396 0 0 1

fn=(2352)
80 4 0 2 2 0 0 2
+2 1 0 1
cfi=(308)
cfn=(2354)
calls=1 269 
* 395 100 119 36 1 4 4 0 4 27 10 4 1
* 1
+1 1 0 1
cfi=(308)
cfn=(2358)
calls=1 269 
* 138 42 57 3 0 0 3 0 0 5 1 2
* 1
-83 1 1 0 1 0 0 1
85 1 0 1
-4 4 0 1
cob=(2)
cfi=(214)
cfn=(708)
calls=1 255 
* 12 3 2 0 0 0 0 0 0 2
* 1 1 0 0 0 0 0 0 0 0 0 1
* 5 1 1
cob=(2)
cfi=(214)
cfn=(708)
calls=1 255 
* 12 3 2 0 0 0 0 0 0 2
* 1 1 0 0 0 0 0 0 0 0 0 1
* 5 1 2 1 0 0 1
cob=(2)
cfi=(214)
cfn=(708)
calls=1 255 
* 22 6 4 1 0 0 0 0 0 5 2
* 1 1 0 0 0 0 0 0 0 0 0 1
* 1 1
+6 2 1

fn=(2362)
229 7152 0 4768 1192 0 0 1
+1 2384 0 1192 1192 0 0 1
cfi=(430)
cfn=(2244)
calls=1192 118 
* 30992 9536 14304
* 2384 1192 1192
cfn=(2364) rustgres::server::txn_status
calls=1192 -9 
* 20240 5952 5160 3176 264 0 3 0 0 1984 798
* 2384 0 1192
0 1192 1192
230 3576 0 1192 1192 0 0 1
cfi=(430)
cfn=(2366) <rustgres::protocol::MsgBuilder>::u8
calls=1192 125 
* 194296 52448 53640 5151 0 0 0 0 0 16688 381 4768 2
* 2384 0 1192
0 2384 2384
230 1192 0 1192
cfi=(430)
cfn=(2290)
calls=1192 -77 
* 1118094 251512 321840 0 0 0 0 0 0 77480 3797 3576
* 4768 0 2384
cfi=(264)
cfn=(2306)
calls=1192 848 
* 164488 51254 30992 0 0 0 0 0 0 19072 391 5960
* 1192 1192
+1 2384 1192

fn=(2780) rustgres::server::run_statement
361 15483 1191 11910 2382 0 0 2
+6 7146 1191 0 1191 0 0 1 0 0 1191 398
0 792 792
367 792 0 792
+1 1584 792 0 0 0 0 0 0 0 792
0 1191 1191
377 9528 1191 1191 0 0 0 0 0 0 1191 6
0 1584 792 0 792 0 0 1
377 2376 792 0 0 536 0 0 1 0 0 0 792 792
0 1191 1191 0 835 557
399 2382 1191 0 0 540
0 399 399 0 399 0 0 1
386 399 0 399
cfi=(265)
cfn=(2782)
calls=399 766 
* 5577 1593 1593 798 0 0 2 0 0 399 1
* 3192 399 399 399 0 0 1 0 0 399 2
* 3
0 1188 1188 0 396
378 396 0 396
cfn=(3216) rustgres::server::txn_begin
calls=396 506 
* 108933364 28960516 29301231 126504 443660 67973 92 1 235 11175561 177892 877335 158004
* 396
0 1584 1584 0 792 0 0 1
379 396 0 396
cfn=(3598)
calls=396 524 
* 79526752 20476145 19395795 267877 494779 12239 222 3 69 6876276 65026 933541 159990
* 396 0 0 396
0 396 396 0 396 0 0 1
386 1188 396 792 396
+1 1188 0 396
cfi=(483)
cfn=(2818)
calls=396 42 
* 3023785 966345 1103873 177268 13036 16075 231 3 2474 432578 18487 20434 3179
* 2772 396 0 0 0 0 0 0 0 396
jump=396 +1 
* 
0 12 12 0 6 0 0 2
395 3 0 3
cfn=(2784) rustgres::server::autocommit_execute
calls=3 +56 
* 965973 257691 231038 1529 5975 498 491 8 41 107662 1212 11072 832
* 3 0 0 2
-7 1584 0 396 792 0 0 2
cob=(2)
cfi=(214)
cfn=(708)
calls=396 255 
* 4752 1188 792 0 0 0 0 0 0 792 2
* 396 396 0 0 0 0 0 0 0 0 0 396
* 1584 396 396
cob=(2)
cfi=(214)
cfn=(708)
calls=396 255 
* 4752 1188 792 0 0 0 0 0 0 792 385
* 396 396 0 0 0 0 0 0 0 0 0 396
* 396

fn=(3216)
506 3564 396 2376 396 0 0 1
+4 792 0 792
cfi=(265)
cfn=(3218)
calls=396 633 
* 3564 792 396 396
* 792 0 0 396 0 0 1 0 0 396
0 396 396
515 396 0 396
cfi=(355)
cfn=(2786)
calls=396 2572 
* 1584 792 396
* 1188 0 396
cfi=(353)
cfn=(2788)
calls=396 -25 
* 78804 17820 26532 9504 484 0 0 0 0 2376 3 1188 395
fi=(300)
1230 792 396 0 0 0 0 0 0 0 396 2
jcnd=396/396 +1 
* 
+1 1584 792 792 396 0 0 1
fe=(426)
515 1584 0 1188
cfi=(353)
cfn=(2810)
calls=396 728 
* 1584 792 396
* 792 0 396
0 792 396 0 396 0 0 1
515 396 0 396
cfi=(307)
cfn=(3222) <rustgres::storage::Database as core::clone::Clone>::clone
calls=396 100 
* 108516654 28862414 29182161 97887 441251 65343 75 0 235 11142565 175233 873375 157609
* 1584 0 792 0 0 214
cfi=(264)
cfn=(2918)
calls=396 848 
* 27324 6732 10692 3082 829 0 0 0 0 1584 441 396
* 396
jump=396 +2 
* 
+2 3168 1188 1584 792 0 522 2
+1 396 0 396
cfi=(452)
cfn=(3272)
calls=396 -54 
* 2376 396 1188 792
* 396
0 396 396 0 396 203 0 1
516 8712 3960 4752 792 0 463 2
cfi=(264)
cfn=(3274)
calls=396 848 
* 4356 792 792 792 270 0 2 0 0 396
* 396
0 396 396 0 396 0 0 1
516 3960 1980 1980 396 0 283 1
+5 1584 0 396 396 0 0 1
cfn=(3276)
calls=396 326 
* 253954 56918 60462 9299 409 892 3 1 0 27056 2213 1980
* 396
0 396 396
521 1188 0 396
cob=(2)
cfi=(214)
cfn=(708)
calls=396 255 
* 4752 1188 792 0 0 256 0 0 0 792
* 396 396 0 0 0 0 0 0 0 0 0 396
+1 396 0 396
0 396 396
522 792 396 0 0 214

fn=(2364)
221 2384 0 2384 1192 0 0 1
+1 7152 1192 0 1192 264 0 1 0 0 1192 794
jcnd=400/1192 +1 
* 
0 792 792
224 5544 1584 1584 0 0 0 0 0 0 792 4
jump=792 +1 
* 
-1 400 0 400
+4 2384 2384
-2 1584 0 792 792 0 0 1
jump=792 +2 
* 

fn=(2346)
151 5 0 3 1 0 0 1
cfi=(465)
cfn=(2348)
calls=1 583 
* 3 2 1 1 0 0 1
* 2 1

fn=(2432)
269 22629 2382 16674 3573 0 1 3 0 1
+7 2382 0 2382 1191 0 1 1 0 1
cfi=(346)
cfn=(2434)
calls=1191 2186 
* 998058 262020 412086 92108 0 1193 76 0 19 50022 19 1191
* 3573 0 1191
cfi=(346)
cfn=(2510)
calls=1191 175 
* 7146 1191 2382
* 2382 0 0 0 0 0 0 0 0 1191
0 2382 2382
283 2382 0 1191
cfi=(472)
cfn=(2512)
calls=1191 754 
* 10623676 2832956 3757272 176257 2889 1071 123 0 65 705003 30810 50849 2245
* 3573 0 1191 1191 0 0 1
cfi=(452)
cfn=(2634)
calls=1191 4069 
* 42876 15483 21438 4764 0 0 4
* 10719 4764 4764 1191 0 1 1 0 1
0 4764 0 0 2382 0 0 1
283 2382 0 2382
cfi=(278)
cfn=(2638)
calls=2382 -14 
* 65505 26202 32157 5169 0 0 4 0 0 2382 661
* 2382
jump=2382 * 
* 
* 14292 2382 0 2382 0 0 1 0 0 2382 6
jcnd=1191/2382 +32 
* 
* 5955 2382 2382 1191 0 569 1 0 1
+1 1191 0 1191
cfi=(276)
cfn=(2430)
calls=1191 2896 
* 4764 3573 1191
* 3573 0 2382 0 0 547 0 0 1
+31 2382 0 1191 1191
cfi=(264)
cfn=(2930)
calls=1191 848 
* 314508 94104 103614 19455 1406 0 14 0 0 23847 836 3573 1
* 2382 2382 0 1191 0 0 1
+2 1191 0 1191
cfn=(2362)
calls=1191 -88 
* 1560192 377541 439872 11898 264 0 1 0 0 115128 5358 14292
* 2382 0 1191
cfi=(300)
cfn=(1100)
calls=1191 2175 
* 13101 3573 2382 0 0 0 0 0 0 1191
* 10719 1191 1191 0 0 0 0 0 0 1191
0 3573 2382 0 1191 0 0 1
284 1191 0 1191 1191 0 0 1
cfi=(472)
cfn=(2642)
calls=1191 +87 
* 18597379 4988511 5834170 275390 8547 23305 389 10 380 1475227 94185 171674 13260
* 8337 1191 0 460 0 0 0 0 0 1191 299
jcnd=1191/1191 +5 
* 
+5 29775 14292 15483 4764 0 0 4
+3 20247 7146 8337 2382 0 0 2
+1 2382 0 1191
cfi=(483)
cfn=(2778)
calls=1191 714 
* 120069 30903 48342 9120 0 0 15 0 0 6738 1201
* 1191
jump=1191 * 
* 
* 7146 1191 0 1191 0 0 1 0 0 1191 68
0 5955 3573 0 2382 0 0 2
297 1191 0 1191
cfn=(2780)
calls=1191 +64 
* 192527271 50680938 50052580 583150 959083 96785 1050 16 2819 18598029 263411 1843966 322797
* 1191 0 0 794
jump=1191 * 
* 
* 7146 1191 0 2382 1 0 2 0 0 1191 403
jcnd=1191/1191 * 
* 
* 7146 1191 0 1191 0 0 1 0 0 1191 2
+14 5955 2382 2382 1191 0 587 1
+1 2382 0 1191
cfi=(430)
cfn=(2244)
calls=1191 118 
* 30966 9528 14292 2779 0 982
* 1191
+2 8337 1191 0 1191 0 0 1 0 0 1191
0 1191 0 0 1191 0 0 1
312 1191 0 1191
cfi=(276)
cfn=(2430)
calls=1191 2896 
* 4764 3573 1191 403
* 3573 0 2382 0 0 606 0 0 1
0 3573 2382 0 1191 0 0 1
312 1191 0 1191
cfi=(430)
cfn=(2314)
calls=1191 140 
* 845197 190937 225572 22752 1930 2346 0 0 0 69388 4798 10725
* 2382 0 1191
0 2382 2382 0 1191 464 0 1
312 1191 0 1191
cfi=(430)
cfn=(2290)
calls=1191 153 
* 1115169 252492 322761 20601 587 569 0 0 0 74634 4266 3573
* 2382 0 1191 0 0 550 0 0 1
0 1191 1191
312 1191 0 1191
cfi=(300)
cfn=(1100)
calls=1191 2175 
* 13101 3573 2382 0 0 0 0 0 0 1191 1
* 2382 0 1191
0 1191 1191
312 9528 1191 1191 1191 0 0 1 0 0 1191 3
0 1191 0 0 1191 0 0 1
312 1191 0 1191
cfi=(264)
cfn=(2306)
calls=1191 848 
* 166206 51543 30900 3157 959 0 0 0 0 19650 593 5955 396
* 1191
0 1191
313 1191 0 1191
cfi=(264)
cfn=(888)
calls=1191 848 
* 178450 53578 30493 385 84 0 0 0 0 23737 589 5955
* 1191
jump=1191 +1 
* 
0 1191
315 1191 0 1191
cfi=(264)
cfn=(2928)
calls=1191 848 
* 311831 88557 61974 11863 1398 0 23 1 0 34209 1872 7555 1192
* 1191
jump=1191 * 
* 
* 3573 0 2382 1191 0 0 1
cfi=(264)
cfn=(888)
calls=1191 848 
* 177220 53351 30530 22 1038 0 0 0 0 23391 212 5955
* 1191
0 1191 1191 0 1191 0 0 1
318 1191 0 1191
cfi=(429)
cfn=(2370)
calls=1191 680 
* 254874 79797 59550 26992 1314 0 0 0 0 28584 1201 5955 1589
* 2382 0 1191
cfi=(300)
cfn=(1100)
calls=1191 2175 
* 13101 3573 2382 0 0 0 0 0 0 1191 1
* 9528 1191 1191 0 0 0 0 0 0 1191 2
jcnd=1191/1191 +1 
* 
+1 1191 0 1191 1191 0 445 1 0 1
+1 3573 2382 0 1191 597 0 1

fn=(2784)
451 33 3 24 9 0 0 3
+5 15 0 15 0 0 1 0 0 1
cfi=(355)
cfn=(2786)
calls=3 2572 
* 12 6 3
* 9 0 3
cfi=(353)
cfn=(2788)
calls=3 +34 
* 597 135 201 72 3 2 19 1 2 18 7 9 3
fi=(300)
1230 6 3 0 3 0 0 1 0 0 3 2
0 3 3 0 3 0 0 1
1231 12 6 6
fe=(426)
456 6 0 6 3 0 0 1
+3 21 3 3 0 0 0 0 0 0 3 1
* 2
0 2 2
459 6 0 0 0 0 0 0 0 0 2
0 2 2
459 4 0 0 2 0 0 1 0 0 2 1
0 1 1 0 1
464 5 1 2 1 0 0 1 0 0 0 0 1 1
cfi=(262)
cfn=(2722)
calls=1 2425 
* 102 28 20 0 0 0 0 0 0 13 1 4 1
* 1
jump=1 * 
* 
0 2 2 0 2 0 0 1
465 10 0 6
cfi=(353)
cfn=(2810)
calls=2 728 
* 8 4 2
* 4 0 2
-1 9 3 5 2 0 0 1
0 1
474 1 0 1
cfi=(353)
cfn=(2816)
calls=1 735 
* 4 2 1 1
0 2 0 0 2 0 0 1
474 2 0 2
cfi=(353)
cfn=(2816)
calls=2 735 
* 8 4 2 2 0 0 1
* 6 0 3 3 0 1 1
0 4 4 0 2 0 0 1
465 2 0 2
cfi=(308)
cfn=(2812)
calls=2 1034 
* 1903 500 696 122 2 0 5 0 0 63 1 4
* 4 0 2
0 2 2
465 16 2 2 2 0 0 1 0 0 2 1
jcnd=1/2 +5 
* 
0 1 1
466 3 1 2
+1 3 1 1 1 0 0 0 0 0 0 0 1 1
cfi=(262)
cfn=(2722)
calls=1 2425 
* 102 28 20 0 0 0 0 0 0 13 0 4 1
* 1
+3 4 0 2 1 0 0 1
0 2 1
468 1 0 1
cfi=(307)
cfn=(3258)
calls=1 86 
* 552380 146710 147345 160 3556 410 0 0 0 57371 762 4376 794
* 1 0 0 1 0 0 1
jump=1 -2 
* 
-2 12 3 5 1 1 2 1
cob=(2)
cfi=(214)
cfn=(708)
calls=1 255 
* 12 3 2 0 0 1 0 0 0 2
* 1 1 0 0 1 0 0 0 0 0 0 1
+3 1 0 0 1
0 9 6 0 5 1 0 2
474 3 0 3
cfi=(483)
cfn=(2818)
calls=3 42 
* 178831 49142 32614 613 1246 46 313 5 33 23524 139 3252 8
* 3
0 6
474 3 0 3
cfi=(300)
cfn=(2898)
calls=3 2175 
* 141 39 27 6 0 2 2 0 0 15 3 6
* 21 3 0 3 0 0 1 0 0 3 1
jcnd=3/3 * 
* 
* 39 18 21 6 0 4 2
+2 24 3 3 3 1 1 1
0 6 3
476 9 3 0 0 2 0 0 1 0 0 0 3 3
0 1 1 0 1 0 0 1
484 12 1 2 1 0 0 0 0 0 1 1
0 1 0 0 1
491 1 0 1 0 0 1
fi=(356)
324 3 0 1
cfn=(1586)
calls=1 -74 
* 157 38 50 12 1 2 0 0 0 14 2 3
* 2 0 1
+1 1
0 1 0 0 1 0 0 1
fe=(426)
492 1 0 1 1 0 0 1
cfi=(452)
cfn=(2902)
calls=1 -28 
* 6 1 3 1 0 0 1
* 1
jump=1 * 
* 
0 3 0 0 2 0 0 1
495 3 0 3
cfi=(452)
cfn=(2904)
calls=3 3164 
* 18 6 3 2
* 6 0 3
0 1 1 0 1
485 3 0 2
fi=(356)
324 3 0 1 1 0 0 1
cfn=(1586)
calls=1 -74 
* 325 69 63 3 0 1 0 0 1 43 5 3
* 2 0 1
+1 1
fe=(426)
0 2 2
485 1 0 1 1 0 0 1
+1 3 1 1 0 0 0 0 0 0 0 0 1 1
cfi=(262)
cfn=(2722)
calls=1 2425 
* 102 28 20 3 0 0 0 0 0 13 3 4
* 1
0 2 1 0 1 0 0 1
487 1 0 1
cfi=(452)
cfn=(3118)
calls=1 3923 
* 1193 326 310 17 0 1 2 0 1 120 24 16 2
* 1
jump=1 -2 
* 
-2 19 7 8 3 0 0 3 0 0 1 1
0 1 1
485 6 0 0 0 0 0 0 0 0 1 1
0 1 1
485 3 0 1 1 0 0 1
cob=(2)
cfi=(214)
cfn=(708)
calls=1 255 
* 22 6 4 0 0 0 0 0 0 5 2
* 1 1 0 0 0 0 0 0 0 0 0 1
* 3 1 2
fi=(356)
271 2 0 2
fi=(467)
482 1 0 1
+1 2 0 2 1 0 0 1
fi=(356)
1713 2 0 2
fi=(467)
488 1 0 1
fi=(452)
1200 4 0 1 1 0 0 1
cfi=(279)
cfn=(3122)
calls=1 68 
* 8 1 3 1 0 0 0 0 0 1 1
* 1 1
fi=(513)
32 1 0 1
fi=(352)
+10 1 0 1
fi=(279)
+36 2 0 1
cfn=(1596)
calls=1 -10 
* 7 1 2 0 0 0 0 0 0 1
* 1 1
fi=(283)
611 1 1
fi=(452)
1206 3 0 3 1 0 0 1
fi=(356)
272 1
jfi=(426)
jump=1 485 
* 
fe=(426)
485 1
0 1 1 0 1
491 5 1 2 1 1 1 1 0 0 0 0 1 1
cfi=(262)
cfn=(2722)
calls=1 2425 
* 102 28 20 1 2 1 0 0 0 13 2 4 1
* 1
jump=1 * 
* 
* 13 4 5 2 0 1 2 0 0 1
0 1 1
491 6 0 0 0 0 0 0 0 0 1 1
0 1 1 0 1 0 0 1
491 3 0 1
cob=(2)
cfi=(214)
cfn=(708)
calls=1 255 
* 22 6 4 0 1 1 0 0 0 5 1
* 1 1 0 0 0 0 0 0 0 0 0 1
* 3 1 2 0 0 1
fi=(356)
271 2 0 2 1 0 0 1
fi=(467)
482 1 0 1
+1 2 0 2 0 0 1
fi=(356)
1713 2 0 2
fi=(467)
488 1 0 1
fi=(452)
1200 4 0 1 1 0 0 1
cfi=(279)
cfn=(3122)
calls=1 68 
* 8 1 3 1 0 0 0 0 0 1 1
* 1 1
fi=(513)
32 1 0 1
fi=(352)
+10 1 0 1
fi=(279)
+36 2 0 1
cfn=(1596)
calls=1 -10 
* 7 1 2 0 0 0 0 0 0 1 1
* 1 1
fi=(283)
611 1 1 0 1
fi=(452)
1206 3 0 3
fi=(356)
272 1
jfi=(426)
jump=1 491 
* 
fe=(426)
491 1
+1 1 0 0 1 0 0 1
0 3 3 0 3 0 0 1
495 6 0 0 3 0 0 1 0 0 3 1
* 2
0 2 2 0 0 1
496 2 0 2
cfi=(355)
cfn=(3128)
calls=2 2572 
* 8 4 2 2 1
* 4 0 2 0 0 1
0 3 3
503 42 18 21 4 0 2 2
+1 3 0 3
cfi=(264)
cfn=(2906)
calls=3 848 
* 1217 360 259 33 1 0 16 0 0 137 13 30 3
* 3
jump=3 * 
* 
0 4 2 0 2
496 2 0 2
cfi=(353)
cfn=(3130)
calls=2 -6 
* 398 90 134 35 5 2 4 0 0 12 3 6 1
* 2
fi=(300)
1230 4 2 0 0 0 0 0 0 0 2 1
jcnd=2/2 +1 
* 
+1 12 4 8 2 0 1 1
0 4 4
fe=(426)
496 10 0 6 2 0 0 1
cfi=(353)
cfn=(3140)
calls=2 735 
* 8 4 2
* 4 0 2
0 2 0 0 2 0 0 1
496 2 0 2
cfi=(452)
cfn=(3142)
calls=2 3898 
* 8 6 2 1
* 6 0 4
0 6 6
496 2 0 2
cfi=(284)
cfn=(3144)
calls=2 657 
* 59323 13591 20081 293 18 10 61 1 3 3106 210 142 10
* 6 0 4
0 4 4 0 2 0 0 1
496 8 2 4 0 0 0 0 0 0 2 2
0 2 0 0 2 0 0 1
501 2 0 2
cfi=(264)
cfn=(3196)
calls=2 848 
* 138 34 54 12 0 0 3 0 0 8 2 2
* 2 0 0 2 0 0 1
+3 9 0 6 3 0 0 1
cfi=(264)
cfn=(2916)
calls=3 848 
* 167884 46267 28732 13 1124 0 3 0 0 23124 9 3194 1
* 12 0 6 0 0 1
cfi=(264)
cfn=(2918)
calls=3 848 
* 207 51 81 12 5 0 6 0 0 12 6 3
0 3 3 0 0 1
504 6 3 0 0 1

fl=(371)
fn=(1670)
93 18 0 14 2 0 0 1
fi=(263)
1164 4 2 0 0 0 0 0 0 0 2 2
fi=(372) /rustc/4aa1fbcf467cf38ce58abfa8eb9213a789c5381c/library/core/src/ops/function.rs
0 2
fi=(375)
2295 6 2 2 2 0 0 1 0 0 0 0 2 1
cfi=(373)
cfn=(1674)
calls=2 289 
* 34 2 0 2 0 0 1 0 0 2
0 4
fi=(243)
157 4 0 0 0 0 0 0 0 0 2
fi=(244)
30 12 0 0 0 0 0 0 0 0 2
+1 4 2 2 0 0 0 0 0 0 0 0 2 1
cob=(2)
cfi=(194)
cfn=(620)
calls=2 3294 
* 380 84 38 9 0 1 5 0 1 71 9
fi=(245)
1617 4 0 0 0 0 0 0 0 0 2 2
jfi=(233)
jcnd=2/2 1966 
* 
fi=(233)
1966 12 0 12 4 0 0 2
fe=(371)
111 16 14

fl=(171)
fn=(570)
152 13 0 6 2 0 0 2
fi=(248)
529 5 0 5 0 0 1
fi=(172)
34 2 1 0 1 0 0 1
fi=(337)
558 1 1
fi=(263)
1065 2 0 0 0 0 0 0 0 0 1 1
fi=(172)
108 1
fi=(177)
4319 1 1 0 0 1 0 0 1
0 1
fi=(173)
968 1
fi=(301)
486 1 0 0 0 0 0 0 0 0 1
fi=(173)
968 1
fi=(177)
4465 1 0 1
fi=(370)
53 1 0 0 0 0 0 0 0 0 1
fi=(174)
976 1 0 1
0 3 0 3 1 0 1 1
fi=(177)
4303 1 0 1 0 0 1 0 0 1
fi=(176)
91 6 2 3 1 1 0 1
-91 1
97 4 0 1 0 0 1 0 0 0 0 0 1 1
cob=(2)
cfi=(175) ./io/../sysdeps/unix/sysv/linux/poll.c
cfn=(578) poll
calls=1 -70 
* 8 2 0 2 0 0 2 0 0 2
* 2 0 0 0 0 0 0 0 0 1 1
+70 2 0 0 1 0 0 1 0 0 1
0 3
167 3 1 0 0 1 0 0 1 0 0 0 1 1
jump=1 +11 
* 
fi=(177)
0 5 1 0 1 0 0 1
fi=(178)
1663 1 0 0 1 0 0 1
fi=(288)
180 1 0 0 0 0 0 0 0 0 1
fi=(178)
1663 3
fi=(288)
180 3 0 0 0 0 0 0 0 0 3 1
jfi=(176)
jcnd=1/3 -13 
* 
fi=(178)
627 3
fi=(176)
114 9 3 0 0 0 0 0 0 0 3 3
jfi=(178)
jcnd=3/3 1663 
* 
+64 2 1 1 1 1 0 1 0 0 0 0 1 1
cob=(2)
cfi=(179) ./signal/../sysdeps/posix/signal.c
cfn=(586) signal
calls=1 30 
* 120 33 30 10 1 2 10 0 1 12 2
* 2 0 0 0 0 0 0 0 0 1
0 1 0 1
fi=(549) /rustc/4aa1fbcf467cf38ce58abfa8eb9213a789c5381c/library/std/src/sys/pal/unix/conf.rs
6 2 1 1 1 0 0 1 0 0 0 0 1 1
cob=(2)
cfi=(184) ./posix/../sysdeps/unix/sysv/linux/x86/sysconf.c
cfn=(598) sysconf
calls=1 +26 
* 58 13 7 12 1 0 12 1 0 13 4 1 1
fi=(177)
4303 1 0 1
+16 1 1
fi=(233)
736 5 0 4 0 0 1
fi=(189)
431 1 1 1 0 0 0 0 0 0 0 0 1 1
cob=(2)
cfi=(188) ./nptl/./nptl/pthread_self.c
cfn=(606) pthread_self
calls=1 23 
* 3 2 0 1 0 0 1
* 3 1 1 1 0 0 1 0 0 0 0 1 1
cob=(2)
cfi=(190) ./nptl/./nptl/pthread_getattr_np.c
cfn=(610) pthread_getattr_np@@GLIBC_2.32
calls=1 33 
* 97496 20943 12837 347 77 69 346 49 59 17330 814 349 19
* 1
+1 3 0 0 0 0 0 0 0 0 1 1
jfi=(230) /rustc/4aa1fbcf467cf38ce58abfa8eb9213a789c5381c/library/core/src/ptr/metadata.rs
jcnd=1/1 133 
* 
fi=(230)
133 1 0 1 0 0 1
fi=(189)
434 4 0 1
+5 2 1 1 0 0 0 0 0 0 0 0 1 1
cob=(2)
cfi=(231) ./nptl/./nptl/pthread_attr_getstack.c
cfn=(780) pthread_attr_getstack@@GLIBC_2.34
calls=1 24 
* 9 3 2 1 0 0 1
* 1 0 1 1 0 0 1
-1 2 0 0 0 0 0 0 0 0 1
+4 2 1
+6 1 1 1 0 1 0 0 0 0 0 0 1 1
cob=(2)
cfi=(232)
cfn=(782)
calls=1 26 
* 191 58 32 1 0 0 1 0 0 25 1 2
* 3 0 1 0 0 0 0 0 0 1
+15 10 0 0 1 0 0 1 0 0 2 1
jump=1 +1 
* 
+1 5
+50 2
fi=(233)
736 12 0 10 1 0 0 1
fi=(189)
180 3 1 1 0 0 0 0 0 0 0 0 1 1
cob=(2)
cfi=(182) ./signal/./signal/sigaction.c
cfn=(592) sigaction
calls=1 26 
* 59 16 13 2 0 0 1 0 0 8 2
+5 2 1 0 1 0 0 1 0 0 1
fi=(177)
4319 1 1
773 1
fi=(189)
186 1 0 0 0 0 0 0 0 0 1
fi=(177)
4304 1 0 1
fi=(189)
189 2 0 1
cfn=(784)
calls=1 +63 
* 248 48 18 13 6 0 13 0 0 59 10 5 5
432 1
193 1 0 0 0 0 0 0 0 0 1
+1 3 0 1
cfi=(240)
cfn=(800)
calls=1 -82 
* 509 113 73 18 2 2 18 0 2 76 19 8 7
0 1
198 1 0 1
+1 3 0 1 1 0 0 1
+6 3 1 1 0 0 0 0 0 0 0 0 1 1
cob=(2)
cfi=(182)
cfn=(592)
calls=1 26 
* 60 15 13 0 0 0 0 0 0 6 1
0 1
180 3 1 1 0 0 0 0 0 0 0 0 1 1
cob=(2)
cfi=(182)
cfn=(592)
calls=1 26 
* 59 16 13 0 0 0 0 0 0 8 2
+5 2 1 0 0 0 0 0 0 0 1
fi=(177)
4319 1 1
773 1 0 0 1 0 0 1
fi=(189)
186 1 0 0 0 0 0 0 0 0 1 1
jcnd=1/1 +12 
* 
+12 1 0 1
+1 3 0 1
+6 3 1 1 1 0 0 1 0 0 0 0 1 1
cob=(2)
cfi=(182)
cfn=(592)
calls=1 26 
* 60 15 13 0 0 0 0 0 0 6
0 1 1
fi=(177)
4303 4 2 2
fi=(248)
529 3 1 2 1 0 0 1
fi=(372)
287 1 1 1 0 1 0 0 0 0 0 0 1 1
cfi=(170)
cfn=(830)
calls=1 -81 
* 21573 5328 4654 1199 123 128 843 28 54 2755 646 324 181
fe=(171)

fl=(326) /home/hatch/.rustup/toolchains/nightly-x86_64-unknown-linux-gnu/lib/rustlib/src/rust/library/core/src/io/write.rs
fn=(1350) <std::fs::File as core::io::write::Write>::write_all
214 1995 0 1596 399 0 0 1
+1 1596 798 798 399 0 0 1
fi=(325)
-76 399
fe=(326)
+76 1995 798 798 0 0 0 0 0 0 399
fi=(325)
-76 399
fe=(326)
+76 399 0 0 0 0 0 0 0 0 399 3
jcnd=399/399 +10 
* 
0 399 399
216 1197 1197 399 0 331 0 0 0 0 0 0 399 1
cfi=(286)
cfn=(1352)
calls=399 1520 
* 29477 7570 5178 3187 535 0 3 0 0 3585 8 399 399
* 1995 399 798 399 0 0 1 0 0 399
jump=399 * 
* 
+9 399 0 399
+1 399
jump=399 * 
* 
-10 798 399 0 0 0 0 0 0 0 399 3
jcnd=399/399 +4 
* 
+4 1197 399 798 399 0 0 1
fi=(319)
544 1995 399 399 0 0 0 0 0 0 399
fe=(326)
0 798 798
fi=(319)
549 798 0 399
90 399 399
550 798 0 798 399 0 0 1
fe=(326)
220 399
jump=399 +3 
* 
+3 1197 399 0 0 0 0 0 0 0 399
jump=399 -8 
* 
+3 1197 798 0 399 0 0 1
-11 399 0 0 399 0 0 1
jump=399 * 
* 

fl=(501)
fn=(3388) <usize as core::iter::range::Step>::forward_unchecked
263 5544 1584 3168 396 0 0 1
fi=(279)
78 1584 0 792
cfn=(2614)
calls=792 -10 
* 8712 792 2376 17 0 0 0 0 0 792 23
-78 1584 1584
fi=(324)
1043 792
fe=(501)
266 1584 792

fn=(3370) <usize as core::iter::range::Step>::steps_between
321 3168 0 3168 396 0 0 1
+1 4752 1584 1584 0 0 0 0 0 0 792 4
0 2376 2376 0 396 0 0 1
324 1584 0 792
+1 2376 0 2376
0 792 792
329 792 792

fn=(3186) <core::ops::range::Range<i32> as core::iter::traits::iterator::Iterator>::next
1184 350514 0 350514 398 0 0 1
+1 175257 0 175257
cfn=(3188) <core::ops::range::Range<i32> as core::iter::range::RangeIteratorImpl>::spec_next
calls=175257 -86 
* 8100768 1966773 3057261 1990 0 0 5 0 0 331041 19482
+1 350514 350514

fn=(3188)
1099 525771 0 350514 398 0 0 1
+1 701028 0 350514
fi=(482)
2224 350514 350514 0 398 0 0 1
fe=(501)
1100 175257 0 0 0 0 0 0 0 0 175257 19482
+6 19473 0 19473
-6 19473
jump=19473 +8 
* 
0 155784 155784
1101 467352 155784 311568
+2 311568 0 155784
cfn=(3190) <i32 as core::iter::range::Step>::forward_unchecked
calls=155784 247 
* 3738816 467352 1402056 796 0 0 2 0 0 155784
* 623136 311568 155784
+1 311568 0 311568 398 0 0 1
+4 701028 525771

fn=(3386) <core::ops::range::Range<usize> as core::iter::range::RangeIteratorImpl>::spec_next
1099 3564 0 2376 396 0 0 1
+1 4752 0 2376
fi=(482)
2224 2376 2376 0 396 0 0 1
fe=(501)
1100 1188 0 0 0 0 0 0 0 0 1188 4
+6 396 0 396
-6 396
jump=396 +8 
* 
0 792 792
1101 2376 792 1584
+2 1584 0 792
cfn=(3388)
calls=792 263 
* 19800 4752 6336 413 0 0 1 0 0 792 23
* 3168 1584 792
+1 1584 0 1584 396
+4 4752 3564

fn=(3368)
1189 3960 0 3168 396 0 0 1
+1 3168 0 1584 396 0 0 1
fi=(482)
2224 1584 1584
fe=(501)
1190 792 0 0 0 0 0 0 0 0 792 4
0 1584 1584
1191 2376 0 792 396
cfn=(3370)
calls=792 321 
* 15840 5544 7920 792 0 0 2 0 0 792 4
0 792 792
1195 1584 792

fn=(3190)
247 467352 0 311568 398 0 0 1
+2 311568 0 155784
fi=(451)
2558 467352 0 155784
+84 155784 0 155784
+1 934704 0 155784
fi=(456)
486 311568 0 0 0 0 0 0 0 0 155784
0 155784 155784
fi=(451)
686 311568 0 311568 398 0 0 1
fi=(265)
1130 311568 155784 155784
fe=(501)
250 311568 155784

fn=(3384)
1184 2376 0 2376
+1 1188 0 1188
cfn=(3386)
calls=1188 -86 
* 46728 13860 16236 1601 0 0 3 0 0 1980 27
+1 2376 2376

fl=(189)
fn=(784)
252 18 0 12 3 0 0 1
fi=(177)
4320 3 3
773 3
fe=(189)
253 3 0 0 0 0 0 0 0 0 3
+4 6 0 0 0 0 0 0 0 0 3 1
jfi=(233)
jcnd=1/3 736 
* 
fi=(233)
736 10 0 8 2 0 0 1
fe=(189)
-62 2 2 2 0 0 0 0 0 0 0 0 2 1
cob=(2)
cfi=(188)
cfn=(606)
calls=2 23 
* 6 4 0 2
* 6 2 2 0 0 0 0 0 0 0 0 2 1
cob=(2)
cfi=(190)
cfn=(610)
calls=2 33 
* 1981 443 285 49 1 7 3 1 7 296 51 14 3
+1 4 0 0 0 0 0 0 0 0 2
+1 6 0 2
+4 2 2 2 2 0 0 1 0 0 0 0 2 1
cob=(2)
cfi=(418) ./nptl/./nptl/pthread_attr_getguardsize.c
cfn=(1874) pthread_attr_getguardsize@@GLIBC_2.34
calls=2 23 
* 10 4 2 2 0 0 1
* 6 0 2 0 0 0 0 0 0 2
+1 4 2 0 0 0 0 0 0 0 2
fi=(230)
133 2 0 2
fe=(189)
692 8 0 2
+5 2 2 2 2 0 0 0 0 0 0 0 2 1
cob=(2)
cfi=(231)
cfn=(780)
calls=2 24 
* 18 6 4 2
* 2 0 2
-1 4 0 0 0 0 0 0 0 0 2
+5 2 2
+13 4 2
+9 2 2 2 0 0 0 0 0 0 0 0 2 1
cob=(2)
cfi=(232)
cfn=(782)
calls=2 26 
* 414 124 64 1 0 0 0 0 0 50 1 4
* 6 0 2 0 0 0 0 0 0 2
-9 4
259 4 0 2
cfi=(240)
cfn=(800)
calls=2 112 
* 274 70 58 34 0 2 5 0 2 38 14 4 2
fi=(233)
736 15 0 6 4 0 0 2
fe=(189)
269 6 3 3 0 0 0 0 0 0 0 0 3 1
cob=(2)
cfi=(234) ./signal/../sysdeps/unix/syscall-template.S
cfn=(788) sigaltstack
calls=3 120 
* 18 3 0 3 0 0 1 0 0 3
+3 6 3 0 0 0 0 0 0 0 3
+64 6 3 3 0 0 0 0 0 0 0 0 3 1
cob=(2)
cfi=(235) ./misc/./misc/getauxval.c
cfn=(790) getauxval
calls=3 56 
* 438 81 3 6 6 0 2 0 0 141 18
fi=(236)
2325 9
fi=(177)
4319 3 3 0 3 0 0 1
fe=(189)
234 21 3 3 0 0 0 0 0 0 0 0 3 2
cob=(2)
cfi=(237) ./misc/../sysdeps/unix/sysv/linux/mmap64.c
cfn=(794) mmap
calls=3 47 
* 78 12 9 3 0 0 3 0 0 12 4
+2 6 0 0 0 0 0 0 0 0 3
0 3
240 12 3 3 0 0 0 0 0 0 0 0 3 1
cob=(2)
cfi=(238)
cfn=(796) mprotect
calls=3 117 
* 18 3 0 1 0 0 1 0 0 3
+1 6 0 0 3 0 0 1 0 0 3
fi=(239)
971 3
fe=(189)
249 12 0 9
+38 6 3 3 0 0 0 0 0 0 0 0 3 3
cob=(2)
cfi=(234)
cfn=(788)
calls=3 120 
* 18 3 0 0 0 0 0 0 0 3
+1 6 3
jump=3 +4 
* 
+4 21 15 0 2 0 0 1

fn=(2120)
22 16 0 12 2 0 0 1
+2 2 2 0 0 1
fi=(275)
+14 2
fe=(189)
298 2 0 0 0 0 0 0 0 0 2
+38 4 2 2 0 1 1 0 0 0 0 0 2 2
cob=(2)
cfi=(235)
cfn=(790)
calls=2 56 
* 292 54 2 3 8 0 0 0 0 94 9
fi=(236)
2325 6
fi=(177)
4319 2 2 0 0 1
fe=(189)
301 8 0 6 2 0 0 1
+17 4 2 2 0 0 0 0 0 0 0 0 2 2
cob=(2)
cfi=(234)
cfn=(788)
calls=2 120 
* 12 2 0 1 0 0 0 0 0 2
fi=(239)
1055 2
fe=(189)
326 8 2 2 0 1 0 0 0 0 0 0 2 1
cob=(2)
cfi=(238)
cfn=(1864) munmap
calls=2 117 
* 12 2 0 2 0 0 0 0 0 2
fi=(240)
126 2 2 2 0 0 0 0 0 0 0 0 2 2
cob=(2)
cfi=(247)
cfn=(826)
calls=2 25 
* 8 6 0 1
* 2
fi=(177)
4408 6 0 2 2 0 1 1
fi=(543)
32 2 0 0 0 0 0 0 0 0 2
fi=(177)
4319 4 4
fi=(248)
462 6 0 0 0 0 0 0 0 0 2
0 2
fi=(177)
4319 4 2
773 6
fi=(544)
0 6 0 6 2 0 0 1
fi=(177)
4408 4 0 2
fi=(240)
96 2 0 0 0 0 0 0 0 0 2 2
jfi=(263)
jcnd=2/2 767 
* 
fi=(263)
767 6 2 0 2 0 0 1 0 0 2 2
fi=(419)
659 2 2
fi=(420)
57 6
fi=(419)
404 4 2 0 0 1
fi=(288)
180 2 0 0 0 0 0 0 0 0 2 2
0 8 0 0 2 0 0 1
fi=(236)
2348 6 2 0 2 1 0 1
fi=(420)
235 4 0 0 0 0 0 0 0 0 2
fi=(236)
2348 6 2 0 0 1
fi=(420)
235 4 0 0 0 0 0 0 0 0 2 2
jcnd=2/2 * 
* 
fi=(421)
82 2
fi=(178)
1663 2
fi=(288)
180 2 0 0 0 0 0 0 0 0 2 2
jfi=(236)
jcnd=2/2 2348 
* 
fi=(420)
+55 6 0 0 0 0 0 0 0 0 2
fi=(422)
656 2 0 2
fi=(419)
+95 4 0 0 0 0 0 0 0 0 2 2
jfi=(439)
jcnd=2/2 19 
* 
fi=(439)
19 14 0 8 2 0 0 1
cfn=(2146)
calls=2 +7 
* 224 68 60 16 2 0 8 0 0 26 12 4 2
fi=(422)
657 4 4
+4 2 0 2 2 0 0 1
+1 4 2 0 0 0 0 0 0 0 2 2
jfi=(233)
jcnd=2/2 848 
* 
fi=(233)
848 4 0 0 2 0 0 1 0 0 2 2
fi=(242)
0 2 0 0 2 0 0 1
fi=(177)
4304 2 0 2
773 2
fi=(233)
+75 18 4 2 0 0 0 0 0 0 8
fe=(189)
26 16 14

fl=(343)
fn=(1474)
177 9 0 6 1 0 0 1
fi=(338)
2245 3 1 0 0 0 0 0 0 0 1 1
jcnd=1/1 +35 
* 
+35 2 0 0 2 0 0 2 0 0 1
fe=(343)
193 2 2
-14 5 1 3 0 1 0 0 0 0 0 0 1 1
cfi=(344)
cfn=(1478)
calls=1 +22 
* 150 23 8 3 0 0 3 0 0 37 7
* 3 1 0 0 0 0 0 0 0 1
0 3 2
jump=1 179 
0 
179 3 0 1 0 0 0 0 0 0 0 0 1 1
cfi=(344)
cfn=(1478)
calls=1 +22 
* 6 2 1 0 0 0 0 0 0 1 1
* 3 1 0 0 0 0 0 0 0 1 1
* 2 2 0 1 0 0 1
fi=(338)
2100 2 0 1 0 0 0 0 0 0 0 0 1 1
cfi=(339)
cfn=(1438)
calls=1 390 
* 154 34 23 0 0 0 0 0 0 20 8 3
* 1
fi=(245)
+76 2 0 0 0 0 0 0 0 0 1
fi=(302)
139 1
fe=(343)
+42 1 0 0 0 0 0 0 0 0 1 1
jcnd=1/1 -2 
* 
fi=(255)
0 1 0 0 1 0 0 1
fe=(343)
257 9 7

fl=(295)
fn=(2064)
209 1 1 0 1 0 0 1
+43 6 1 0 0 1 0 0 1 0 0 0 1 1
jfi=(296)
jump=1 529 
* 
fi=(296)
529 2 2 0 0 1
fi=(338)
2966 3 1 0 1 0 0 1 0 0 0 0 1 1
cfn=(2068)
calls=1 1910 
* 140 38 28 3 0 0 3 0 0 16 5 2 1
fe=(295)

fl=(244)
fn=(902)
65 186637 186637 0 2 0 0 1 0 0 0 0 186637 3974
cob=(2)
cfi=(194)
cfn=(738)
calls=186637 3359 
* 22384901 5902902 2488733 9491 88777 604 61 2 46 3888145 28034

fl=(362)
fn=(1618)
250 39 6 24 2 0 0 1
0 3
268 15 3 3 2 0 0 1 0 0 0 0 3 1
cob=(2)
cfi=(363) ./socket/../sysdeps/unix/sysv/linux/accept4.c
cfn=(1620) accept4
calls=3 29 
* 106 24 17 7 0 0 4 0 0 14 4
fi=(176)
-38 2
+10 2 0 0 0 0 0 0 0 0 2 2
fi=(294)
0 2 2 0 2 0 0 1
fe=(362)
269 6 0 2
0 2 0 2
278 16 14 0 1 0 0 1

fl=(267)
fn=(1106)
719 6 0 4 1 0 0 1
+1 6 4 2
cfi=(277)
cfn=(1108)
calls=2 3908 
* 10 2 4
+1 4 4

fn=(910)
719 6 0 4 2 0 0 1
+1 6 4 2
cfi=(268)
cfn=(912)
calls=2 1771 
* 10 2 4 2 0 0 1
+1 4 4

fn=(1146)
719 4 0 4
+1 4 2 2
cfi=(277)
cfn=(1148)
calls=2 3924 
* 22 8 8
+1 4 4

fn=(1008)
719 6 0 4 1 0 0 1
+1 6 4 2 1 0 0 1
cfi=(277)
cfn=(1010)
calls=2 3875 
* 10 2 4 1 0 0 1
+1 4 4

fl=(341)
fn=(1500)
243 9544 0 7158 1194 0 523 1
+1 7158 2386 0 0 0 0 0 0 0 2386 8
jcnd=1193/2386 +12 
* 
+3 1193 1193
fi=(254)
3140 1193 1193
fe=(341)
247 2386
fi=(290)
1020 1193 0 0 0 0 0 0 0 0 1193
fe=(341)
251 1193 1193
fi=(239)
971 1193
fi=(233)
665 2386 1193 1193 0 0 0 0 0 0 0 0 1193 399
cob=(2)
cfi=(214)
cfn=(708)
calls=1193 255 
* 15509 1193 0 0 0 0 0 0 0 5965 8
fi=(254)
1835 2386 1193 0 0 0 0 0 0 0 1193
+5 1193 0 1193
fe=(341)
256 9544 9544

fn=(1490)
208 8 0 6 1 0 0 1
+15 2 0 2
+15 1 1
+22 1 0 0 0 0 0 0 0 0 1
0 3 1 0 1 0 0 1
jump=1 261 
0 
238 2 2
+22 1 0 0 0 0 0 0 0 0 1 1
+1 1 0 1
+1 2 1 1 0 0 0 0 0 0 0 0 1 1
cfn=(1492)
calls=1 -34 
* 9 5 0 1 0 0 1 0 0 1
* 1
fi=(321)
371 3 0 1 0 0 0 0 0 0 0 0 1 1
cob=(2)
cfi=(327)
cfn=(1354)
calls=1 25 
* 8 2 0 0 0 0 0 0 0 2
fi=(176)
230 1
+10 1 0 0 1 0 0 1 0 0 1
fe=(341)
+23 3 0 1
jump=1 +2 
* 
+2 2 0 0 1 0 0 1 0 0 1
-32 2 1 1
+43 1 0 0 1 0 0 1
jump=1 -38 
* 
fi=(294)
0 2
0 1
fi=(233)
848 1 1 1 0 0 0 0 0 0 0 0 1 1
cfi=(341)
cfn=(1500)
calls=1 243 
* 36 11 5 1 0 0 1 0 0 8 2 1 1
fe=(341)
278 9 7

fn=(1492)
228 2386 2386 0 1193 0 0 1
fi=(254)
1877 1193 1193
fi=(290)
544 3579 0 0 0 0 0 0 0 0 1193
90 1193 1193
fe=(341)
229 2386 1193

fl=(284)
fn=(1376) rustgres::wal::read_frame
747 5 0 4 1 0 1 1
+1 5 0 2 1 0 0 1
cob=(2)
cfi=(227)
cfn=(766)
calls=1 158 
* 15 1 2 0 0 0 0 0 0 4 2
* 1 1 0 0 0 0 0 0 0 0 0 1
* 1 1
+1 4 0 2
cfi=(329)
cfn=(1378)
calls=1 396 
* 69 21 20 7 0 1 7 0 0 7 1 2 1
* 8 1 1 1 0 0 1 0 0 1
0 1
751 2 0 2
cfi=(304)
cfn=(1172)
calls=1 472 
* 54 14 21 1 2 0 1 1 0 1 0 2 2
* 2 0 1
0 1 1 0 1 0 0 1
782 2 1
0 1 1 0 1 0 0 1
751 4 0 2
cfi=(304)
cfn=(1180)
calls=1 +13 
* 8 3 2 1 1 0 0 1
* 2 0 1 1 0 0 1
0 1 1
751 2 0 0 0 0 0 0 0 0 1 1
fi=(251)
0 1 1 0 1 0 0 1
fe=(284)
751 3 1 2
+4 6 2 3 1 0 0 1
+1 1 0 1
cfi=(264)
cfn=(1238)
calls=1 +92 
* 61 14 27 1 0 0 1 0 0 2 1 1 1
* 1
+2 1 0 1
fi=(251)
0 1
fe=(284)

fn=(3172) <rustgres::wal::Enc>::bytes
227 4776 0 3582 398 0 0 1
+1 1194 0 1194
cfi=(452)
cfn=(2252)
calls=1194 3647 
* 706253 151842 176660 1295 180 248 0 0 20 64385 5323 4773
+1 2388 1194

fn=(3740) <rustgres::wal::Enc>::value
245 3960 0 3168 396 0 0 1
+1 6336 792 792
0 1584 792 0 396 0 0 1
246 2376 792 0 0 202 0 0 1 0 0 0 792 792
0 792 792
248 792 0 396
+1 792 0 396
cfn=(3166) <rustgres::wal::Enc>::u8
calls=396 -42 
* 19008 4752 7920 0 0 0 0 0 0 396
* 792 792
+1 792 396 396
cfn=(3742) <rustgres::wal::Enc>::i64
calls=396 -31 
* 167112 37224 53064 792 0 0 2 0 0 9108 792 792
* 396 0 0 396 0 0 1
jump=396 +15 
* 
0 792 792
256 396 0 396 396 0 0 1
+1 792 0 396
cfn=(3166)
calls=396 -50 
* 19008 4752 7920 0 0 0 0 0 0 396
* 396 396
+1 396 0 396
cfi=(276)
cfn=(2430)
calls=396 2896 
* 1584 1188 396
* 1188 396 396
cfn=(3168) <rustgres::wal::Enc>::str
calls=396 -27 
* 340720 75240 108108 0 0 0 0 0 0 19800 894 1584
* 396
jump=396 +7 
* 
+7 1584 792

fn=(3742)
219 2772 396 1584 396 0 0 1
+1 396 0 396
cfi=(451)
cfn=(3744)
calls=396 3762 
* 2772 792 1584 396 0 0 1
* 2772 792 1188
cfi=(452)
cfn=(2252)
calls=396 3647 
* 157608 34848 48312 0 0 0 0 0 0 9108 792 792
+1 792 396

fn=(1004)
584 11 2 6 2 0 1 2
+1 3 0 3 1 0 1 1
cfi=(285)
cfn=(1006)
calls=1 3366 
* 1599 359 280 68 8 19 67 3 1 255 55 23 23
* 2 0 1
cfi=(300)
cfn=(1100)
calls=1 2175 
* 11 3 2 2 0 0 2 0 0 1 1
* 8 1 1 1 0 0 1 0 0 1 1
0 2 2
586 2 0 1 1 0 0 1
cfn=(1102) rustgres::wal::load_checkpoint
calls=1 788 
* 1654 418 395 119 9 22 105 6 2 162 46 31 24
* 3 0 1
cfi=(300)
cfn=(1256)
calls=1 2175 
* 48 13 9 3 0 1 3 0 0 5 1 2
* 7 1 0 0 0 0 0 0 0 1 1
0 2 2 0 1 0 0 1
586 18 8 10 3 0 1 3
+1 4 0 1
cfi=(277)
cfn=(1104)
calls=1 3077 
* 655 148 109 0 0 0 0 0 0 86 16 9 3
* 1
0 1 0 0 1 0 0 1
588 1 0 1
cfi=(285)
cfn=(1258)
calls=1 1914 
* 9 3 4 1 0 1 1
* 1
0 1 0 0 1 0 0 1
589 2 0 1
cfi=(285)
cfn=(1260)
calls=1 1931 
* 9 1 3 1 0 0 1
* 2 0 1 0 0 1
0 1 1
590 2 0 1
cfi=(285)
cfn=(1262)
calls=1 2005 
* 9 1 3
* 2 0 1
0 1 1
591 2 0 1 1 0 0 1
cfi=(285)
cfn=(1264)
calls=1 2050 
* 9 1 3 1 0 0 1
* 2 0 1
0 3 1
592 1 0 1
cfi=(285)
cfn=(1266)
calls=1 2137 
* 285 72 52 5 0 0 5 0 0 43 14 4 3
* 1
0 2
588 1 0 1 1 0 0 1
cfi=(300)
cfn=(1276)
calls=1 2175 
* 14 6 6 2 0 0 2 0 0 1 1
* 4 1 0 0 0 0 0 0 0 1 1
jcnd=1/1 * 
* 
* 4 1 3 1 0 0 1
+5 4 1 1 0 0 0 0 0 0 0 0 1 1
cfi=(286)
cfn=(1278)
calls=1 1142 
* 221 60 69 4 0 2 4 0 0 18 7 3 2
* 1
0 2 0 0 1 0 0 1
593 1 0 1
cfi=(300)
cfn=(1290)
calls=1 2175 
* 83 27 21 2 0 3 2 0 0 11 2 2
* 7 1 0 1 0 0 1 0 0 1 1
0 3 0 1 1 0 0 1
593 5 1 3 0 0 0 0 0 0 0 0 1 1
cob=(2)
cfi=(214)
cfn=(708)
calls=1 255 
* 30 10 8 0 0 0 0 0 0 5
* 6 3 2 1 0 0 1 0 0 0 0 1 1
cob=(2)
cfi=(214)
cfn=(708)
calls=1 255 
* 30 10 8 0 0 2 0 0 0 5 1
* 2 1 1
cfi=(285)
cfn=(1292)
calls=1 2275 
* 3 2 1
* 2 0 1
0 1 1
593 3 0 1 1 0 0 1
+6 1 0 1
cfn=(1294) rustgres::wal::read_wal_header
calls=1 132 
* 159 43 50 20 2 0 20 1 0 14 9 5 5
* 1
0 2
599 1 0 1
cfi=(300)
cfn=(1320)
calls=1 2175 
* 19 7 7 2 0 0 2 0 0 1 1
* 7 1 0 1 0 0 1 0 0 1 1
jcnd=1/1 * 
* 
* 6 3 2 1 0 0 1 0 0 1 1
jcnd=1/1 +3 
* 
+3 5 1 1 1 0 0 1 0 0 0 0 1 1
cfi=(286)
cfn=(1322)
calls=1 1124 
* 36 11 8 5 0 0 5 0 0 3 1 1 1
* 2 0 1 0 0 1
0 1 1
602 1 0 1
cfi=(300)
cfn=(1100)
calls=1 2175 
* 11 3 2 0 0 0 0 0 0 1
* 2 0 1
0 1 1
602 8 1 1 1 0 0 1 0 0 1 1
0 2 1 0 1 0 0 1
603 1 0 1
cfn=(1332) rustgres::wal::encode_wal_header
calls=1 122 
* 214 43 81 13 1 0 13 1 0 13 6 5 2
* 1
0 2
603 2 0 1
cfi=(326)
cfn=(1350)
calls=1 214 
* 78 26 22 10 0 0 10 0 0 9 3 2 2
* 2 0 1 1 0 0 1
0 1 1
603 1 0 1
cfi=(300)
cfn=(1100)
calls=1 2175 
* 11 3 2 0 0 0 0 0 0 1 1
* 2 0 1
0 1 1
603 8 1 1 1 0 0 1 0 0 1 1
jcnd=1/1 +1 
* 
+1 3 1 1 1 0 0 1 0 0 0 0 1 1
cfi=(286)
cfn=(1362)
calls=1 783 
* 35 13 8 4 0 0 4 0 0 3 1 1 1
* 2 0 1
0 1 1
604 1 0 1
cfi=(300)
cfn=(1100)
calls=1 2175 
* 11 3 2 0 0 0 0 0 0 1 1
* 2 0 1
0 1 1
604 8 1 1 1 0 0 1 0 0 1 1
0 1 1 0 1 0 0 1
605 1 0 1
+1 1 0 1
+4 1 0 1
+1 1 0 1
+1 1 0 1
+4 6 1 1 1 0 0 1 0 0 0 0 1 1
cfi=(286)
cfn=(1298)
calls=1 1537 
* 27 8 4 0 0 0 0 0 0 2 1 1
* 3 0 2
0 2 2 0 1 0 0 1
616 1 0 1
cfi=(300)
cfn=(1306)
calls=1 2175 
* 11 5 5 0 0 0 0 0 0 1 1
* 3 0 2 0 0 1
0 2 2
616 4 1 2 1 0 0 1 0 0 1 1
jcnd=1/1 * 
* 
* 2 1 1 1 0 0 1
+2 3 1 1 0 0 0 0 0 0 0 0 1 1
cfi=(286)
cfn=(1370)
calls=1 1543 
* 25 7 4 2 0 0 2 0 0 2 1 1 1
* 3 0 2
0 2 2 0 1 0 0 1
618 1 0 1
cfi=(300)
cfn=(1306)
calls=1 2175 
* 11 5 5 0 0 0 0 0 0 1 1
* 3 0 2
0 2 2
618 4 1 2 1 0 0 1 0 0 1 1
jcnd=1/1 * 
* 
* 5 1 2 1 0 0 1
+1 1 0 1
cfn=(1376)
calls=1 747 
* 263 64 94 18 3 2 17 2 0 16 5 6 4
* 1
0 2
619 1 0 1
cfi=(300)
cfn=(1386)
calls=1 2175 
* 29 13 11 3 0 0 3 0 0 1 1
* 7 1 0 1 0 0 1 0 0 1 1
jcnd=1/1 * 
* 
* 14 5 4 2 0 0 2 0 0 1 1
0 1 0 0 1 0 0 1
634 1 0 1
cfi=(308)
cfn=(1388)
calls=1 +93 
* 3 2 1 1 0 0 1
* 2 0 1 0 0 1
0 3 3 0 1 0 0 1
634 1 0 1
+6 1 0 1
cfi=(277)
cfn=(1390)
calls=1 3304 
* 5 1 2 1 0 0 1
* 3 0 2
0 2 2
640 3 0 2
-5 10 1 5 2 0 0 2
cfi=(330)
cfn=(1392)
calls=1 89 
* 10 4 5 1 1 0 1
* 4 1 1
cfi=(330)
cfn=(1394)
calls=1 89 
* 10 4 5 2 0 0 2
* 4 1 1
cfi=(330)
cfn=(1394)
calls=1 89 
* 10 4 5
* 4 1 1 1 0 0 1
cfi=(330)
cfn=(1396)
calls=1 89 
* 10 4 5 1 1 0 1
* 12 4 5 1 0 0 1
cfi=(331)
cfn=(1398) <core::fmt::Arguments>::new::<88, 4>
calls=1 +94 
* 5 1 2 2 0 0 2
* 3 0 2
0 2 2
635 2 1 1 1 0 0 1 0 0 0 0 1 1
cfi=(332)
cfn=(1400)
calls=1 1274 
* 2605 581 397 65 10 1 65 3 0 405 115 58 23
* 1
0 2 2
643 7 3 4 1 0 0 1
+2 3 1 1 0 0 0 0 0 0 0 0 1 1
cfi=(287)
cfn=(1512)
calls=1 2528 
* 100 26 20 3 0 1 3 0 0 12 0 4 3
* 1
jump=1 +1 
* 
+1 3 1 2 1 0 0 1
+1 2 1 1 0 0 1
+1 2 1 1
+1 6 1 1 1 0 0 1 0 0 1
0 4 4
644 9 3 6 1 0 0 1
-2 28 14 14 3 0 0 3
+10 3 0 2 1 0 0 1
cfi=(264)
cfn=(1250)
calls=1 848 
* 140 45 32 8 0 0 0 0 0 16 0 5 1
* 1
jump=1 * 
* 
* 1 0 1 1 0 0 1
0 1 1
652 2 1

fn=(3174) <rustgres::wal::Enc>::columns
267 7 0 6 2 0 0 2
+1 2 0 1
cfn=(3154) <rustgres::wal::Enc>::u32
calls=1 -57 
* 423 94 133 0 0 0 0 0 0 24 3 2
* 2 2
+1 1 0 1
cfi=(457)
cfn=(3176)
calls=1 23 
* 17 5 10 1 0 0 1
* 4 0 3
cfi=(458)
cfn=(2996)
calls=1 157 
* 23 9 10 0 0 0 0 0 0 1
* 4 0 2
cfi=(458)
cfn=(2996)
calls=2 157 
* 42 15 19 0 0 0 0 0 0 2 1
* 24 3 3 1 0 0 1 0 0 3 1
jcnd=1/3 +4 
* 
* 12 4 6
+1 2 0 2
cfi=(276)
cfn=(2430)
calls=2 2896 
* 8 6 2
* 6 2 2 1 0 0 1
cfn=(3168)
calls=2 -39 
* 2023 441 591 0 0 1 0 0 1 140 13 13
* 4 4
+1 2 0 2
cfn=(3178) <rustgres::wal::Enc>::col_type
calls=2 -35 
* 132 36 52 2 0 0 2 0 0 2 1 2 2
* 2
jump=2 -2 
* 
+2 2 1

fn=(1102)
788 5 0 4 1 0 1 1
+1 9 0 6 1 0 2 1
cfi=(277)
cfn=(1104)
calls=1 3077 
* 653 148 109 27 2 11 15 1 1 85 21 9 7
* 2 1 0 1 0 0 1
+1 1 0 1
cfi=(285)
cfn=(1144)
calls=1 346 
* 277 76 52 19 0 1 19 0 0 32 13 7 7
* 1
jump=1 * 
* 
* 7 1 1 1 0 0 1 0 0 1
+2 3 0 2
cfi=(304)
cfn=(1172)
calls=1 472 
* 70 21 25 10 2 0 10 2 0 2 0 4 4
* 2 0 1
0 1 1 0 1 0 0 1
816 4 1 1 1 0 0 1
cfi=(264)
cfn=(1250)
calls=1 +32 
* 140 45 32 1 0 0 1 0 0 16 2 5 1
* 1
0 1 1 0 1 0 0 1
792 4 0 2
cfi=(304)
cfn=(1180)
calls=1 -28 
* 8 3 2 1 1 0 0 1
* 2 0 1
0 1 1
792 2 0 0 0 0 0 0 0 0 1 1
jcnd=1/1 * 
* 
* 4 1 2 2 0 0 2
+1 1 0 1
cfi=(307)
cfn=(1182) <rustgres::storage::Database>::new
calls=1 106 
* 371 96 116 38 3 5 37 1 1 23 8 5 4
* 1
+3 1 0 1
fi=(251)
0 1
jfi=(284)
jump=1 816 
0 
fe=(284)
0 1 1 0 1 0 0 1
793 16 7 8 1 0 2 1
+1 1 0 1 1 0 0 1
cfi=(264)
cfn=(1238)
calls=1 +54 
* 62 14 27 11 1 0 11 1 0 2 1 1 1
* 1
jump=1 +2 
* 

fn=(3164) <rustgres::wal::Enc>::record
285 1990 0 1592 796 0 0 2
+1 3184 398 398
0 796 398
286 1194 398 0 398 316 0 1 1 0 0 0 398 3
0 2 2
287 7 0 4
+1 2 0 1
cfn=(3166)
calls=1 -81 
* 48 12 20 6 0 0 1 0 0 1
* 1 1
+1 1 0 1 1 0 0 1
cfi=(276)
cfn=(2430)
calls=1 2896 
* 4 3 1
* 3 1 1
cfn=(3168)
calls=1 -58 
* 1158 251 318 15 0 0 2 0 0 87 17 9
* 1 1
+1 1 0 1
cfi=(452)
cfn=(2978)
calls=1 3898 
* 4 3 1
* 3 1 1
cfn=(3174)
calls=1 -23 
* 2742 622 845 7 0 1 7 0 1 172 19 17 2
* 1
jump=1 +22 
* 
0 792 792 0 396
292 2772 0 1584 396 0 0 1
+1 792 0 396
cfn=(3166)
calls=396 -86 
* 19008 4752 7920 2376 0 0 0 0 0 396
* 396 396
+1 396 0 396
cfi=(276)
cfn=(2430)
calls=396 2896 
* 1584 1188 396 396
* 1188 396 396
cfn=(3168)
calls=396 -63 
* 523431 117165 133443 8208 880 27 0 0 0 45667 3221 3957 2
* 396 396
+1 396 0 396 396 0 0 1
cfi=(452)
cfn=(3730)
calls=396 3898 
* 1584 1188 396
* 1188 396 396
cfn=(3732) <rustgres::wal::Enc>::rows
calls=396 -20 
* 1227592 278572 359355 8800 573 286 12 1 15 89852 5025 7045 793
* 396
jump=396 +17 
* 
0 2 2 0 1
297 3 0 2
+1 2 0 1
cfn=(3166)
calls=1 -91 
* 48 12 20 6 0 0 0 0 0 1
* 1 1
+1 1 0 1 1 0 0 1
cfi=(276)
cfn=(2430)
calls=1 2896 
* 4 3 1
* 3 1 1
cfn=(3168)
calls=1 -68 
* 1324 296 337 18 2 5 0 0 0 116 10 10
* 1
jump=1 +13 
* 
+13 796 398 0 397

fn=(3180) rustgres::wal::crc32
153 1194 0 796 398 0 0 1
+1 398 0 398
+1 398 0 398
cfi=(457)
cfn=(3182)
calls=398 23 
* 6368 1990 3980 796 0 0 1
* 1592 0 1194
cfi=(458)
cfn=(2460)
calls=398 +2 
* 9154 3582 3980 405 0 0 0 0 0 398 3
* 38946 0 19473
cfi=(458)
cfn=(2460)
calls=19473 +2 
* 446287 174063 194332 0 0 0 0 0 0 19473 398
* 158968 19871 19871 398 0 0 1 0 0 19871 2
jcnd=398/19871 +8 
* 
* 58419 38946 19473
+1 58419 19473 19473
+1 58419 0 19473
cfi=(360)
cfn=(3184)
calls=19473 322 
* 97365 19473 38946 398 0 0 1
* 58419 0 38946
jump=19473 * 
* 
+6 796 398
+1 796 398
-7 350514 0 175257 398 0 0 1
cfi=(501)
cfn=(3186)
calls=175257 1184 
* 8977053 2317287 3583032 2388 0 0 6 0 0 331041 19482
* 525771 0 0 0 0 0 0 0 0 175257 2
jcnd=19473/175257 -2 
* 
+2 467352 155784 155784
fi=(324)
2719 311568
fe=(284)
159 155784 0 155784
+1 778920 155784 155784 398 0 0 1
-3 155784
jump=155784 * 
* 

fn=(1332)
122 5 0 4
+1 4 0 1 1 0 0 1
cob=(2)
cfi=(227)
cfn=(766)
calls=1 +35 
* 11 1 2 0 0 0 0 0 0 2 1
* 1 1 0 0 0 0 0 0 0 0 0 1
+1 4 0 1
cfi=(318)
cfn=(1334)
calls=1 401 
* 62 12 28 5 0 0 5 0 0 2 1
* 6 0 1
cfi=(325)
cfn=(1344)
calls=1 4341 
* 27 6 7 3 1 0 3 1 0 4 2 2 2
+1 4 0 1 1 0 0 1
cfi=(318)
cfn=(1308)
calls=1 401 
* 36 6 18 0 0 0 0 0 0 1
* 4 1 3
cfi=(324)
cfn=(1348)
calls=1 4021 
* 6 2 3 2 0 0 2
* 9 3 3 1 0 0 1
cfi=(325)
cfn=(1344)
calls=1 4341 
* 27 6 7 0 0 0 0 0 0 4 2 2
* 2 2
+1 4 2 2
+1 2 1

fn=(3150) <rustgres::wal::Enc>::new
203 2388 0 1592 398 0 0 1
+1 1592 0 796 0 0 1
cfi=(452)
cfn=(2246)
calls=796 464 
* 4776 796 2388 398
* 6368 3980 2388 398 0 0 1
+1 1592 796

fn=(3732)
275 2772 0 2376 396 0 0 1
+1 792 0 396
cfn=(3154)
calls=396 -65 
* 167508 37224 52668 0 0 0 0 0 0 9504 6 792
* 792 792
+1 396 0 396
cfi=(457)
cfn=(3734)
calls=396 23 
* 6732 1980 3960 792 0 0 1
* 1584 0 1188
cfi=(458)
cfn=(3678)
calls=396 157 
* 9108 3564 3960 411 0 0 0 0 0 396
* 792 0 396
cfi=(458)
cfn=(3678)
calls=396 157 
* 7524 2376 3564 0 0 0 0 0 0 396 2
* 6336 792 792 396 0 0 1 0 0 792 2
jcnd=396/792 +6 
* 
* 1188 396 792
+1 396 0 396
cfi=(452)
cfn=(3736)
calls=396 3139 
* 1188 792 396
* 1188 396 396
cfn=(3154)
calls=396 -67 
* 395040 84532 82551 3241 371 286 0 0 15 46688 3325 3085 1
* 396 396
+1 396 0 396 396 0 0 1
cfi=(452)
cfn=(3738)
calls=396 4092 
* 7920 2772 4356 792 0 0 2
* 1188 0 792
jump=396 * 
* 
+4 792 396
-4 2376 0 1188
cfi=(458)
cfn=(3696)
calls=1188 157 
* 25740 9504 11484 0 0 0 0 0 0 1188 2
* 9504 1188 1188 0 0 0 0 0 0 1188 2
jcnd=396/1188 -2 
* 
0 792 792
279 1584 792 792
+1 792 0 792
cfn=(3740)
calls=792 -35 
* 571984 129888 184140 2376 202 0 6 1 0 29700 1686 3168 792
* 792
jump=792 -1 
* 

fn=(3152) <rustgres::wal::Enc>::u64
215 2786 398 1592 398 0 0 1
+1 398 0 398 398 0 0 1
cfi=(324)
cfn=(1348)
calls=398 4021 
* 2388 796 1194 796
* 2786 796 1194
cfi=(452)
cfn=(2252)
calls=398 3647 
* 220902 49499 59390 7255 504 1493 0 0 1 16481 1621 3184
+1 796 398

fn=(3168)
231 10348 1592 6368 398 0 0 1
+1 796 0 796
cfi=(346)
cfn=(3170) <str>::len
calls=796 -77 
* 3184 796 1592 398
* 2388 796 796
cfn=(3154)
calls=796 -21 
* 521544 116578 130958 7047 882 33 0 0 1 46308 2965 3981 2
* 3980 2388 1592
+1 796 0 796
cfn=(3172)
calls=796 -6 
* 324028 70447 99899 398 0 0 1 0 0 19502 1190 1592
+1 1592 796

fn=(3606)
460 3168 0 2376 396 0 0 1
+1 396 0 396 396 0 0 1
cfi=(452)
cfn=(2902)
calls=396 +3 
* 2376 396 1188 396
* 792 396
+1 396 0 396
cfi=(308)
cfn=(3608)
calls=396 2053 
* 55836 16236 22176 5544 0 0 4 0 0 1584 0 792
* 396
jump=396 * 
* 
* 1584 0 396 396 0 0 1
cob=(2)
cfi=(214)
cfn=(708)
calls=396 255 
* 4752 1188 792 0 0 0 0 0 0 792 6
* 396 396 0 0 0 0 0 0 0 0 0 396
0 792
462 792 0 792
cfi=(308)
cfn=(3614)
calls=792 2105 
* 51084 14652 19800 4644 470 0 4 0 0 1584 2
* 2376 0 1584
0 1584 1584 0 396 0 0 1
462 7128 792 1584 0 0 0 0 0 0 792 397
0 396 396 0 396 0 0 1
462 2376 792 1584
+1 396 0 396
cfi=(308)
cfn=(2812)
calls=396 1034 
* 745872 196518 271656 44453 1068 0 20 0 0 24705 863 1584 1
* 792 0 396 396 0 0 1
0 792 396
506 396 0 396
cfi=(308)
cfn=(3714)
calls=396 +7 
* 62568 17820 23364 874 252 205 1 0 0 2376 71 1188
* 396
0 792
506 396 0 396
cfi=(360)
cfn=(3716)
calls=396 322 
* 8316 2772 1980 396 0 0 0 0 0 792 0 396
* 1980 0 396 396 0 0 1
cob=(2)
cfi=(214)
cfn=(708)
calls=396 255 
* 4752 1188 792 0 0 0 0 0 0 792 389
* 396 396 0 0 0 0 0 0 0 0 0 396
0 792
506 792 0 792
cfi=(308)
cfn=(3718)
calls=792 2229 
* 61776 16236 22176 1272 0 0 2 0 0 2376 5
* 1584 0 792
0 792 792
506 6336 792 792 396 0 257 1 0 0 792 1
0 396 396
506 1188 396 792 0 0 273
+1 396 0 396
cfi=(308)
cfn=(3722)
calls=396 1268 
* 748644 196518 271260 4920 677 0 4 0 0 24705 465 1584
* 792 0 396 396 0 0 1
0 792 792
511 2376 1188 1188 0 0 172
+1 792 396
0 396 396 0 396 0 0 1
507 792 0 0 0 0 0 0 0 0 396 3
0 396 396 0 396 0 0 1
463 3168 396 396 396 0 0 1 0 0 396
0 396 396
476 1188 396 792 396 0 0 1
+1 396 0 396
cfi=(496)
cfn=(3642)
calls=396 17 
* 119187 29786 40392 4435 1188 0 7 0 0 6818 125 792
* 792 0 396
0 396 396 0 396 0 0 1
477 1188 0 0 0 0 0 0 0 0 396
0 396 396
483 792 0 396
cfi=(452)
cfn=(3496)
calls=396 3139 
* 1188 792 396 396
* 792 0 396
0 396 396 0 396 0 0 1
483 792 0 396
cfi=(452)
cfn=(3496)
calls=396 3139 
* 1188 792 396
* 792 0 396
0 792 792 0 396 0 0 1
483 792 0 0 0 0 0 0 0 0 396 2
0 792 792
484 1584 0 792 396 0 0 1
cfi=(452)
cfn=(3496)
calls=396 3139 
* 1188 792 396
* 792 0 396
0 792 792
484 792 0 396
cfi=(452)
cfn=(3656)
calls=396 3980 
* 12276 2376 8316 1584 0 0 4 0 0 396 1
* 1188 0 792
0 1980 1188 792 396 0 0 1
484 1188 0 396
cfi=(452)
cfn=(3660)
calls=396 3980 
* 6732 1584 2376 792 0 0 1
* 1188 0 792
0 1584 1584
484 396 0 396
cfi=(481)
cfn=(3664) <[alloc::vec::Vec<rustgres::storage::Value>] as core::cmp::PartialEq>::eq
calls=396 19 
* 26215398 6573204 6889608 9484 281044 0 22 0 0 1252152 428 234630 156420
* 792 0 396 396 0 250 1
0 396 396
484 792 0 0 0 0 0 0 0 0 396 3
0 396 396 0 0 235
487 792 0 396
cfi=(452)
cfn=(3496)
calls=396 3139 
* 1188 792 396 0 197
* 792 0 396
0 396 396 0 396 0 0 1
487 792 0 396
cfi=(452)
cfn=(3496)
calls=396 3139 
* 1188 792 396 0 197
* 792 0 396 396 0 0 1
0 792 792
487 792 0 0 0 0 0 0 0 0 396
0 396 396
489 1188 396 396 0 245 0 0 0 0 0 0 396 1
cfi=(262)
cfn=(2722)
calls=396 2425 
* 40392 11088 7920 395 2263 195 0 0 0 5148 1189 1584 396
* 396
0 792 792
490 1584 0 792 396 0 0 1
cfi=(452)
cfn=(3496)
calls=396 3139 
* 1188 792 396
* 792 0 396
0 792 792 0 396 0 0 1
490 792 0 396
cfi=(452)
cfn=(3668)
calls=396 3980 
* 13464 3168 5940 1178 0 0 1 0 0 396 2
* 1188 0 792
0 1188 792
490 396 0 396
cfi=(467)
cfn=(3672)
calls=396 372 
* 631089 162417 180417 38847 4140 4174 44 0 11 57912 5011 5940 1188
* 396
-2 5148 1584 2376 792 0 565 2
cfi=(452)
cfn=(3706)
calls=396 1003 
* 104313 26958 23377 4220 2360 291 8 0 2 11513 801 2772
* 792

fn=(1294)
132 5 0 4 1 0 0 1
+1 4 0 1
cob=(2)
cfi=(227)
cfn=(766)
calls=1 +25 
* 11 1 2 0 0 0 0 0 0 2 1
* 1 1 0 0 0 0 0 0 0 0 0 1 1
* 1 1
+1 4 1 1 1 0 0 1 0 0 0 0 1 1
cfi=(286)
cfn=(1298)
calls=1 1537 
* 27 8 4 3 1 0 3 1 0 2 1 1 1
* 3 0 1
cfi=(300)
cfn=(1306)
calls=1 2175 
* 11 5 5 2 0 0 2 0 0 1 1
* 4 1 2 0 0 0 0 0 0 1 1
jcnd=1/1 * 
* 
* 2 1 1 1 0 0 1
+1 1 0 1
+1 2 1 0 0 0 0 0 0 0 1 1
jcnd=1/1 +1 
* 
+7 2 1 0 0 0 0 0 0 0 1 1
-6 4 1 1 1 0 0 1
cfi=(318)
cfn=(1308)
calls=1 401 
* 36 6 18 3 0 0 3 0 0 1
* 3 2 1 0 0 0 0 0 0 0 0 1 1
cfi=(286)
cfn=(1312)
calls=1 1498 
* 25 8 4 3 1 0 3 0 0 3 1 1 1
* 4 1 2 0 0 0 0 0 0 1 1
jcnd=1/1 * 
* 
* 2 1 0 1 0 0 1 0 0 1 1
jcnd=1/1 +6 
* 
0 1 1 0 1 0 0 1
144 2 0 2 1 0 0 1
fi=(251)
0 1
fe=(284)
0 1 1 0 1 0 0 1
147 2 1 0 1 0 0 1

fn=(3178)
236 8 0 6 1 0 0 1
+1 4 2 2
0 4 2
237 6 2 0 0 0 0 0 0 0 0 0 2 2
jump=1 +3 
* 
jump=1 +1 
* 
+1 2 0 1
+2 2 0 1
0 2 2
237 4 2 2 1 0 0 1
cfn=(3166)
calls=2 -30 
* 96 24 40 0 0 0 0 0 0 2 1
+6 4 2

fn=(3144)
657 5174 796 3184 796 0 0 2
+1 398 0 398
cfi=(325)
cfn=(3146)
calls=398 138 
* 2388 398 796 398 0 0 1
* 796 0 0 0 0 0 0 0 0 398
0 398 398
661 1194 398 796 398 292 0 1
+1 2786 398 398 0 0 0 0 0 0 398
fi=(251)
0 796 796 0 398 0 0 1
fe=(284)
662 1194 0 796
+2 398 0 398
cfn=(3150)
calls=398 203 
* 8358 2786 3582 1194 0 1 2
* 796 796
+1 398 0 398
cfn=(3152)
calls=398 215 
* 230056 51887 63768 8847 504 1493 2 0 1 16481 1621 3184
* 398 0 0 398 0 0 1
0 398 398
666 1194 0 398 398 0 0 1
cfn=(3154)
calls=398 211 
* 236935 52954 65284 2794 354 0 2 0 0 16738 1606 2786
* 398
0 796 796
667 398 0 398
cfi=(457)
cfn=(3158)
calls=398 23 
* 6766 1990 3980 796 0 0 2
* 1194 0 796
0 796 796 0 398 0 0 1
667 796 0 796
0 398
667 398 0 398
cfi=(458)
cfn=(3160)
calls=398 157 
* 9154 3582 3980 797 0 0 3 0 0 398
0 398
667 398 0 398
cfi=(458)
cfn=(3160)
calls=398 157 
* 7562 2388 3582 0 0 0 0 0 0 398 4
* 1592 0 796
0 796 796
667 6368 796 796 398 0 0 1 0 0 796 1
* 1194 398 398
+1 398 0 398
cfn=(3164)
calls=398 285 
* 1795238 408045 508621 22614 1771 319 29 2 16 136292 8292 11436 800
* 398
jump=398 * 
* 
0 398 0 0 398 0 0 1
670 398 0 398
cfi=(452)
cfn=(2230)
calls=398 3898 
* 1592 1194 398 397
* 1194 0 796
0 796 796
670 398 0 398
cfn=(3180)
calls=398 153 
* 12718684 2907049 4606374 5579 0 0 12 0 0 546040 19887
* 796 0 398 0 0 150
0 398 398 0 398 0 0 1
670 796 0 398
+2 398 0 398
cfn=(3150)
calls=398 203 
* 8358 2786 3582
* 398
0 398
674 398 0 398
cfi=(452)
cfn=(2292)
calls=398 3139 
* 1194 796 398
* 796 0 398
0 398 398 0 398 0 0 1
674 1990 0 398 0 0 0 0 0 0 398
0 398 398
674 1194 0 398 398 0 0 1
cfn=(3154)
calls=398 211 
* 230872 51854 63739 6 6 1 0 0 0 16913 1215 3184
* 398
0 398
675 398 0 398
cfi=(452)
cfn=(2230)
calls=398 3898 
* 1592 1194 398
* 1194 0 796
0 1194 796 0 398 0 0 1
675 398 0 398
cfn=(3172)
calls=398 227 
* 390583 82589 81537 1295 180 248 0 0 20 44883 4133 3181
* 398
0 796 398
676 398 0 398
cfn=(3154)
calls=398 211 
* 354159 77111 79562 2422 295 290 2 0 22 38113 2659 2848
* 398
0 398 398
678 1592 0 796
cfi=(452)
cfn=(2230)
calls=398 3898 
* 1592 1194 398
* 1194 0 796 398 0 0 1
0 1194 1194
678 398 0 398
cfi=(326)
cfn=(1350)
calls=398 214 
* 50546 14726 12338 5970 866 0 0 0 0 5970 11 796 398
* 796 0 398 0 0 184
0 398 398
678 398 0 398
cfi=(300)
cfn=(1100)
calls=398 2175 
* 4378 1194 796 796 0 0 0 0 0 398 2
* 796 0 398
0 398 398
678 3184 398 398 398 0 0 1 0 0 398 2
0 398 398 0 398 0 0 1
681 1194 398 398 0 0 0 0 0 0 0 0 398 1
cfi=(286)
cfn=(1362)
calls=398 783 
* 31840 8756 5970 1990 533 0 1 0 0 3582 799 398 1
* 796 0 398
0 398 398
681 398 0 398
cfi=(300)
cfn=(1100)
calls=398 2175 
* 4378 1194 796 0 0 0 0 0 0 398 1
* 796 0 398
0 398 398 0 398 0 0 1
681 3184 398 398 0 0 0 0 0 0 398 2
0 398 0 0 398 0 0 1
682 398 0 398
cfi=(452)
cfn=(2292)
calls=398 3139 
* 1194 796 398
* 796 0 398
0 796 796
682 2388 398 398 398 0 0 1 0 0 398
0 1194 1194
682 398 0 398
+1 1194 0 796
+1 398 0 398
cfi=(264)
cfn=(3194)
calls=398 848 
* 66516 19289 10149 3283 960 0 1 0 0 9994 253 1990 398
* 398 0 0 398 0 0 1
jump=398 * 
* 
* 796 0 398
cfi=(264)
cfn=(3194)
calls=398 848 
* 56250 17349 10301 0 0 0 0 0 0 6796 405 1990
* 1592 1194
-16 398 0 0 398

fn=(3154)
211 19481 2783 11132 398 0 0 1
+1 2783 0 2783
cfi=(324)
cfn=(3156)
calls=2783 4021 
* 16698 5566 8349 398 0 0 1
* 19481 5566 8349
cfi=(452)
cfn=(2252)
calls=2783 3647 
* 1842472 403649 444282 14714 1908 610 2 0 38 174288 11779 16678 3
+1 5566 2783

fn=(3166)
207 4768 0 2384 398
+1 2384 0 1192 398 0 0 1
cfi=(452)
cfn=(2316)
calls=1192 1003 
* 47680 13112 20264 1592 0 0 0 0 0 1192 1
+1 2384 1192

fl=(305)
fn=(1244) core::io::error::repr::decode_repr::<core::io::error::CustomOwner, <core::io::error::repr::Repr as core::ops::drop::Drop>::drop::{closure#0}>
247 15 0 12 2 0 0 1
fi=(513)
1228 3 0 3
-20 3 0 3
fi=(451)
2391 3 0 3 2 0 0 1
fi=(513)
470 3 0 3
fe=(305)
251 3 0 3
fi=(358)
417 3 0 3
fi=(513)
151 9 0 6
fe=(305)
252 15 0 3 0 0 0 0 0 0 3
0 6 3 0 2 0 0 1
252 9 3 0 0 1 0 0 1 0 0 0 3 2
0 2 2
254 2 0 1
+1 2 0 2
+1 1
jump=1 +31 
* 
0 4 4 0 2 0 0 1
fi=(358)
514 2 0 2
fe=(305)
273 6 0 4
jump=2 +14 
* 
+14 3 0 0 2 0 0 1
fi=(251)
0 3 3 0 2 0 0 1
fe=(305)
287 6 3 0 1

fn=(1242)
231 6 0 3 2 0 0 1
+4 9 3 3
cfn=(1244)
calls=3 +12 
* 103 18 48 13 1 0 6 1 0 3 0 3 2
+2 6 0 3
cfi=(264)
cfn=(1248)
calls=3 848 
* 24 6 6 4 0 0 2 0 0 3 3
+2 6 3 0 1 0 0 1

fn=(1174)
247 10 0 8 1 0 0 1
fi=(513)
1228 2 0 2 1 0 0 1
-20 2 0 2
fi=(451)
2391 2 0 2
fi=(513)
470 2 0 2
fe=(305)
251 2 0 2
fi=(358)
417 2 0 2
fi=(513)
151 6 0 4
fe=(305)
252 10 0 2 1 0 0 1 0 0 2
0 4 2
252 6 2 0 0 1 0 0 1 0 0 0 2 2
0 2 2
254 2 0 1 1 0 0 1
+1 2 0 2
+1 1
jump=1 +31 
* 
0 2 2
fi=(358)
514 1 0 1
fe=(305)
273 3 0 2 1 0 0 1
jump=1 +14 
* 
+14 2 0 0 1 0 0 1
fi=(251)
0 2 2 0 1 0 0 1
fe=(305)
287 4 2

fl=(346)
fn=(2442)
1079 17865 0 11910 0 0 235 0 0 2
fi=(513)
971 11910 0 0 1191 0 0 1
fe=(346)
1081 5955 5955

fn=(2510)
175 4764 0 4764
+1 4764
+1 4764 2382

fn=(3170)
155 2388 0 1592 398
+2 796 796

fn=(3290)
2781 1980 0 1188 396 0 0 1
+1 396 0 396
cfi=(503)
cfn=(3292)
calls=396 1632 
* 61380 17820 19404 7920 0 285 20 0 0 7128 1106
* 396 396
+1 792 396

fn=(1522)
2781 5 0 3 2 0 0 2
+1 1 1 1 0 0 0 0 0 0 0 0 1 1
cfi=(347)
cfn=(1524)
calls=1 447 
* 267 36 19 21 1 0 21 1 0 51 11 1 1
* 1 1
+1 2 1

fn=(2436) <str>::trim_matches::<<char>::is_whitespace>
2377 25011 0 14292 1191 0 2 1 0 2
+4 3573 0 3573 0 0 1 0 0 1
+1 3573 0 3573 1191 0 0 1
+1 7146 0 3573
cfi=(468)
cfn=(2438)
calls=3573 738 
* 235818 71460 96471 7146 0 4 6 0 4 7146 417 3573
+1 10719 0 3573
cfi=(468)
cfn=(2446)
calls=3573 790 
* 1232685 321570 521658 42087 0 966 34 0 15 64314 240
* 25011 10719 7146 0 0 0 0 0 0 3573
jump=3573 +5 
* 
+5 10719 0 3573 1191 0 0 1
cfi=(468)
cfn=(2478)
calls=3573 804 
* 1275561 325143 521658 33348 0 224 28 0 1 64314 12
* 17865 7146 3573 0 0 0 0 0 0 3573
0 7146 7146
fi=(480)
200 7146 0 7146 1191 0 0 1
0 3573 3573
fi=(279)
78 14292 7146 3573
cfn=(2506)
calls=3573 -10 
* 53595 10719 21438 2382 0 0 2 0 0 7146 1
-78 3573 3573
fi=(480)
221 14292 7146 3573
fi=(280)
1480 3573 0 3573
872 10719 3573 3573 1191 0 0 1
fe=(346)
2394 7146 3573

fn=(2644)
2486 9528 1191 4764 1191 0 0 1
+4 1191 0 1191
cfi=(468)
cfn=(2646)
calls=1191 613 
* 237009 48831 82179 23370 1276 0 19 0 0 15483 17 2382 2
+1 2382 1191

fn=(2434)
2186 10719 0 7146 1190 0 0 1
+1 3573 0 3573
cfn=(2436)
calls=3573 2377 
* 2972736 782487 1225539 90918 0 1197 75 0 23 150066 670 3573
+1 7146 3573

fl=(459)
fn=(2326)
692 1 1 0 1 0 0 1 0 0 0 0 1 1
cob=(2)
cfi=(460) ./posix/../sysdeps/unix/syscall-template.S
cfn=(2328) getpid
calls=1 91 
* 4 1 0 1 0 0 1

fl=(293)
fn=(1166)
135 2
+1 1 1

fn=(1062)
140 21 3 0 1 1 0 0 1 0 3
+54 3 3

fl=(469)
fn=(2530)
100 22248 0 16686 1194 0 0 1
fi=(324)
3817 11124 0 11124
fi=(280)
731 5562 0 5562
fi=(458)
33 16686 5562 11124
+24 16686 5562 11124
fi=(358)
417 5562 0 5562 1191 0 0 1
898 5562 0 5562
fi=(513)
-5 5562 0 5562
fi=(279)
78 11124 0 5562
cfn=(978)
calls=5562 -10 
* 44496 5562 16686 0 0 0 0 0 0 5562 7
* 11124 11124
fi=(280)
734 11124 0 5562
fi=(458)
144 11124 5562 5562
fe=(469)
-43 5562 0 5562 1191 0 0 1
fi=(324)
3818 22248 0 11124
+1 11124 0 5562
+1 11124 0 0 0 0 0 0 0 0 5562 3965
0 3170 3170
3823 3170 0 3170
-3 3170
0 2392 2392
3821 4784 0 2392
0 7176 7176
fe=(469)
102 9568 2392 7176
+1 4784 2392
fi=(324)
0 9510 9510
fe=(469)
102 12680 3170 9510
+1 6340 3170

fn=(2524)
39 81148 0 40574 1191 0 0 1
+3 40574 0 40574 0 0 242 0 0 1
cfi=(470)
cfn=(2458)
calls=40574 -7 
* 2236414 677848 878336 0 617 3246 0 0 15 119340 2794
* 81148 0 81148
fi=(265)
1164 121722 40574 0 0 0 0 0 0 0 40574 4
jcnd=2382/40574 +2 
* 
+1 114576 38192 76384
fi=(279)
77 38192
fi=(265)
1166 2382 0 2382
fe=(469)
43 121722 81148
-43 38192 38192 0 1191 0 0 1
fi=(279)
78 76384 0 38192
cfn=(2468)
calls=38192 -10 
* 458304 38192 152768 0 0 0 0 0 0 38192
-78 38192 38192
fi=(265)
1165 76384 0 38192
jfi=(469)
jump=38192 43 
* 
fe=(469)

fn=(2454)
182 17865 0 10719 2381 0 188 2 0 2
fi=(280)
731 3573 0 3573
fi=(458)
33 10719 3573 7146 0 0 1 0 0 1
+24 10719 3573 7146
fi=(358)
417 3573 0 3573 1191 0 0 1
898 3573 0 3573
fi=(513)
-5 3573 0 3573
fi=(279)
78 7146 0 3573
cfn=(978)
calls=3573 -10 
* 28584 3573 10719 0 0 2 0 0 2 3573 7
* 10719 10719
fi=(280)
734 7146 0 3573
fi=(458)
144 7146 3573 3573 1191 0 0 1
fe=(469)
+39 3573 0 3573 0 0 262 0 0 1
42 3573 0 3573
cfi=(470)
cfn=(2458)
calls=3573 -7 
* 200088 60741 78606 9932 0 510 8 0 6 10719 4
* 7146 0 7146
fi=(265)
1164 10719 3573 0 0 0 0 0 0 0 3573
+1 10719 3573 7146
fi=(279)
77 3573
fe=(469)
193 14292 10719
0 3573 3573 0 1191 0 0 1
fi=(279)
78 7146 0 3573
cfn=(2468)
calls=3573 -10 
* 42876 3573 14292 1191 0 0 1 0 0 3573
-78 7146 7146
fi=(265)
1165 3573 0 3573
fe=(469)
186 10719 3573 7146 1191 0 0 1
+1 14292 3573 10719
fi=(280)
731 3573 0 3573
fi=(458)
33 10719 3573 7146
+24 10719 3573 7146 1191 0 0 1
fi=(358)
417 3573 0 3573
898 3573 0 3573
fi=(513)
-5 3573 0 3573
fi=(279)
78 7146 0 3573
cfn=(978)
calls=3573 -10 
* 28584 3573 10719 0 0 0 0 0 0 3573 2
* 21438 21438 0 1191 0 0 1
fi=(280)
734 7146 0 3573
fi=(458)
144 3573 3573
fe=(469)
+44 3573 0 3573
+1 10719 3573 3573
+1 7146 0 7146
+1 3573 0 0 1191 0 0 1
jump=3573 +2 
* 

fn=(2486)
215 10719 0 7146
-87 3573 0 3573
cfi=(470)
cfn=(2488)
calls=3573 -50 
* 321570 78606 121482 14292 0 224 12 0 1 14292 3
* 7146 0 7146
fi=(265)
1164 10719 3573 0 0 0 0 0 0 0 3573
+1 10719 3573 7146 1191 0 0 1
fi=(279)
77 3573
fe=(469)
220 14292 10719
0 3573 3573 0 1191 0 0 1
fi=(279)
78 7146 0 3573
cfn=(2468)
calls=3573 -10 
* 42876 3573 14292 0 0 0 0 0 0 3573
-78 7146 7146
fi=(265)
1165 3573 0 3573
fe=(469)
216 28584 7146 14292 1191 0 0 1
fi=(265)
1165 25011 10719 14292 1191 0 0 1
fe=(469)
217 17865 10719 7146
fi=(280)
731 3573 0 3573
fi=(458)
33 10719 3573 7146
+24 10719 3573 7146 1191 0 0 1
fi=(358)
417 3573 0 3573
898 3573 0 3573
fi=(513)
-5 3573 0 3573
fi=(279)
78 7146 0 3573
cfn=(978)
calls=3573 -10 
* 28584 3573 10719 0 0 0 0 0 0 3573 2
* 14292 14292 0 1191 0 0 1
fi=(280)
734 7146 0 3573
fe=(469)
217 7146 3573 3573
fi=(265)
1165 10719 0 7146
jfi=(469)
jump=3573 220 
* 
fe=(469)

fl=(310)
fn=(1202)
85 2 0 0 2 0 0 1
fi=(314)
-17 4 2 2 0 0 0 0 0 0 0 0 2 1
cfi=(312)
cfn=(1204)
calls=2 +98 
* 189 45 31 16 1 6 8 1 3 24 5 2 2
* 4 0 4 2 0 0 1
fe=(310)
+19 4 2

fn=(1192)
100 9 0 6 2 0 0 1
+5 12 3 3 2 0 0 1
cfi=(311)
cfn=(1194)
calls=3 -47 
* 516 117 133 49 1 9 25 1 5 41 16 4 3
+1 6 3

fl=(335)
fn=(1418)
227 5 1 3 1 0 0 1
fi=(174)
975 1 1
+1 1 0 1
fi=(263)
+38 2 0 0 0 0 0 0 0 0 1
fi=(253)
0 1 1 1 0 0 0 0 0 0 0 0 1 1
cfi=(162)
cfn=(812)
calls=1 0 
0 1 1
fi=(242)
131 3 1 1 0 0 0 0 0 0 0 0 1 1
cfi=(162)
cfn=(814)
calls=1 0 
* 55 13 7 0 0 0 0 0 0 8 0 1
fi=(253)
481 2 0 0 0 0 0 0 0 0 1
fi=(336)
+94 7 0 6 1 0 1 1
fe=(335)
227 4 3

fl=(276)
fn=(2414)
2965 9935 0 5961 1193 0 0 1
+1 1987 0 1987
cfn=(2416) <str as alloc::string::SpecToString>::spec_to_string
calls=1987 3115 
* 940347 212850 246234 21586 1520 2282 7 4 0 78757 6689 9935
* 1987 1987
+1 3974 1987 0 1192 0 0 1

fn=(2568)
2451 19890 0 15912 1191 0 0 1
fi=(452)
465 11934 0 11934 1191 0 0 1
fe=(276)
-18 19890 7956 7956
2453 3978 0 3978
cfn=(2570) <alloc::string::String as core::iter::traits::collect::Extend<&char>>::extend::<core::slice::iter::Iter<char>>
calls=3978 2563 
* 6169554 1665144 2518614 43078 1 0 33 0 0 290448 9999 61668 1192
* 3978
0 7956 7956 0 1191 0 0 1
2454 23868 11934 11934
+1 7956 3978

fn=(958)
1922 1 0 1 1 0 0 1
fi=(452)
3140 1 1
fe=(276)
1923 2
+1 2 1

fn=(2570)
2563 43758 7956 23868 2382 0 0 2
+1 3978 0 3978
cfi=(360)
cfn=(2572)
calls=3978 322 
* 19890 3978 7956 1191 0 0 1
* 11934 0 3978
cfi=(258)
cfn=(2574)
calls=3978 3553 
* 19890 3978 7956
* 11934 3978 3978
cfn=(2576) <alloc::string::String as core::iter::traits::collect::Extend<char>>::extend::<core::iter::adapters::cloned::Cloned<core::slice::iter::Iter<char>>>
calls=3978 -22 
* 6050214 1641276 2466900 39505 1 0 30 0 0 290448 9999 61668 1192
+1 7956 3978

fn=(2740)
1073 1193 0 1193
fi=(283)
627 1193 1193
fi=(452)
1877 1193 1193
fe=(276)
1077 1193 1193

fn=(2754)
2740 3990 0 3192 399 0 0 1
fi=(283)
627 1596 798 798
fi=(452)
1877 1596 798 798
fi=(550) /home/hatch/.rustup/toolchains/nightly-x86_64-unknown-linux-gnu/lib/rustlib/src/rust/library/core/src/str/converts.rs
181 1596 0 1596
fi=(346)
516 3192 0 3192 399 0 0 1
fi=(481)
20 798 0 798
+1 1596 0 0 0 0 0 0 0 0 798 21
+5 1 0 1
-5 1
jfi=(276)
jump=1 2742 
* 
-21 2391 2391
fi=(325)
731 1594 0 1594
fi=(481)
157 797 797 797 0 0 0 0 0 0 0 0 797 1
cob=(2)
cfi=(477)
cfn=(2666)
calls=797 -84 
* 16896 2829 0 180 647 0 2 2 0 3844 246
* 3188 0 797 399 0 0 1
fe=(276)
2742 3192 1596

fn=(3012)
350 239388 0 159592 398 0 0 1
+4 79796 0 79796
cfi=(496)
cfn=(3014)
calls=79796 15 
* 3921474 1117426 1356526 1872 95585 0 4 0 0 320762 596 79795 1
-4 239388 79796

fn=(2416)
3115 9935 0 7948 1194 0 0 1
fi=(346)
516 3974 0 3974
fi=(467)
400 3974 0 1987
cfn=(2418)
calls=1987 +46 
* 902594 200928 226364 19199 1520 2281 5 4 0 78757 6689 9935
* 3974 3974 0 1193 0 0 1
fe=(276)
1035 11922 5961 5961 0 0 1
3118 3974 1987

fn=(2430)
2896 9538 0 9538 801 0 0 1
fi=(283)
627 9538 9538 0 0 224
fi=(452)
1877 9538 9538 0 0 41
fe=(276)
2898 9538 9538

fn=(2602)
2546 169110 33822 101466 2382 0 0 2
cfn=(2604)
calls=33822 1451 
* 2502828 777906 1116126 10719 0 0 9 0 0 135288 16 33822 1191
* 67644 33822

fn=(2604)
1451 171090 0 136872 2382 0 0 2
fi=(283)
631 34218 0 34218
fi=(452)
3140 102654 34218 68436
fi=(471)
666 34218 0 34218
2475 68436 0 0 0 0 0 0 0 0 34218 8
jcnd=34218/34218 * 
* 
* 68436 0 34218 1191 0 0 1
0 34218 34218
fe=(276)
1454 68436 34218 34218
1255 34218 34218 34218 1191 0 0 1 0 0 0 0 34218 1191
cfi=(162)
cfn=(2266)
calls=34218 0 
* 353839 127861 16579 1369 7 117 0 0 2 51861 1164 2376
* 102654 102654
fi=(283)
627 34218 34218
fi=(358)
417 34218 0 34218
fi=(513)
971 34218
fe=(276)
1458 34218 0 34218
cfi=(471)
cfn=(2608) core::char::methods::encode_utf8_raw_unchecked
calls=34218 2541 
* 650142 102654 410616 4764 0 0 4 0 0 34218 8
* 34218 34218
+1 102654 34218 68436
0 68436 68436
fi=(283)
632 68436 34218 34218 1191 0 0 1
fi=(452)
2230 68436 0 34218
cfi=(279)
cfn=(2302)
calls=34218 68 
* 273744 34218 102654 0 0 0 0 0 0 34218 6
0 68436 68436
2236 34218 0 34218
fe=(276)
1461 68436 34218

fn=(3046)
2801 4764 794 2382 3
fi=(283)
627 794 794 0 0 123
fi=(452)
1877 794 794
fi=(550)
181 1588 0 1588
fi=(487)
866 794 0 794
cfi=(314)
cfn=(2840)
calls=794 135 
* 462902 121482 156418 16829 145 0 0 0 0 19850 32
fe=(276)
2803 1588 794

fn=(3278)
446 396 0 0 396 0 0 1
fi=(452)
+19 1584 0 1188
fe=(276)
-18 2376 1188 1188
+1 396 396

fn=(2576)
2542 43758 7956 23868 1191 0 0 1
+1 3978 0 3978
cfi=(360)
cfn=(2578)
calls=3978 322 
* 19890 3978 7956 1191 0 0 1
* 11934 0 11934 1191 0 0 1
+1 11934 0 3978
cfi=(475)
cfn=(2580)
calls=3978 44 
* 206856 59670 91494 4954 0 0 3 0 0 3978 1198
0 3978 3978
2544 7956 3978 3978
1255 3978 3978 3978 0 0 0 0 0 0 0 0 3978 1
cfi=(162)
cfn=(2266)
calls=3978 0 
* 646830 155142 107406 1191 1 0 0 0 0 75582 4804 23868
0 3978 3978
2546 15912 7956 7956
cfi=(258)
cfn=(2586)
calls=3978 877 
* 5061276 1386684 2200374 29787 0 0 24 0 0 210888 3997 33822 1191
+1 7956 3978

fl=(314)
fn=(3228)
34 1584 1188 396 396

fn=(1232)
71 3 0 3
fi=(354)
558 6 6
fi=(324)
2682 6
fi=(438)
976 6 0 6
fe=(314)
75 3 3

fn=(2830)
83 4768 0 3576 795 0 0 1
+1 4768 2384 2384 0 280
fi=(488)
191 4768 0 4768 795 0 0 1
-4 15496 4768 10728 1592 0 0 2
+9 2384 0 1192
cfn=(2832)
calls=1192 +5 
* 19072 5960 8344 1590 0 0 2
+1 4768 0 1192 796 0 0 1
cob=(2)
cfi=(214)
cfn=(708)
calls=1192 +58 
* 26224 7152 4768 0 1 0 0 0 0 5960 1197
* 1192 1192 0 0 0 0 0 0 0 0 0 1192
-17 4768 0 1192
cob=(2)
cfi=(214)
cfn=(708)
calls=1192 +75 
* 26224 7152 4768 0 0 0 0 0 0 5960 1
* 1192 1192 0 0 0 0 0 0 0 0 0 1192
* 1192 1192
fe=(314)
-96 3576 0 1192
cob=(2)
cfi=(214)
cfn=(708)
calls=1192 255 
* 26224 7152 4768 0 0 0 0 0 0 5960
* 1192 1192 0 0 0 0 0 0 0 0 0 1192
* 1192 1192
+1 2384 1192

fn=(2860)
140 2384 0 2384
fi=(488)
243 1192 0 1192
cfn=(2862)
calls=1192 +68 
* 624608 182376 267008 16866 0 0 20
fe=(314)
142 2384 2384

fn=(2840)
135 4768 0 3576 795
fi=(488)
238 1192 0 1192
cfn=(2842)
calls=1192 +65 
* 686592 181184 230056 32706 146 0 26 0 0 29800 185
fe=(314)
137 2384 1192

fl=(430)
fn=(2234) <rustgres::protocol::Cursor>::read_i32
38 4 0 3 2 0 0 2
+1 3 0 1
cfn=(2236) <rustgres::protocol::Cursor>::take
calls=1 -15 
* 90 31 33 8 0 0 8 0 0 6 1
* 3 0 1
cfi=(300)
cfn=(2242)
calls=1 2175 
* 20 7 7 3 0 0 3 0 0 1 1
* 7 1 0 0 0 0 0 0 0 1 1
jcnd=1/1 * 
* 
* 6 2 4 1 0 0 1
+1 3 0 0 1 0 0 1 0 0 1
-40 2 2
40 5 1 1 0 0 0 0 0 0 1 1
-40 2 2
40 5 1 1 1 0 0 1 0 0 1 1
-40 2 2
40 5 1 1 1 0 0 1 0 0 1 1
-40 4 4
40 9 3 6 1 0 0 1
cfi=(451)
cfn=(2214)
calls=1 3850 
* 8 3 4
* 4 1 2
+1 1
-41 1 1 0 1 0 0 1
41 2 1

fn=(2248)
135 21 3 12 1 0 0 1
+1 3 0 3
cfi=(451)
cfn=(2250)
calls=3 3762 
* 21 6 12 1 0 0 1
* 21 6 9
cfi=(452)
cfn=(2252)
calls=3 3647 
* 1516 336 420 43 2 1 36 0 1 108 41 18 6
* 3 3
+2 6 3

fn=(2314)
140 8435 0 7230 1192 0 0 1
+1 1205 0 1205
cfi=(452)
cfn=(2252)
calls=1205 3647 
* 738099 162979 186921 15993 1927 2346 0 5 0 63867 4060 9598
* 1205 1205
+1 2410 0 1205
cfi=(452)
cfn=(2316)
calls=1205 1003 
* 100592 26671 31691 5592 8 4 12 0 4 6414 863 1227 3
* 1205 1205
+2 2410 1205

fn=(2232)
20 3576 0 2384 1191 0 0 1
+1 3576 0 3576 0 0 1 0 0 1
+1 1192 1192

fn=(2386)
53 7146 0 4764 1191 0 0 1
+1 7146 3573 3573 1191 0 0 1
fi=(319)
-35 2382 0 1191
cfn=(2388)
calls=1191 543 
* 22629 4764 10719 2382 0 0 2 0 0 1191
* 2382
fe=(430)
+36 1191 0 1191
cfi=(325)
cfn=(2392)
calls=1191 1041 
* 26202 7146 15483 3571 0 0 3
* 2382 0 2382
+1 2382 0 1191
cfi=(458)
cfn=(2396)
calls=1191 372 
* 861462 281596 292315 12143 0 0 9 0 0 42956 4557
* 2382 0 0 1191 0 0 1
+1 1191 0 1191
cfi=(265)
cfn=(2404)
calls=1191 1361 
* 16674 5955 5955 2382 0 0 2 0 0 1191
* 2382
-3 1191 0 1191
cfi=(300)
cfn=(2406)
calls=1191 2175 
* 13101 5955 5955 2382 0 0 2 0 0 1191 2
* 4764 1191 2382 0 0 0 0 0 0 1191 2
-54 1191 1191 0 1191 0 0 1
54 3573 1191 2382
+6 14292 4764 4764 1191 0 0 1 0 0 1191
-60 14292 4764 9528 1191 0 0 1
fi=(319)
407 2382 0 2382
fi=(324)
1122 2382 0 0 0 0 0 0 0 0 1191
0 3573 3573 0 1191 0 0 1
1126 4764 0 2382
fi=(319)
407 3573 1191 2382
+1 2382 0 0 1191 0 0 1 0 0 1191 1
0 3573 3573
90 1191
fe=(430)
-30 2382 1191 1191 1191 539 0 1 0 0 0 0 1191 1191
cfi=(260)
cfn=(876)
calls=1191 +29 
* 83821 13907 7146 7146 0 0 0 0 0 20267 2540
* 3573 0 1191
cfi=(300)
cfn=(2410)
calls=1191 961 
* 20247 8337 8337 4764 0 0 4 0 0 1191 2
* 3573 0 1191
cfi=(300)
cfn=(2412)
calls=1191 2175 
* 23820 8337 8337 3573 0 0 2 0 0 1191 2
* 9528 1191 0 1191 0 0 1 0 0 1191
jump=1191 * 
* 
* 4764 2382 2382 1191 0 0 1
+3 2382 0 1191
cfi=(276)
cfn=(2414)
calls=1191 2965 
* 532998 121482 147684 10330 152 1389 9 0 0 38505 3590 5955
* 1191 1191
+1 5955 0 1191 1191 0 0 1 0 0 1191
-64 2382 2382
64 8337 1191 1191 0 0 0 0 0 0 1191
-64 3573 3573 0 1191 0 0 1
64 1191 0 1191
+1 14292 7146 7146 2382 0 0 2
+1 1191
-66 1191 1191
66 2382 1191

fn=(2402)
56 162296 40574 60861 2382 0 0 2

fn=(1962)
83 10 0 8 2 0 4 1 0 4
+1 4 0 2 0 0 2 0 0 2
cfn=(1964) rustgres::protocol::read_i32_from
calls=2 -9 
* 419 106 113 42 0 12 20 0 12 41 13 6 2
* 6 0 2 2 0 0 1
cfi=(300)
cfn=(1984)
calls=2 2175 
* 29 12 12 4 0 0 2 0 0 2 1
* 6 2 0 0 0 0 0 0 0 2 1
jcnd=1/2 * 
* 
-84 1 1
84 4 1 2
cfi=(300)
cfn=(1986)
calls=1 2188 
* 7 1 5 1 0 1 1 0 1
* 1
* 3 1 2 1 0 0 1
+1 2 1 0 0 0 0 0 0 0 1
+3 6 1 1 0 0 1 0 0 1 1
-88 1 1 0 1 0 0 1
88 5 0 2
cfi=(452)
cfn=(2216)
calls=1 3819 
* 368 75 59 7 0 3 7 0 3 50 5 4 3
* 1 1
+1 1 0 1
cfi=(452)
cfn=(2228)
calls=1 3907 
* 4 3 1 1 0 0 1
* 3 0 2
-89 3 3 0 2 0 0 2
89 1 0 1
cfi=(329)
cfn=(1966)
calls=1 396 
* 153 43 41 0 0 0 0 0 0 16 6 2
* 2 0 1
-89 1 1
89 1 0 1
cfi=(300)
cfn=(1100)
calls=1 2175 
* 11 3 2 0 0 0 0 0 0 1 1
* 2 0 1
-89 1 1
89 8 1 1 1 0 0 1 0 0 1 1
-89 1
90 1 0 1
cfi=(452)
cfn=(2230)
calls=1 3898 
* 4 3 1 1 0 0 1
* 3 0 2 1 0 0 1
-90 3 2
90 1 0 1
cfn=(2232)
calls=1 -70 
* 7 1 5 1 0 1 1 0 1
* 1
-90 2
91 1 0 1
cfn=(2234)
calls=1 -53 
* 186 63 64 19 0 0 19 0 0 12 6
* 1
-91 2 0 0 1 0 0 1
91 1 0 1
cfi=(300)
cfn=(1984)
calls=1 2175 
* 14 6 6 0 0 0 0 0 0 1 1
* 4 1 0 0 0 0 0 0 0 1 1
-91 1 1 0 1 0 0 1
91 2 1 1
+1 21 10 11 2 0 1 1 0 1
-92 1 1
93 2 1
-93 1 1 0 1 0 0 1
93 2 1

fn=(2236)
24 7 0 6 1 0 0 1
+1 6 1 1 0 0 0 0 0 0 1
-25 2 2
25 3 1 0 0 0 0 0 0 0 1
-25 2 2 0 1 0 0 1
28 13 4 4 0 0 0 0 0 0 1
-28 12 4 8 2 0 0 2
fi=(319)
407 2 0 2
fi=(324)
1122 2 0 0 0 0 0 0 0 0 1
0 3 3 0 1 0 0 1
1126 4 0 2
fi=(319)
407 3 1 2
+1 2 0 0 0 0 0 0 0 0 1 1
0 5 5 0 1 0 0 1
90 3 0 2 1 0 0 1
fe=(430)
-62 2 0 2
+1 7 1 1 0 0 0 0 0 0 1
-29 5 5 0 1 0 0 1
29 1 0 1
+1 2 0 2
+1 1
-31 1 1
31 2 1

fn=(2244)
118 14352 0 9568 1192 0 0 1
+3 4784 0 2392 1192 0 452 1
cfi=(452)
cfn=(2246)
calls=2392 464 
* 14352 2392 7176 398 0 0 1
* 7176 7176
-2 16744 7176 9568 0 0 532 0 0 2
+4 4784 2392

fn=(2382)
96 8344 1192 4768 2384 0 0 2
+1 1192 0 1192
+1 3576 0 1192 0 0 509
cfi=(329)
cfn=(1966)
calls=1192 396 
* 182376 51256 48872 15484 428 2111 0 0 0 19072 832 2384
* 2384 0 1192
cfi=(300)
cfn=(1100)
calls=1192 2175 
* 13112 3576 2384 0 0 0 0 0 0 1192
* 9536 1192 1192 1192 0 0 1 0 0 1192 2
-98 1192 1192
99 2384 0 1192 1192 0 0 1
cfn=(1964)
calls=1192 -24 
* 267008 70328 73904 9526 592 0 0 0 0 26224 403 3576
* 3576 0 1192
cfi=(300)
cfn=(1984)
calls=1192 2175 
* 16688 7152 7152 2382 0 0 0 0 0 1192 1
* 3576 1192 0 0 0 0 0 0 0 1192 2
jcnd=1192/1192 * 
* 
* 3576 1192 2384 1192 0 0 1
+1 2384 1192 0 0 0 0 0 0 0 1192 1192
+3 7152 1192 1192 0 0 0 0 0 0 1192
0 1192 1192 0 1192 0 0 1
103 5960 0 2384
cfi=(452)
cfn=(2216)
calls=1192 3819 
* 389709 87494 66957 24600 307 218 0 0 0 57322 5027 4765 1189
* 1192 1192
+1 1192 0 1192 1192 0 0 1
cfi=(452)
cfn=(2228)
calls=1192 3907 
* 4768 3576 1192 1191
* 3576 0 2384
0 3576 3576 0 1192 0 0 1
104 1192 0 1192
cfi=(329)
cfn=(1966)
calls=1192 396 
* 182253 51220 48844 0 0 0 0 0 0 19058 1193 2382
* 2384 0 1192
0 1192 1192
104 1192 0 1192
cfi=(300)
cfn=(1100)
calls=1192 2175 
* 13112 3576 2384 0 0 0 0 0 0 1192
* 2384 0 1192
0 1192 1192
104 9536 1192 1192 1192 0 0 1 0 0 1192 1
jcnd=1192/1192 +2 
* 
+2 1192
0 1192 1192 0 1192 0 0 1
106 1192 1192
+1 7152 3576 3576
-2 17880 8344 9536 2384 0 591 2
0 1192 1192
109 2384 1192

fn=(1964)
75 5970 0 4776 2386 0 2 2 0 2
+1 4776 0 1194
cob=(2)
cfi=(227)
cfn=(766)
calls=1194 +82 
* 17910 1194 2388 3571 0 0 0 0 0 4776 6
* 1194 1194 0 0 592 0 0 0 0 0 0 1194
* 1194 1194
+1 3582 0 1194
cfi=(329)
cfn=(1966)
calls=1194 396 
* 182655 51333 48944 29 0 10 15 0 10 19101 407 2388 2
* 2388 0 1194
cfi=(300)
cfn=(1100)
calls=1194 2175 
* 13137 3583 2389 4 0 0 0 0 0 1194 1
* 9552 1194 1194 1192 0 0 1 0 0 1194 2
jcnd=1193/1194 +1 
* 
-77 1 1
77 4 1 2
cfi=(300)
cfn=(1982)
calls=1 2188 
* 7 1 5 1 0 0 1
* 1
+1 7158 3579 3579 1192
cfi=(451)
cfn=(2214)
calls=1193 3850 
* 9544 3579 4772 1192 0 0 1
* 4772 1193 2386
-78 1193 1193
79 2386 1193
-79 1 1 0 1
79 2 1

fn=(2290)
153 11960 0 9568 796 0 0 1
+1 2392 0 2392
cfi=(452)
cfn=(2292)
calls=2392 3139 
* 7176 4784 2392
* 14352 0 2392 1192 0 0 1 0 0 2392 460
0 9568 7176 2392
154 2392 0 2392
+1 11960 2392 4784
cfi=(429)
cfn=(2294)
calls=2392 572 
* 653016 143520 186576 9099 587 569 9 0 0 47840 2731 2392
* 4784 0 2392
cfi=(300)
cfn=(1100)
calls=2392 2175 
* 26312 7176 4784 1586 0 0 0 0 0 2392 1
* 21528 2392 2392 1192 0 0 1 0 0 2392
0 2392 2392 0 1192 0 0 1
156 2392 0 2392
cfi=(451)
cfn=(2250)
calls=2392 3762 
* 16744 4784 9568 1191
* 16744 4784 7176
cfi=(429)
cfn=(2294)
calls=2392 572 
* 650624 145912 188968 0 0 1 0 0 1 43056 115 2392
* 4784 0 2392
cfi=(300)
cfn=(1100)
calls=2392 2175 
* 26312 7176 4784 0 0 0 0 0 0 2392 1
* 19136 2392 2392 1192 0 0 1 0 0 2392 2
0 2392 2392
157 2392 0 2392 1192 0 0 1
cfi=(452)
cfn=(2230)
calls=2392 3898 
* 9568 7176 2392 793
* 7176 2392 2392
cfi=(429)
cfn=(2294)
calls=2392 572 
* 655754 144720 187776 0 0 2 0 0 2 45027 4448 2392
* 4784 0 2392
cfi=(300)
cfn=(1100)
calls=2392 2175 
* 26312 7176 4784 0 0 0 0 0 0 2392 8
* 19136 2392 2392 0 0 0 0 0 0 2392 393
jcnd=2392/2392 +1 
* 
+1 2392 0 2392 1192 0 0 1
+1 7176 4784

fn=(2366)
125 5960 0 3576 1191
+1 2384 0 1192
cfi=(452)
cfn=(2316)
calls=1192 1003 
* 182376 50064 48872 3960 0 0 0 0 0 16688 381 4768 2
* 1192 1192
+2 2384 1192

fl=(453)
fn=(3420)
13 3168 396 1980 792 0 0 1
+1 396 0 396
fi=(283)
179 1188 0 396
cfn=(1950)
calls=396 444 
* 196455 37353 30732 5423 179 12 9 0 5 35457 4277 1584
* 1188 0 792
fe=(453)
0 1584 1584 0 396 0 0 1
fi=(452)
977 1188 0 1188 396 0 0 1
fe=(453)
15 3168 792 1584
cfi=(452)
cfn=(3424)
calls=396 3759 
* 63756 19008 25740 5940 0 0 15 0 0 1980 4 396 396
* 396
-15 792 792 0 396 0 0 1
16 2376 1188 1188
+1 792 396

fn=(2218)
50 9544 0 7158 1193 0 0 1
fi=(283)
601 2386 0 2386 1192 0 0 1
+30 1193 0 1193
fe=(453)
51 2386 0 0 0 0 0 0 0 0 1193
-51 1193 1193
fi=(283)
602 5965 1193 1193 0 0 0 0 0 0 0 0 1193 1
cfi=(162)
cfn=(1952)
calls=1193 0 
* 336392 74446 44349 18776 307 220 2 0 2 54986 5032 3576 1191
* 3579 1193 0 0 0 0 0 0 0 1193
0 2386 2386 0 1193 0 0 1
603 4772 2386 2386
fe=(453)
52 3579 0 3579 1193 0 1 1 0 1
-52 1193 1193
61 2386 1193

fl=(269)
fn=(928) std::sys::env::unix::getenv::{closure#0}
115 16 0 10 2 0 0 1
fi=(177)
4319 2 2
fi=(272) /rustc/4aa1fbcf467cf38ce58abfa8eb9213a789c5381c/library/std/src/sys/sync/rwlock/futex.rs
54 4 0 0 2 0 0 1 0 0 2
+45 2
fi=(177)
4474 2 0 2
fi=(272)
97 2 0 0 0 0 0 0 0 0 2
fi=(177)
4319 2 2
fe=(269)
117 4 2 2 0 0 0 0 0 0 0 0 2 1
cob=(2)
cfi=(273) ./stdlib/./stdlib/getenv.c
cfn=(934) getenv
calls=2 -93 
* 876 268 18 13 49 0 7 0 0 248 31 6 1
fi=(275)
-79 2
fe=(269)
+81 2 0 0 0 0 0 0 0 0 2 1
jcnd=1/2 +1 
* 
0 1
fi=(256)
772 2 1 1 0 0 0 0 0 0 0 0 1 1
cob=(2)
cfi=(218)
cfn=(722)
calls=1 52 
* 14 2 0 0 0 0 0 0 0 2
* 1
fi=(253)
472 2 0 0 0 0 0 0 0 0 1
0 1 1 1 1 0 0 1 0 0 0 0 1 1
cfi=(162)
cfn=(812)
calls=1 0 
0 1 1
fi=(242)
131 3 1 1 0 0 0 0 0 0 0 0 1 1
cfi=(162)
cfn=(814)
calls=1 0 
* 55 13 7 0 0 0 0 0 0 8 1 1
fi=(253)
481 2 0 0 0 0 0 0 0 0 1 1
fi=(257)
0 1
fi=(233)
574 4 1 1 0 0 0 0 0 0 0 0 1 1
cob=(2)
cfi=(214)
cfn=(708)
calls=1 255 
* 11 3 2 0 0 0 0 0 0 2 2
* 1
jfi=(269)
jump=1 125 
* 
fe=(269)
120 1 0 1 1
-1 1
+6 3 0 3 1 0 0 1
0 1
fi=(177)
4374 1 1 1 0 0 0 0 0 0 1
fi=(272)
111 1
+7 4 0 0 0 0 0 0 0 0 1
fe=(269)
0 1 0 0 1
fi=(177)
4374 1 1 1 0 0 0 0 0 0 1
fi=(272)
111 1
+7 4 0 0 0 0 0 0 0 0 1
fe=(269)
+9 14 12

fn=(916)
112 14 0 8 2 0 0 1
fi=(270)
-87 4 0 0 0 0 0 0 0 0 2
-25 2 0 0 1 0 0 1
fi=(233)
574 6 2 2 0 0 0 0 0 0 0 0 2 1
cob=(2)
cfi=(214)
cfn=(708)
calls=2 255 
* 24 6 4 0 2 0 0 2 0 5 4
1966 2 0 2
fi=(270)
47 10 2 2 0 1 0 0 0 0 0 0 2 1
cfi=(256)
cfn=(922)
calls=2 352 
* 137 23 8 5 0 0 5 0 0 41 10
* 4 2 0 0 0 0 0 0 0 2 2
jcnd=2/2 +1 
* 
+1 6 2 2 2 0 0 1
cfi=(269)
cfn=(928)
calls=2 +67 
* 1046 311 51 21 49 0 11 0 0 272 36 13 6
fi=(245)
714 6 2 0 0 0 0 0 0 0 2 2
0 2 0 0 2 0 0 1
715 4 2 2 2 0 0 1
fi=(263)
0 2 0 2
fe=(269)
130 14 10

fl=(331)
fn=(1398)
729 4 0 2 1 0 0 1
+6 1 1 0 1 0 0 1

fn=(3532)
729 1584 0 792 396 0 0 1
+6 396 396

fn=(1566)
815 3 0 2 1 0 0 1
+5 1
+3 1 1

fn=(2036)
729 4 0 2 1 0 0 1
+6 1 1

fl=(307)
fn=(3032)
10 2394 798 1596 398 0 0 1
-10 1596 798
10 2394 798 0 398 271 0 1 1 0 0 0 798 798
jump=399 * 
* 
jump=399 * 
* 
* 798 0 399
jump=399 * 
* 
* 798 0 399
jump=399 * 
* 
* 1596 1596

fn=(3432)
40 2059200 158400 792000 1980 47835 0 2
-40 316800 158400
40 475200 158400 0 0 222 0 0 0 0 0 0 158400 158400
-40 158004 158004
42 316008 79002 79002 792 0 0 1
-2 316008 0 158004
-40 79002 79002 0 792 0 0 1
44 237006 79002 158004 0 136 0 0 0 0 0 0 79002 1
cfi=(262)
cfn=(2722)
calls=79002 2425 
* 18103216 4371321 2865418 4651 42139 15490 5 0 0 3216425 90269 316008
* 79002 79002
-4 553014 237006 237006 792
-40 396 396 0 396 0 0 1
40 792 0 396 396 0 0 1
-40 396 396
40 792 396
-40 158004 158004 0 397
40 316008 158004

fn=(1182)
106 3 0 2 1 0 0 1
+2 2 0 1
cfi=(308)
cfn=(1184)
calls=1 269 
* 346 89 110 37 3 5 36 1 1 21 8 4 4
* 1 1
-1 3 0 1
cob=(2)
cfi=(214)
cfn=(708)
calls=1 255 
* 12 3 2 0 0 0 0 0 0 2
* 1 1 0 0 0 0 0 0 0 0 0 1
* 1 1
+3 2 1

fn=(3654)
10 7920 2376 3168 792

fn=(3258)
86 2382 0 1588 397 0 0 1
+2 397 0 397
cfi=(452)
cfn=(3118)
calls=397 3923 
* 363255 105999 114733 18658 1222 153 0 0 0 26202 1142 6352 794
* 397 397
+1 1191 0 397
cfi=(452)
cfn=(3260)
calls=397 3923 
* 108297310 28786265 29066644 44508 441318 62425 26 0 233 11152717 171675 866251 157212
* 397
-89 794 794 0 397 0 0 1
86 5558 2779 2382 1 0 373

fn=(3802)
40 3910500 312840 938520 1185 139972 0 2 0 0 156420 5
-40 156420 156420
40 1251360 156420 156420 395 0 0 1
-40 312840 156420
40 469260 156420 0 0 26 0 0 0 0 0 0 156420 156420
* 625680 312840
-40 78210 78210
40 782100 78210 0 395 0 0 1 0 0 78210 4
-40 78210 78210 0 395 0 0 1
40 782100 78210 0 395 0 0 1 0 0 78210 2
-40 156420 156420 0 395 0 0 1
42 547470 0 234630 395 0 0 1
cfi=(482)
cfn=(3804)
calls=78210 2461 
* 1251360 469260 391050 1185 0 0 3
* 234630 0 78210
jump=78210 -2 
* 
-42 156420 156420 0 395 0 0 1
44 391050 0 234630
cfi=(482)
cfn=(3010)
calls=78210 2461 
* 5083650 1407780 1798830 0 93833 0 0 0 0 312840 5 78210
* 234630 0 78210 395 0 0 1
jump=78210 -4 
* 

fn=(3222)
100 1584 0 1188 792 0 0 2
+2 792 0 396
cfi=(308)
cfn=(3224)
calls=396 1437 
* 108506358 28859642 29179389 97095 441251 65073 73 0 235 11141773 174839 872979 157609
* 396 396
-2 1188 0 396
cob=(2)
cfi=(214)
cfn=(708)
calls=396 255 
* 4752 1188 792 0 0 270 0 0 0 792 394
* 396 396 0 0 0 0 0 0 0 0 0 396
* 1188 792

fl=(471)
fn=(2648)
2504 8337 0 7146 2382 0 0 2
-29 2382 0 0 0 0 0 0 0 0 1191 2
jcnd=1191/1191 * 
* 
* 2382 0 1191
0 1191 1191 0 1191 0 0 1
2506 3573 1191 1191 0 0 0 0 0 0 1191
0 2382 2382
2517 1191 0 1191
cfn=(2608)
calls=1191 +24 
* 22629 3573 14292 0 0 0 0 0 0 1191 2
* 1191 1191
fi=(325)
763 1191 0 1191 1191 0 0 1
fi=(279)
77 1191
fi=(456)
-77 1191 1191
fi=(279)
78 5955 1191 1191
cfn=(2652)
calls=1191 -10 
* 90516 13101 21438 5505 0 0 4 0 0 5955 7
-78 1191 1191
fi=(531)
133 1191 1191
fe=(471)
2521 2382 1191

fn=(2474)
1088 40533 0 27022 1191 0 0 1
+1 27022 0 0 0 0 0 0 0 0 13511 16
+1 3982 0 1991
jump=1991 +4 
* 
0 11520 11520
1090 34560 0 0 0 0 0 0 0 0 11520 15
0 11520 11520
1091 34560 0 0 0 0 0 0 0 0 11520 10
0 11520 11520
1090 34560 0 0 0 0 0 0 0 0 11520
0 11520 11520 0 1191 0 0 1
1091 34560 0 11520 0 0 0 0 0 0 11520
+3 54044 27022

fn=(2672)
2218 7158 0 7158
+1 10737 3579 0 1191 0 0 1 0 0 3579 1092
fi=(282)
436 792 0 396
jfi=(471)
jump=396 2220 
* 
0 3183 3183
fe=(471)
2219 15915 3183 3183
+1 10737 7158

fn=(3300)
409 1980 0 1584 0 0 285
fi=(324)
2718 792 0 792
fe=(471)
411 792 0 0 0 0 0 0 0 0 396 336
0 396 396 0 396 0 0 1
411 792 0 0 0 0 0 0 0 0 396
0 396 396
415 792 0 0 0 0 0 0 0 0 396
0 396 396
427 396 0 396 396 0 0 1
fi=(324)
2719 792 0 396
fe=(471)
415 396
0 396 396
430 792 396 0 0 0 0 0 0 0 396 2
jcnd=396/396 * 
* 

ob=(5)
fl=(161)
fn=(526)
0 9 0 0 1 0 0 1 0 0 1 1
0 3 1 0 2 0 0 2

fn=(524)
0 45 2 8 3 1 0 3 0 0 5 1
0 15 0 4 2 0 0 2 0 0 5 1
0 2 0 0 0 0 0 0 0 0 1 1
0 24 0 7 2 0 0 2 0 0 8 1
0 2 0 0 0 0 0 0 0 0 1 1
0 2 0 0 0 0 0 0 0 0 1 1
0 2 0 0 0 0 0 0 0 0 1

ob=(6)
fl=(471)
fn=(3300)
430 1188 396 792
+1 1584 1188

fn=(2608)
2541 141636 0 141636 1191 0 0 1
fi=(513)
937 212454 0 212454 1191 0 0 1
fe=(471)
2475 70818 0 0 0 0 0 0 0 0 35409 10
0 70818 70818
2475 35409 0 35409
+72 35409 0 35409 1191 0 0 1
fi=(251)
0 35409
jfi=(471)
jump=35409 2574 
0 
fe=(471)
2574 70818 35409 0 1191 0 0 1

fn=(2676)
798 7173 0 4782 1191 0 0 1
+2 7173 0 0 1191 0 0 1 0 0 2391 403
0 1990 1990
800 5970 0 0 0 0 0 0 0 0 1990 2
0 401 401
800 5584 0 2391 0 0 0 0 0 0 401
jump=2391 +4 
* 
0 1990 1990
800 3980 0 0 0 0 0 0 0 0 1990 2
jcnd=1990/1990 * 
* 
+4 9564 4782 0 1191 0 0 1

fn=(2678)
1054 47781 0 31854
+2 47781 0 0 1191 0 0 1 0 0 15927 802
0 12732 12732
1056 38196 0 0 0 0 0 0 0 0 12732 1602
* 1597
0 3195 3195
1056 34252 0 13931 0 0 0 0 0 0 3195
jump=13931 +4 
* 
0 1996 1996
1056 5988 0 0 0 0 0 0 0 0 1996 2
* 1597
0 11135 11135
1056 22270 0 0 0 0 0 0 0 0 11135 4
jcnd=10736/11135 * 
* 
* 399
0 1996 1996 0 399 0 0 1
1057 5988 0 0 0 0 0 0 0 0 1996 4
0 399 399
1056 1197 0 0 0 0 0 0 0 0 399 1
fi=(478) /home/hatch/.rustup/toolchains/nightly-x86_64-unknown-linux-gnu/lib/rustlib/src/rust/library/core/src/unicode/unicode_data.rs
0 1996 1996
fe=(471)
1057 7984 0 1996 0 0 0 0 0 0 1996
jump=1996 +3 
* 
+3 63708 31854 0 2382 0 0 2

fl=(464)
fn=(2338)
630 9 0 4 1
fi=(461)
28 1 0 1
cfi=(462)
cfn=(2340)
calls=1 +84 
* 36 7 5 3 0 0 3 0 0 2 1
fi=(245)
-28 2 1 1
965 1 1
0 1 0 1
fe=(464)
632 5 3

fl=(481)
fn=(3666) <alloc::vec::Vec<rustgres::storage::Value> as core::slice::cmp::SlicePartialEq<alloc::vec::Vec<rustgres::storage::Value>>>::equal_same_length
125 2772 0 2376 396 0 0 1
+5 396 0 396
0 396 396
131 792 396 0 0 0 0 0 0 0 396 2
0 78210 78210
131 156420 78210 0 0 0 0 0 0 0 78210 397
+8 396 0 396
+1 396
jump=396 * 
* 
0 156420 156420 0 395
133 156420 78210 78210
fi=(280)
872 156420
fe=(481)
133 156420 78210 78210
fi=(280)
872 156420
fe=(481)
133 78210 0 78210
cfi=(496)
cfn=(3794)
calls=78210 17 
* 24557940 6022170 6569640 7505 280794 0 18 0 0 1094940 28 234630 156420
* 234630 0 0 0 0 0 0 0 0 78210
jump=78210 +3 
* 
+7 1584 792 0 1 0 0 1
-4 234630 78210 78210 395
-5 78210

fn=(3636)
151 319180 0 239385 397 0 0 1
+5 159590 0 79795
+1 79795 79795 79795 0 0 0 0 0 0 0 0 79795 1
cob=(2)
cfi=(477)
cfn=(2666)
calls=79795 -84 
* 809446 239675 0 281 68396 0 0 0 0 240966 586
* 159590
+2 239385 79795

fn=(3646)
125 2772 0 2376 396 0 0 1
+5 396 0 396
0 396 396
131 792 396 0 0 0 0 0 0 0 396 2
0 792 792
131 1584 792 0 0 0 0 0 0 0 792 2
+8 396 0 396
+1 396
jump=396 * 
* 
0 1584 1584 0 396 0 0 1
133 1584 792 792
fi=(280)
872 1584
fe=(481)
133 1584 792 792
fi=(280)
872 1584
fe=(481)
133 792 0 792
cfi=(512)
cfn=(3648)
calls=792 -99 
* 84735 19094 29304 2455 1188 0 3 0 0 4442 117 792
* 2376 0 0 0 0 0 0 0 0 792
jump=792 +3 
* 
+7 1584 792

ob=(5)
fl=(161)
fn=(524)
0 3 0 1 0 0 0 0 0 0 1 1
0 2 0 0 1 0 0 1 0 0 1 1
0 10 0 2 0 0 0 0 0 0 4 1
0 71 1 3 6 0 0 6 0 0 32 1
0 2 0 0 1 0 0 1 0 0 1 1
0 2 0 0 1 0 0 1 0 0 1 1
0 13 0 0 2 0 0 2 0 0 5 1
0 9 0 0 2 0 0 2 0 0 2 1
0 2 0 0 0 0 0 0 0 0 1
0 3 0 0 0 0 0 0 0 0 1 1
0 6 0 0 0 0 0 0 0 0 3
0 6 0 0 1 0 0 1 0 0 3
0 8 0 0 0 0 0 0 0 0 4 1
0 13 1 0 2 0 0 2 0 0 5 1
0 7 2 1 0 0 0 0 0 0 2 1
0 2
0 13 7 0 1 0 0 1 0 0 1 1
0 10 0 2 1 0 0 1
0 9 2 0 1 0 0 1 0 0 3 1
0 2
0 2 0 1 1 0 0 1
0 2 0 1
0 2 0 1
0 2 0 1
0 2 0 1
0 2 0 1
0 2 0 1 1 0 0 1
0 2
0 26 1 2 3 0 0 3 0 0 9

ob=(6)
fl=(481)
fn=(3646)
136 2376 792 792 396
-5 792

ob=(5)
fl=(161)
fn=(524)
0 6 0 1 0 0 0 0 0 0 1 1
0 2 0 0 1 0 0 1 0 0 1 1
0 7 0 0 2 0 0 2
0 2 0 1
0 2 0 1 1 0 0 1
0 2 0 1

ob=(6)
fl=(481)
fn=(3664)
19 3168 0 2772 396 0 0 1
+1 396 0 396
+1 792 0 0 0 0 0 0 0 0 396 1
-21 1188 1188 0 396 0 0 1
24 396 0 396
cfn=(3666)
calls=396 125 
* 26207082 6571224 6885648 8692 280794 0 20 0 0 1251756 427 234630 156420
* 792 0 396
+4 1584 792 0 0 250

fn=(3798)
125 547470 0 469260 395 0 0 1
+5 78210 0 78210
0 78210 78210
131 156420 78210 0 0 0 0 0 0 0 78210 4

ob=(5)
fl=(161)
fn=(524)
0 2 0 1
0 2 0 1 1 0 0 1

ob=(6)
fl=(481)
fn=(3798)
0 156420 156420
131 312840 156420 0 0 0 0 0 0 0 156420 4
+8 78210 0 78210
+1 78210
jump=78210 * 
* 
0 312840 312840 0 395 0 0 1
133 312840 156420 156420
fi=(280)
872 312840
fe=(481)
133 312840 156420 156420
fi=(280)
872 312840
fe=(481)
133 156420 0 156420
cfi=(482)
cfn=(3800)
calls=156420 278 
* 17753670 3910500 4379760 5925 233831 0 14 0 0 625680 16 234630 156420
* 469260 0 0 0 0 0 0 0 0 156420
jump=156420 +3 
* 

ob=(5)
fl=(161)
fn=(524)
0 3 0 0 1 0 0 1 0 0 1 1

ob=(6)
fl=(481)
fn=(3798)
140 312840 156420
-4 469260 156420 156420 395 0 0 1
-5 156420

ob=(5)
fl=(161)
fn=(524)
0 4 0 0 1 0 0 1 0 0 1 1
0 3 1 1 2 1 0 2 1

ob=(2)
fl=(128)
fn=(398)
29 1 0 0 1 0 0 1
fi=(109) ./string/../sysdeps/x86_64/multiarch/ifunc-strncpy.h
+6 5 2 0 0 0 0 0 0 0 1
+1 3 1 0 0 0 0 0 0 0 1 1
+3 2 0 0 0 0 0 0 0 0 1
+4 3 0 0 1 0 0 1 0 0 1 1
+3 4
fe=(128)
-17 1 1

fl=(168) ./setjmp/../sysdeps/x86_64/setjmp.S
fn=(562) __sigsetjmp
31 3 0 0 3 0 0 1
+2 3 0 3
+9 3
+1 6 3
+1 3 0 3
+4 3 0 3
+1 3 0 3
+1 3 0 3 0 0 2 0 0 2
+1 3 0 3
+1 3
+2 6 3 0 3 0 0 1
+2 3 0 3
+1 3 3
+1 3
+2 6 3
+2 3 0 3
+5 3 3 0 0 1
+1 3 0 0 0 0 0 0 0 0 3 1
jcnd=3/3 +17 
* 
+17 3 0 0 3 0 0 1
cfi=(169) ./setjmp/./setjmp/sigjmp.c
cfn=(564) __sigjmp_save
calls=3 -57 
* 39 9 9 0 0 0 0 0 0 3

fl=(435)
fn=(2032)
26 4 0 0 2 0 0 1
+1 8 4 0 0 0 0 0 0 0 4 4
jcnd=4/4 -1 
* 
-1 16 0 8
+1 4 0 4
cfi=(400) ./nptl/./nptl/cancellation.c
cfn=(1794) __pthread_enable_asynccancel
calls=4 +4 
* 72 12 4 0 0 0 0 0 0 12 4
* 36 4 8 2 0 0 1 0 0 4
cfi=(400)
cfn=(1974) __pthread_disable_asynccancel
calls=4 +36 
* 60 12 4 0 0 0 0 0 0 12 5
* 4 4
+1 8 8

fl=(87)
fn=(292)
30 1 0 0 1 0 0 1
fi=(88) ./wcsmbs/../sysdeps/x86_64/multiarch/ifunc-wcslen.h
+11 2 2 0 1 0 0 1
-1 4 0 0 0 0 0 0 0 0 1 1
jcnd=1/1 +2 
* 
+2 3 1 0 0 0 0 0 0 0 1
+3 2 0 0 1 0 0 1 0 0 1
+4 3 0 0 0 0 0 0 0 0 1
+3 3 0 0 0 0 0 0 0 0 1
fe=(87)
-22 1 1

fl=(198) ./misc/./misc/sbrk.c
fn=(636) sbrk
37 16 0 8 1 0 0 1
+3 2 2
+3 2 2 0 1 0 0 1
-3 2 2
+3 2 0 0 0 0 0 0 0 0 2 2
jcnd=2/2 +15 
* 
+35 7 5
-20 4 0 0 0 0 0 0 0 0 2 1
jcnd=1/2 +1 
* 
+4 4 0 0 0 0 0 0 0 0 2 1
jcnd=1/2 +16 
* 
+4 4 0 0 1 0 0 1 0 0 2 1
jcnd=1/1 +8 
* 
+8 1 0 1
cfi=(199) ./misc/../sysdeps/unix/sysv/linux/brk.c
cfn=(638) brk
calls=1 -38 
* 9 2 1 0 0 0 0 0 0 1
* 2 0 0 0 0 0 0 0 0 1
+4 7 5
-19 2 0 1 1 0 0 1
cfi=(199)
cfn=(638)
calls=1 -23 
* 9 2 1 1 0 0 1 0 0 1
* 2 0 0 0 0 0 0 0 0 1
+4 2 1
jump=1 -1 
* 

fl=(303)
fn=(1158)
30 4 0 2 1 0 0 1
+3 2
-3 20 2 8 0 0 1
+3 4 0 0 0 0 0 0 0 0 2 1
jcnd=1/2 +3 
* 
* 4 0 0 1 0 0 1 0 0 1
+8 16 1 0 0 0 0 0 0 0 3 1
jcnd=1/2 * 
* 
+2 16 12 0 1 0 0 1 0 0 2
-7 1
+5 1 1
-5 3 0 2
+1 1 1
-1 1 0 1
+5 1 0 0 0 0 0 0 0 0 1 1
jcnd=1/1 * 
* 
* 5 1 1 2 0 0 2
jump=1 +2 
* 

fl=(441) ./nptl/./nptl/nptl_deallocate_tsd.c
fn=(2164) __nptl_deallocate_tsd
23 2 0 0 2
+5 8 2 0 2 0 0 1 0 0 2
-5 18 0 14
+16 2 0 2
+2 6
jump=2 +4 
* 
* 256 0 0 0 0 0 0 0 0 64 2
jcnd=2/64 +40 
* 
+4 64 64 0 2 7 0 1 6
+2 128 0 0 0 0 0 0 0 0 64 7
jcnd=62/64 -6 
* 
+4 4
-4 4
jump=2 +7 
* 
+4 256 0 0 0 0 0 0 0 0 64 2
jcnd=2/64 -10 
* 
+3 64 64 0 0 14 0 0 14
+2 128 0 0 2 0 0 1 0 0 64 7
jcnd=62/64 -5 
* 
+3 2 0 2
+8 6 4 0 0 1 0 0 0 0 2
+4 6 2 0 0 0 0 0 0 0 2
+2 2 0 2 0 0 0 0 0 0 0 0 2 2
cob=(6)
cfi=(442)
cfn=(2166)
calls=2 -53 
* 306 89 59 12 2 0 6 0 0 54 13 4 2
* 2
jump=2 -22 
* 
+8 8 2 0 0 0 0 0 0 0 2 2
jcnd=2/2 -34 
* 
-34 4 0 0 2 0 0 1
+51 2 2 0 2 0 0 1
+1 4 0 0 0 0 0 0 0 0 2 2
jcnd=2/2 -5 
* 
-1 60 60
+1 120 0 0 0 0 0 0 0 0 60 4
jcnd=60/60 -5 
* 
-5 186 0 0 0 0 0 0 0 0 62 5
jcnd=60/62 +4 
* 
+14 2 0 2
+2 16 14 0 2 0 0 1

fl=(98)
fn=(320)
29 3 0 0 1 0 0 1
fi=(99) ./string/../sysdeps/x86_64/multiarch/ifunc-memmove.h
+28 9 6 0 0 2
-1 6 0 0 0 0 0 0 0 0 3
+4 9 3 0 1 1 0 1 0 0 3
+14 6 0 0 0 0 0 0 0 0 3
+3 6 0 0 0 0 0 0 0 0 3
+8 6 0 0 0 0 0 0 0 0 3 3
jcnd=3/3 +8 
* 
+8 6 0 0 1 0 0 1 0 0 3 3
jcnd=3/3 +3 
* 
+3 15 3 0 1 0 0 1
fe=(98)

fl=(127)
fn=(394)
29 2 0 0 1 0 0 1
fi=(84) ./string/../sysdeps/x86_64/multiarch/ifunc-avx2.h
+11 6 4
-2 8 0 0 0 0 0 0 0 0 2 2
jcnd=2/2 +3 
* 
fe=(127)
-9 4 2
fi=(84)
+12 4 2 0 0 0 0 0 0 0 2
+1 6 2 0 1 0 0 1 0 0 2
+3 4 0 0 0 0 0 0 0 0 2
+4 6 0 0 0 0 0 0 0 0 2
+3 10
jfi=(127)
jump=2 -23 
* 
fe=(127)

fl=(159)
fn=(516)
53 1 0 0 1 0 0 1
+1 1
+1 1
+2 1
+1 1 0 0 1 0 0 1
+4 1
+1 1
+1 1 0 0 0 0 0 0 0 0 1
+3 1 1 0 0 1
+2 1
+1 1
+1 1
+1 1 0 0 0 0 0 0 0 0 1
+3 1
+1 1
+2 1
+1 1
+1 1 0 0 0 0 0 0 0 0 1 1
+1 1
+1 1
+9 2 1

fl=(199)
fn=(638)
36 2 0 0 1 0 0 1
fi=(551) ./misc/../sysdeps/unix/sysv/linux/brk_call.h
-12 4
fe=(199)
+13 4 2 2
+1 4 0 0 0 0 0 0 0 0 2
+6 2
+1 2 2

fl=(313)
fn=(1210)
28 2 0 0 2 0 0 1
+1 4 2 0 0 0 0 0 0 0 2 1
jcnd=1/2 -1 
* 
* 4 0 0 0 0 0 0 0 0 1 1
+1 1 1
-2 6 0 4 1 0 0 1
+1 1 0 1
cfi=(400)
cfn=(1794)
calls=1 +2 
* 18 3 1 0 0 0 0 0 0 3
* 11 3 2 0 0 0 0 0 0 1
cfi=(400)
cfn=(1974)
calls=1 +34 
* 15 3 1 0 0 0 0 0 0 3
* 1 1
+1 2 2

fl=(393) ./nptl/./nptl/allocatestack.c
fn=(1800) name_stack_maps
587 24 0 16 3 0 2 1 0 2
+2 4 4 0 3 0 0 1
+4 4 4
-4 16 8 4
+4 4
+2 8 0 0 0 0 0 0 0 0 4 2
jcnd=2/4 +1 
* 
+5 2 2
+1 2
-2 2 2
+2 4 0 0 2 0 0 1
-1 2 0 0 0 0 0 0 0 0 2
jcnd=2/2 +3 
* 
+3 6 0 2 0 0 2 0 0 2
cfi=(402) ./stdio-common/./stdio-common/snprintf.c
cfn=(1802) snprintf
calls=2 26 
* 1072 222 190 93 7 22 52 6 22 120 48 10 3
* 8 0 2
cfi=(410) ./misc/../sysdeps/unix/sysv/linux/setvmaname.c
cfn=(1822) __set_vma_name
calls=2 33 
* 80 24 13 5 1 2 3 0 2 8 5 1
+2 18 14 0 0 0 0 0 0 0 2
-2 6 0 0 1 0 0 1
jump=2 * 
* 
-7 6 4 0 2 0 0 0 0 0 2
+9 2
-9 6
+9 8 8
-9 2
cfi=(410)
cfn=(1822)
calls=2 33 
* 42 18 10 4 1 0 0 0 0 4

fl=(182)
fn=(592)
26 5 0 0 2 0 0 1
+1 15 0 0 0 0 0 0 0 0 5
fi=(180) ./signal/../sysdeps/unix/sysv/linux/internal-signals.h
+26 5
fe=(182)
-26 10 0 0 0 0 0 0 0 0 5
+6 5
cfi=(183) ./signal/../sysdeps/unix/sysv/linux/libc_sigaction.c
cfn=(596) __libc_sigaction
calls=5 +10 
* 282 88 76 7 0 2 7 0 1 25 6

fl=(201) ./libio/./libio/genops.c
fn=(676) _IO_doallocbuf
343 1 0 0 1 0 0 1
+1 2 1 0 0 0 0 0 0 0 1 1
jcnd=1/1 -1 
* 
-1 7 0 4 1 0 0 1
+3 3 1 0 0 0 0 0 0 0 1 1
jcnd=1/1 +1 
* 
+1 1 1
fi=(211) ./libio/./libio/libioP.h
1025 3
+1 2 0 0 0 0 0 0 0 0 1
fe=(201)
347 2 1 1 1 1 0 1 0 0 0 0 1 1
cfi=(209) ./libio/./libio/filedoalloc.c
cfn=(678) _IO_file_doallocate
calls=1 78 
* 269 60 34 8 1 1 8 0 1 38 12 2 1
* 2 0 0 0 0 0 0 0 0 1 1
jcnd=1/1 +3 
* 
+3 6 5

fn=(672) __underflow
269 20 0 12 1 0 0 1
+1 4 4
-1 4
+1 8 0 0 0 0 0 0 0 0 4 2
jcnd=3/4 * 
* 
* 1 0 1
+5 12 4 0 0 0 0 0 0 0 4 3
+3 4 4 0 1 0 0 1
173 4 4
278 8 0 0 0 0 0 0 0 0 4
+2 8 0 0 0 0 0 0 0 0 4
+6 8 4 0 0 0 0 0 0 0 4 4
jcnd=4/4 +5 
* 
+7 4 4
fi=(211)
1025 12
+1 8 0 0 0 0 0 0 0 0 4
fe=(201)
293 8 4 0 0 1
+1 12 12
-1 4 0 0 0 0 0 0 0 0 0 0 4 1
cfi=(202) ./libio/./libio/fileops.c
cfn=(674) _IO_file_underflow@@GLIBC_2.2.5
calls=4 462 
* 681 191 120 22 3 1 22 1 1 95 31 7 3
-23 6 0 0 0 0 0 0 0 0 3 3
jcnd=3/3 +5 
* 
+21 12 4 0 1 0 0 1 0 0 4 3
jcnd=4/4 +2 
* 

fn=(644) _IO_no_init
563 484 0 220 1 0 0 1
+1 44 0 44
cfn=(646) _IO_old_init
calls=44 -33 
* 1014 132 442 2 1 2 2 1 2 44 4
+1 44 0 44 0 0 1 0 0 1
+1 88 0 0 0 0 0 0 0 0 44 4
jcnd=43/44 +20 
* 
+2 1 0 1
+4 1
+7 1 0 1 1 0 1 1 0 1
+2 1 0 1
-9 5 0 5
+15 1 0 1
+1 6 6
-1 43 0 43
+1 258 258
-2 86 0 43
jump=43 +1 
* 

fn=(684) _IO_setb
329 495 0 225 1 0 0 1
+1 180 90 0 0 0 0 0 0 0 45 7
jcnd=44/45 +5 
* 
* 2 0 0 0 0 0 0 0 0 1 1
jcnd=1/1 +1 
* 
+5 90
-3 45 0 45
+3 90
-2 45 0 45
+2 90 0 45
+3 270 270
-7 1 0 1
cob=(3)
cfi=(153)
cfn=(736)
calls=1 0 
* 87 26 14 0 0 0 0 0 0 12 1 1
+4 2 1
jump=1 * 
* 

fn=(746) __GI__IO_un_link.part.0
52 4 0 3 1 0 0 1
+6 1
-6 2 0 1
+6 1
-6 4 1 1
+6 4 0 3 1 0 0 1
cfi=(203) ./nptl/./nptl/libc-cleanup.c
cfn=(652) __libc_cleanup_push_defer
calls=1 -34 
* 13 4 3 0 0 0 0 0 0 1
+1 7 3 0 0 0 0 0 0 0 2 1
jcnd=1/1 * 
* 
+2 1 1 0 1 0 0 1
-1 1 0 1
+1 3 0 0 0 0 0 0 0 0 1 1
jcnd=1/1 +2 
* 
+4 2 0 0 1 0 0 1 0 0 1 1
jcnd=1/1 +1 
* 
+9 2 0 1 1 0 0 1
+2 2 0 0 0 0 0 0 0 0 1 1
jcnd=1/1 +1 
* 
-13 4 1 0 2 0 0 2 0 0 1 1
jcnd=1/1 +2 
* 
+14 1 0 1
+1 3 1 0 0 0 0 0 0 0 1 1
jcnd=1/1 * 
* 
+1 2 0 1 1 0 0 1
cfi=(203)
cfn=(654) __libc_cleanup_pop_restore
calls=1 -25 
* 9 5 1 0 0 0 0 0 0 1 1
+3 9 7 0 0 0 0 0 0 0 1
-4 5 0 2 0 0 0 0 0 0 1
jump=1 +1 
* 
-12 3 1 1 1 0 0 1
jump=1 +8 
* 
-7 3 0 2 1 0 0 1
jump=1 +2 
* 

fn=(728) _IO_sputbackc
635 1204 0 516 1 0 0 1
+3 516 344 0 0 0 0 0 0 0 172 1
+1 344 172 0 0 0 0 0 0 0 172 3
jcnd=172/172 +2 
* 
+9 172 0 172
+3 860 688
-10 344 0 172 1 0 0 1
+1 172
+5 172
jump=172 +1 
* 

fn=(1752) _IO_enable_locks
518 2 0 0 2 0 0 1
+3 6 2 0 0 0 0 0 0 0 2 1
jcnd=1/2 +5 
* 
1044 1 1
523 1 0 1
+1 3 0 0 0 0 0 0 0 0 1
+1 1 0 1 0 0 1
1058 1 1 0 1
524 2 0 0 0 0 0 0 0 0 1
jcnd=1/1 +1 
* 
+1 2 0 2 0 0 2
1058 2 2
524 4 0 0 0 0 0 0 0 0 2 1
jcnd=1/2 +1 
* 
+2 2 2 0 1

fn=(646)
531 44 0 0 1 0 0 1
+3 44 44 0 0 1 0 0 1
-2 44
+2 44
+5 44
-7 44 0 44
+2 44
+10 44 0 44
-10 44
+16 44
-11 44 0 44
-5 44
+16 44 0 44 1 0 0 1
-16 44 0 44
+21 44 44
-16 220 0 220 0 0 1 0 0 1
+16 88 0 0 0 0 0 0 0 0 44 4
jcnd=43/44 +3 
* 
+1 2 0 2 0 0 1 0 0 1
+2 44 44

fn=(650) _IO_link_in
87 14 0 8 1 0 0 1
+1 10 4 2 1 0 0 1 0 0 2 1
jcnd=1/2 +2 
* 
+18 18 14 0 0 0 0 0 0 0 2
-16 1
+2 3 0 1
-2 1 0 1
+2 4 0 2 1 0 0 1
cfi=(203)
cfn=(652)
calls=1 -68 
* 13 4 3 2 0 0 2 0 0 1
+1 7 3 0 0 0 0 0 0 0 2 1
jcnd=1/1 * 
* 
+10 2 0 1 2 0 0 2
cfi=(203)
cfn=(654)
calls=1 -49 
* 9 5 1 2 0 0 2 0 0 1 1
+3 1
jump=1 * 
* 
-11 5 3 0 1 0 0 1 0 0 1
+2 1 1 0 0 1
-2 1 0 1
+3 1 0 1 1 0 0 1
-3 1 0 1
+2 1 0 1
+3 4 1 1 0 0 0 0 0 0 1
+2 1 1
-2 1 0 1
+1 1 0 1
+1 5 0 2 0 0 0 0 0 0 1
jump=1 +1 
* 
-9 2 0 2 1 0 0 1
+1 1 0 1
+1 2 1 0 0 0 0 0 0 0 1
jcnd=1/1 * 
* 

fn=(760) _IO_default_finish
601 6 0 2 1 0 0 1
+2 3 1 0 0 0 0 0 0 0 1 1
jcnd=1/1 +6 
* 
+6 3 1 0 1 0 0 1 0 0 1 1
jcnd=1/1 +3 
* 
+3 3 1 0 0 0 0 0 0 0 1 1
jcnd=1/1 54 
* 
54 2 1 0 0 0 0 0 0 0 1
624 3 3 0 1 0 0 1

fn=(688) _IO_switch_to_get_mode
164 24 0 12 1 0 0 1
+1 12 8 0 1 0 0 1 0 0 4 2
jcnd=4/4 +3 
* 
+3 12 4 0 1 0 0 1 0 0 4
+4 8 4 4
+1 8 4 0 0 0 0 0 0 0 4 3
jcnd=4/4 +7 
* 
+7 4
-4 4 0 4
+4 4 0 4
-2 8 0 8
+3 4
+1 16 16

fn=(744) _IO_un_link
53 2
+1 4 2 0 0 0 0 0 0 0 2 1
jcnd=1/2 +28 
* 
+28 2 1
cfn=(746)
calls=1 -30 
* 86 24 21 10 0 0 10 0 0 11 7

fn=(750) _IO_unsave_markers
937 6 0 2 1 0 0 1
+2 2 1 0 0 0 0 0 0 0 1 1
jcnd=1/1 +5 
* 
+5 3 1 0 1 0 0 1 0 0 1 1
jcnd=1/1 +2 
* 
+2 3 3

fl=(218)
fn=(722)
52 47 0 0 1 0 0 1
+13 47
+1 47
+1 47
+3 47
+2 47
+1 47 0 0 0 0 0 0 0 0 47
+3 47 47
+1 47
+8 47
+1 47 0 0 0 0 0 0 0 0 47 2
jcnd=43/47 221 
* 
+1 4
+5 8 4
+26 14
+13 14
+1 14
+1 14
+6 28 14
+29 5
+13 5
+1 5
+1 5
+6 10 5
+4 24 0 0 1 0 0 1
+13 24
+1 24
+1 24
+6 48 24
+7 43 0 0 1 0 0 1
+15 43 43
+6 43
+1 43
+1 43 0 0 0 0 0 0 0 0 43 7
jcnd=14/43 118 
* 
+2 29 29
+1 29
+1 29
+1 29 0 0 0 0 0 0 0 0 29
+2 29 29
+1 29
+1 29
+1 29 0 0 0 0 0 0 0 0 29 4
jcnd=5/29 -86 
* 
+2 24 24
+1 24
+1 24
+1 24 0 0 0 0 0 0 0 0 24 2
jcnd=24/24 -66 
* 

fl=(91)
fn=(300)
29 1 0 0 1 0 0 1
fi=(88)
+12 2 2
-1 4 0 0 0 0 0 0 0 0 1 1
jcnd=1/1 +2 
* 
+2 3 1 0 1 0 0 1 0 0 1
+3 2 0 0 0 0 0 0 0 0 1
+4 3 0 0 0 0 0 0 0 0 1
+3 3 0 0 1 0 0 1 0 0 1
fe=(91)
-23 1 1

fl=(121)
fn=(374)
29 3 0 0 1 0 0 1
fi=(122) ./string/../sysdeps/x86_64/multiarch/ifunc-memcmp.h
+5 15 6 0 1 0 0 1 0 0 3
+1 6 3 0 0 1 0 0 0 0 3
+1 6 0 0 0 0 0 0 0 0 3
+1 9 3 0 0 0 0 0 0 0 3
+3 6 0 0 0 0 0 0 0 0 3
+4 9 0 0 0 0 0 0 0 0 3
+3 12 0 0 1 0 0 1
fe=(121)
-18 6 3

fl=(136)
fn=(422)
29 1 0 0 1 0 0 1
fi=(552) ./string/../sysdeps/x86_64/multiarch/ifunc-sse4_2.h
+7 5 2 0 1 0 0 1
fe=(136)
-7 1 1

fl=(224) ./libio/./libio/iofclose.c
fn=(742) fclose@@GLIBC_2.2.5
34 8 0 4 2 0 0 2
+14 3 1 0 0 0 0 0 0 0 1 1
jcnd=1/1 +1 
* 
+9 1 1
fi=(211)
1025 3
+1 2 0 0 1 0 0 1 0 0 1
fe=(224)
57 3 1 1 0 0 0 0 0 0 0 0 1 1
cfi=(202)
cfn=(758) _IO_file_finish@@GLIBC_2.2.5
calls=1 168 
* 34 11 5 5 0 0 5 0 0 5 4
+1 3 1 0 0 0 0 0 0 0 1
+13 2 1 0 0 0 0 0 0 0 1 1
jfi=(211)
jcnd=1/1 951 
* 
fi=(211)
951 4 2
+1 4 1 0 0 0 0 0 0 0 2
+6 2 0 1
cob=(3)
cfi=(153)
cfn=(736)
calls=1 0 
* 87 26 14 0 0 0 0 0 0 12 0 1
fe=(224)
76 7 5
-27 1 0 1 1 0 0 1
cfi=(201)
cfn=(744)
calls=1 +4 
* 90 25 21 10 0 0 10 0 0 12 8
+2 3 1 0 0 0 0 0 0 0 1 1
jcnd=1/1 +1 
* 
+1 2 0 0 1 0 0 1 0 0 1
+1 2 0 1 1 0 0 1
cfi=(202)
cfn=(748) _IO_file_close_it@@GLIBC_2.2.5
calls=1 +75 
* 204 55 39 10 0 0 10 0 0 23 5 2 1
fi=(211)
979 1 1
fe=(224)
53 1
fi=(211)
979 3 0 0 0 0 0 0 0 0 1
+1 9 3 2 0 0 0 0 0 0 2 1
jfi=(224)
jump=1 57 
* 
fe=(224)

fl=(402)
fn=(1802)
26 18 0 8 3 0 2 2 0 2 2 2
jcnd=2/2 * 
* 
* 6 2 2 2 0 2 1 0 2
+4 2
+1 4
-1 10 0 8 2 0 0 1
+1 2 0 2
cfi=(403) ./libio/./libio/vsnprintf.c
cfn=(1804) __vsnprintf_internal
calls=2 +62 
* 1020 212 170 86 7 18 48 6 18 116 46 10 3
+4 10 8 0 0 0 0 0 0 0 2

fl=(160)
fn=(518)
545 1 0 0 1 0 0 1
+1 4 2 0 0 2 0 0 0 0 1 1
jcnd=1/1 +1 
* 
+1 3 2 0 1 1 0 1 0 0 1 1
+1 3 2 0 0 1 0 0 0 0 1
+2 1 1

fl=(207) ./stdio-common/./stdio-common/getline.c
fn=(668) getline
27 86 0 0 1 0 0 1
+1 86 0 0 1 0 0 1
cfi=(208) ./libio/./libio/iogetdelim.c
cfn=(670) getdelim
calls=43 +13 
* 7739 1988 969 74 24 5 74 18 5 1247 212 106 7

fl=(447) ./resolv/./resolv/resolv_context.c
fn=(2190) __resolv_context_freeres
242 18 0 12 2 0 0 1
+2 4 4
+1 2 0 2
+1 4 0 0 0 0 0 0 0 0 2 2
jcnd=2/2 +6 
* 
+6 16 14 0 4 0 0 2

fl=(365)
fn=(1634)
94 4 0 0 2 0 0 1
-65 8 0 0 0 0 0 0 0 0 2
+74 2 2

fl=(129)
fn=(402)
29 1
fi=(130) ./wcsmbs/../sysdeps/x86_64/multiarch/ifunc-memcmp.h
+5 5 2 0 1 0 0 1 0 0 1
+1 2 1 0 0 0 0 0 0 0 1
+1 2 0 0 0 0 0 0 0 0 1
+1 3 1 0 0 0 0 0 0 0 1
+3 2 0 0 0 0 0 0 0 0 1
+4 3 0 0 0 0 0 0 0 0 1
+3 4 0 0 1 0 0 1
fe=(129)
-18 2 1

fl=(209)
fn=(678)
78 11 1 5 1 0 0 1
+6 4 2 0 0 0 0 0 0 0 1
fi=(211)
1025 3 0 0 1 0 0 1
+1 2 0 0 0 0 0 0 0 0 1
fe=(209)
84 3 1 1 0 1 0 0 0 0 0 0 1 1
cfi=(202)
cfn=(680) _IO_file_stat
calls=1 1147 
* 9 2 0 3 0 0 3 0 0 1
* 2 0 0 0 0 0 0 0 0 1
+2 4 1 0 0 0 0 0 0 0 1 1
+11 4 1 0 1 0 0 1 0 0 1
+4 2 0 1
cob=(3)
cfi=(153)
cfn=(618)
calls=1 0 
* 179 37 18 0 0 1 0 0 1 29 9 1
* 1
+1 2 0 0 0 0 0 0 0 0 1 1
+2 4 0 1
cfi=(201)
cfn=(684)
calls=1 329 
* 29 8 8 1 0 0 1 0 0 1 1
+1 1
+1 9 7 0 1 0 0 1 0 0 1

fl=(154) ./nptl/../sysdeps/unix/sysv/linux/x86/elision-conf.c
fn=(478) __lll_elision_init
92 2 0 1 1 0 0 1
+4 1
-4 2 0 1
+4 2 0 0 1 0 0 1
-4 1
+4 1
-4 3 1 1
+4 1 0 1
cob=(3)
cfi=(153)
cfn=(476)
calls=1 -96 
* 26 5 1 0 2 0 0 1 0 3 2 1
+2 4 0 1
cob=(3)
cfi=(153)
cfn=(476)
calls=1 -98 
* 26 5 1 0 2 0 0 1 0 3 2 1
+2 4 0 1 1 0 0 1
cob=(3)
cfi=(153)
cfn=(476)
calls=1 0 
* 26 5 1 0 2 0 0 1 0 3 2 1
+2 4 0 1
cob=(3)
cfi=(153)
cfn=(476)
calls=1 0 
* 26 5 1 0 2 0 0 1 0 3 2 1
+2 4 0 1
cob=(3)
cfi=(153)
cfn=(476)
calls=1 0 
* 26 5 1 0 1 0 0 0 0 3 0 1
+3 3 1 0 0 1 0 0 1 0 1
+1 1 0 1 1 0 1 1 0 1
+1 6 5 0 0 0 0 0 0 0 1

fl=(206)
fn=(1810)
53 4 0 0 2 0 0 1
+2 4
+1 4
+1 4
+1 4
+1 4
+3 4
+1 4 0 0 2 0 0 1 0 0 4
+4 4 4 0 0 2 0 0 2
+1 4
+1 4
+1 4
+1 4
+1 4
+1 4 0 0 0 0 0 0 0 0 4
+1 4
+13 4
+2 8 4

fn=(666)
53 1 0 0 1 0 0 1
+2 1
+1 1
+1 1
+1 1
+1 1
+3 1
+1 1 0 0 1 0 0 1 0 0 1
+4 1 1 0 0 1 0 0 1
+1 1
+1 1
+1 1
+1 1
+1 1
+1 1 0 0 0 0 0 0 0 0 1
+1 1
+3 1 1
+8 1 0 0 0 0 0 0 0 0 1 1
jcnd=1/1 +8 
* 
+8 1
+1 2 1

fl=(96)
fn=(316)
31 1 0 0 1 0 0 1
fi=(97) ./wcsmbs/../sysdeps/x86_64/multiarch/ifunc-wcs.h
+9 3 2
-1 4 0 0 0 0 0 0 0 0 1 1
jcnd=1/1 +2 
* 
+2 3 1 0 0 0 0 0 0 0 1
+3 2 0 0 0 0 0 0 0 0 1
+4 4
fe=(96)
-17 1 1

fl=(150) ./resource/../sysdeps/unix/sysv/linux/getrlimit64.c
fn=(470) getrlimit
38 4 0 0 1 0 0 1
+1 14 0 0 0 0 0 0 0 0 2
+1 2 2

fl=(379)
fn=(2158) __call_tls_dtors
148 8 0 4 1
+1 2 2 0 2 0 0 1
-1 2 0 2
+1 8 2 0 0 0 0 0 0 0 2
+6 2 2 0 0 1
-2 6 4
+2 2 0 2
+1 4 2 2 0 0 0 0 0 0 0 0 2 2
cob=(6)
cfi=(377)
cfn=(2160)
calls=2 -86 
* 66 24 22 6 0 1 1 0 0 4 4 2 2
+6 4 4 2 0 1 0 0 0 0 2 2
+1 4 0 2 2 0 0 1
cob=(3)
cfi=(153)
cfn=(736)
calls=2 0 
* 220 61 27 1 1 0 0 0 0 34 1 2
-14 6 2 0 0 0 0 0 0 0 2 1
+16 8 8

fn=(1692)
102 15 0 6 3 0 0 1
+4 3
-4 9 0 6
+1 3
+3 3
-4 3 0 3
+1 6 3
+3 3 0 3 3 0 0 1
cob=(3)
cfi=(153)
cfn=(772)
calls=3 0 
* 784 146 74 12 0 9 1 0 9 137 29 3
+1 6 0 0 0 0 0 0 0 0 3
+3 6 0 3
+7 3 3
-6 3 0 3
+1 3 3
+5 3
-5 6 3 3
+1 3 0 3
+4 3 0 3
cfi=(380)
cfn=(1694)
calls=3 -40 
* 132 34 18 6 0 0 6 0 0 27 6
+3 6 0 0 0 0 0 0 0 0 3 3
jcnd=3/3 +4 
* 
+16 3 3 3 3 0 0 1 0 0 3 1
+1 6 0 3
cfi=(382)
cfn=(1700)
calls=3 367 
* 108 26 15 4 0 0 4 0 0 28 10
+2 6 3 3
+3 21 18
-18 6 0 3 3 0 0 1
cob=(3)
cfi=(153)
cfn=(1696)
calls=3 0 
* 99 39 15 11 0 0 5 0 0 18 3 3 1
+4 15 3 3 0 0 0 0 0 0 3
jump=3 +8 
* 

fl=(112)
fn=(352)
67 1 0 0 1 0 0 1
-23 2 2 0 1 0 0 1
-1 4 0 0 0 0 0 0 0 0 1 1
jcnd=1/1 +2 
* 
+24 2 1
-22 3 1 0 1 0 0 1 0 0 1
+3 2 0 0 0 0 0 0 0 0 1
+4 3 0 0 0 0 0 0 0 0 1
+3 4 0 0 0 0 0 0 0 0 1
jump=1 +12 
* 

fl=(116)
fn=(360)
60 1 0 0 1 0 0 1
-17 2 2 0 1 0 0 1
-1 4 0 0 0 0 0 0 0 0 1 1
jcnd=1/1 +2 
* 
+2 3 1 0 0 0 0 0 0 0 1
+2 2 0 0 1 0 0 1 0 0 1
+4 3 0 0 0 0 0 0 0 0 1
+10 1 1

fl=(235)
fn=(790)
56 5 0 0 4 0 0 1
-24 5 5 0 0 1
-2 10 0 0 0 0 0 0 0 0 5 3
+5 10 0 0 0 0 0 0 0 0 5
+7 20 10 0 5 3 0 1 0 0 5 4
jcnd=5/5 +1 
* 
* 440 110 0 0 10 0 0 0 0 110 5
jcnd=5/110 +20 
* 
+1 220 0 0 0 0 0 0 0 0 110 15
jcnd=110/110 -1 
* 
+19 10 5 5
+1 5
+1 5 5

fl=(404) ./stdio-common/./stdio-common/vfprintf-internal.c
fn=(1806) __printf_buffer
600 24 0 12 2 0 0 1
fi=(220) ./stdio-common/./stdio-common/printf-parse.h
82 2
fe=(404)
600 4 0 2 0 0 2 0 0 2
fi=(220)
82 2
fe=(404)
600 2 0 2
+27 6 4 2 2 0 2 1 0 2
+11 2 2
-11 2 2
+11 2 0 2 0 0 2 0 0 2
-11 2 0 2
+11 4 2 2
fi=(220)
82 2 0 2
cob=(3)
cfi=(153)
cfn=(1808)
calls=2 -82 
* 42 6 0 6 2 0 3 1 0 4 0 2 1
fe=(404)
653 4
+1 2
fi=(220)
82 4 0 2 2 0 0 1
fe=(404)
654 2
-1 2 0 2
cfi=(405) ./stdio-common/./stdio-common/Xprintf_buffer_write.c
cfn=(1812) __printf_buffer_write
calls=2 27 
* 102 28 18 5 0 2 3 0 2 12 7 2
+2 6 2 0 0 0 0 0 0 0 2
+4 4 2 0 0 0 0 0 0 0 2
+4 16 6 2 2 1 2 1 1 2 6
-32 2 0 2
973 2
642 2 0 2
973 4 0 2
634 2 0 2
+71 8 2 0 2 0 0 1 0 0 2 2
jcnd=2/2 * 
* 
1044 22 18 0 2 0 0 1 0 0 2
705 4 0 0 2 0 0 1
-13 2
+7 2 0 2 0 0 2 0 0 2
+6 4
-14 2
-4 2
+18 2
-10 2
+10 2 0 0 2 0 0 1
-7 2 0 2
-4 2 0 2
+11 4 2 0 0 1 0 0 1
-19 2 0 2
-1 2 0 2
+20 2 2 0 0 1 0 0 1
-12 2
-9 2 0 2 2 0 0 1
-1 2 0 2
+22 2
-15 4 0 0 0 0 0 0 0 0 0 0 2 2
jump=2 883 
* 
1024 2 0 0 2 0 0 1
fi=(220)
82 2
fe=(404)
1018 2 0 2
fi=(220)
82 4 0 2
cob=(3)
cfi=(153)
cfn=(1808)
calls=2 -82 
* 42 6 0 0 1 0 0 1 0 4 0 2
fe=(404)
1028 4
+1 2
fi=(220)
82 2
fe=(404)
1029 2
-1 2 0 2 2 0 0 1
cfi=(405)
cfn=(1812)
calls=2 27 
* 38 14 10 0 0 0 0 0 0 4 1
+3 4 2 0 0 0 0 0 0 0 2 2
jcnd=2/2 +13 
* 
784 2 2 0 2 0 0 1
fi=(406) ./stdio-common/./stdio-common/vfprintf-process-arg.c
126 4 0 0 2 0 0 1 0 0 2 2
jcnd=2/2 +2 
* 
+75 2 2
92 2
+1 2 0 2
+1 2 0 2
201 4 0 2 2 0 0 1
-65 4 0 0 0 0 0 0 0 0 2 2
jcnd=2/2 * 
* 
+19 26 2 12 2 0 0 1
cfi=(407) ./stdio-common/./stdio-common/_itoa.c
cfn=(1816) _itoa_word
calls=2 +14 
* 134 10 8 8 1 0 4 1 0 10 7
+11 4 4
-11 4 2 2
+11 8 4 2 1 0 0 1
-5 16 4 2 0 0 0 0 0 0 4 2
jcnd=2/2 +26 
* 
+25 10 0 0 2 0 0 1 0 0 4 2
jcnd=2/2 +1 
* 
+15 4 2
-4 6 2 0 0 0 0 0 0 0 2
+2 6 2
+2 4 0 0 0 0 0 0 0 0 2
+7 2 2 0 1 0 0 1
-2 4
+2 6 2 0 0 0 0 0 0 0 2
+3 4 2 0 0 0 0 0 0 0 2 2
jfi=(408) ./stdio-common/../include/printf_buffer.h
jcnd=2/2 -48 
* 
+13 4 0 0 0 0 0 0 0 0 2
fi=(408)
-61 4 0 0 0 0 0 0 0 0 2 2
jfi=(406)
jcnd=2/2 +70 
* 
fi=(406)
+70 4 0 0 1 0 0 1 0 0 2 2
jcnd=2/2 +3 
* 
+3 4 2 0 0 0 0 0 0 0 2 2
jcnd=2/2 +4 
* 
128 4 0 0 2 0 0 1 0 0 2 2
jcnd=2/2 +2 
* 
+8 2 0 0 2 0 0 1
+2 4
jump=2 +17 
* 
fe=(404)
883 2 0 0 2 0 0 1
fi=(406)
66 2 0 2 2 0 0 1
+1 2
jfi=(404)
jump=2 784 
* 
+94 2 0 2 2 0 0 1
+9 4 0 2 2 0 0 1
jump=2 +16 
* 
+17 2 2 0 1 0 0 1
+8 2
-8 2
+12 2 0 0 1 0 0 1
-12 2
+8 8
jump=2 -34 
* 
-8 12 4 0 1 0 0 1
jump=2 +14 
* 
+53 8 4 2 4 0 0 2
cfi=(405)
cfn=(1812)
calls=2 27 
* 110 28 18 0 0 0 0 0 0 16 7 2
* 2
jfi=(404)
jump=2 1024 
* 
130 4 0 0 2 0 0 1 0 0 2
+1 16 4 2 0 0 0 0 0 0 2
jump=2 +70 
* 
fi=(408)
+32 4 0 0 2 0 0 1 0 0 2 2
jfi=(406)
jcnd=2/2 +61 
* 
fe=(404)

fl=(148)
fn=(466)
33 9 1 3 1 0 0 1
+2 1 0 1 1 0 0 1
cfi=(149) ./ctype/./ctype/ctype-info.c
cfn=(468) __ctype_init
calls=1 -6 
* 17 10 3 2 5 0 2
+3 1 1 0 0 1
fi=(151) ./elf/../sysdeps/nptl/pthread_early_init.h
-5 2
fe=(148)
+8 1 0 1 0 0 1 0 0 1
-3 1 0 1 0 0 1 0 0 1
+3 1 0 1
fi=(151)
-8 1 0 1
cfi=(150)
cfn=(470)
calls=1 +5 
* 10 1 0 1 0 0 1 0 0 1
* 3 0 0 0 0 0 0 0 0 1
+1 1 1
+4 5 0 0 1 0 0 1
+7 1 1
fi=(553) ./elf/../nptl/nptl-stack.h
+16 3 2 0 0 1
fi=(151)
-16 1 1
fi=(553)
+16 2
fi=(151)
-7 1 0 1 0 0 1 0 0 1
fi=(553)
+7 3
fi=(151)
-9 1
-6 1 0 0 1 0 0 1
+2 2
+4 4 0 1
+1 1 0 1 0 0 1 0 0 1
+3 1 0 1
cfi=(152) ./nptl/./nptl/pthread_mutex_conf.c
cfn=(474) __pthread_tunables_init
calls=1 -1 
* 104 21 9 4 6 0 4 2 0 10 4 3 1
fe=(148)
-9 3 2 0 0 0 0 0 0 0 1
+2 2 2
-2 1
cfi=(154)
cfn=(478)
calls=1 +45 
* 169 32 14 4 10 1 4 5 1 17 8 5

fl=(403)
fn=(1804)
93 10 0 2 1 0 0 1
fi=(554) ./libio/../include/printf_buffer.h
+31 2 0 0 2 0 0 1
fe=(403)
-31 4
fi=(554)
+31 2
fe=(403)
-31 12 2 4 0 0 2 0 0 2
fi=(554)
+44 2
-13 2 0 2 0 0 2 0 0 2
+13 2 0 2
-10 2 0 2 1 0 0 1
+1 2 0 2
fe=(403)
-65 4 0 0 0 0 0 0 0 0 2
+3 2 0 2
+30 6 0 2 0 0 2 0 0 2
cfi=(404)
cfn=(1806)
calls=2 600 
* 906 186 148 77 7 12 42 6 12 102 46 10 3
-21 6 4 0 0 0 0 0 0 0 2
+1 2 0 2
+11 4 0 2 1 0 0 1
cfi=(409) ./stdio-common/./stdio-common/Xprintf_buffer_done.c
cfn=(1820) __printf_buffer_done
calls=2 -62 
* 38 10 0 4 0 0 2 0 0 8
+11 12 10 0 0 0 0 0 0 0 2

fl=(133)
fn=(414)
29 2 0 0 1 0 0 1
fi=(99)
+28 6 4
-1 4 0 0 0 0 0 0 0 0 2
+4 6 2 0 0 0 0 0 0 0 2
+14 4 0 0 0 0 0 0 0 0 2
+3 4 0 0 0 0 0 0 0 0 2
+8 4 0 0 0 0 0 0 0 0 2 2
jcnd=2/2 +8 
* 
+8 4 0 0 1 0 0 1 0 0 2 2
jcnd=2/2 +3 
* 
+3 10 2 0 2 0 0 2
fe=(133)

fl=(328)
fn=(1364)
26 399 0 0 399 0 0 1
+1 798 399 0 0 0 0 0 0 0 399 397
jcnd=398/399 -1 
* 
* 4 0 0 0 0 0 0 0 0 1
+1 1 1
-2 1592 0 796
+1 398 0 398
cfi=(400)
cfn=(1794)
calls=398 +4 
* 7164 1194 398 0 0 0 0 0 0 1194 2
* 3582 398 796 398 0 0 1 0 0 398
cfi=(400)
cfn=(1974)
calls=398 +36 
* 5970 1194 398 0 0 0 0 0 0 1194 398
* 398 398
+1 796 796

fl=(117)
fn=(362)
29 1 0 0 1 0 0 1
fi=(118) ./string/../sysdeps/x86_64/multiarch/ifunc-strcpy.h
+9 2 2
+1 1 1
-1 2 0 0 0 0 0 0 0 0 1
+1 2 0 0 1 0 0 1 0 0 1
+3 2 0 0 0 0 0 0 0 0 1
+4 3 0 0 0 0 0 0 0 0 1
+3 3 0 0 0 0 0 0 0 0 1 1
jfi=(117)
jcnd=1/1 -20 
* 
fe=(117)
-20 1 1

fl=(184)
fn=(598)
32 12 1 6 1 0 0 1
+1 3 0 0 1 0 0 1 0 0 1
fi=(185) ./posix/../sysdeps/unix/sysv/linux/x86/../sysconf.c
+16 10 0 0 0 0 0 0 0 0 5 1
jfi=(186) ./posix/../sysdeps/posix/sysconf.c
jcnd=1/1 +11 
* 
fe=(184)
-12 10 8 0 1 0 0 1 0 0 1
fi=(186)
+23 6 1 0 2 1 0 2 1 0 1 0 1 1
jump=1 221 
* 
* 4 0 0 1 0 0 1 0 0 2 1
jcnd=1/1 * 
* 
* 2 0 0 1 0 0 1 0 0 1 1
jcnd=1/1 * 
* 
221 1 0 1 1 0 0 1
cfi=(187) ./misc/../sysdeps/unix/sysv/linux/getpagesize.c
cfn=(604) getpagesize
calls=1 27 
* 6 3 0 2 0 0 2 0 0 1
* 2
jfi=(184)
jump=1 37 
* 
60 2 0 0 2 0 0 2 0 0 1 1
jcnd=1/1 * 
* 
fe=(184)

fl=(203)
fn=(652)
24 45 0 0 1 0 0 1
+1 45 45
+2 90 45 45 1 0 0 1
+2 90 45
+3 90 0 0 0 0 0 0 0 0 45
+14 135 0 45
+2 45 0 45
+1 45 45

fn=(654)
54 45 0 0 1 0 0 1
+1 45 45
+2 90 45 45
+2 45 45
+1 135 45 0 0 0 0 0 0 0 45 4
jcnd=45/45 +11 
* 
+11 45 45 0 1 0 0 1

fl=(219) ./stdio-common/./stdio-common/vfscanf-internal.c
fn=(724) __vfscanf_internal
278 559 0 387 2 0 3 2
+10 215 129 86 0 0 1
+1 43 43 0 1 0 0 1
fi=(223) ./stdio-common/../include/scratch_buffer.h
78 43 0 43 0 0 1
fe=(219)
289 43 0 43 0 0 1
fi=(223)
77 86 0 43
fe=(219)
339 43 43
fi=(223)
77 43 0 43
fe=(219)
339 172 43 129 1 0 1 1
+6 129 43 0 0 0 0 0 0 0 43 6
jcnd=43/43 * 
* 
+3 172 86 0 0 0 0 0 0 0 86
+4 43 43
+20 86 0 43 1 0 0 1
-20 43 43
+13 43 43 0 0 1
-6 43 43 0 0 1
+8 86 43 0 0 1 0 0 1
-8 43 0 43
+8 43
+5 86 0 43
-5 43 0 43
+5 129 43 86 1 1 0 1
cfi=(203)
cfn=(652)
calls=43 24 
* 559 172 129 0 0 0 0 0 0 43
* 129 86 0 0 0 0 0 0 0 43
+9 43 43
fi=(555) ./stdio-common/../string/bits/string_fortified.h
59 43 0 43
fe=(219)
381 129 43 0 0 1 0 0 1 0 43
-49 43 0 43 1 0 0 1
-48 43
-1 43
+10 43 0 43
-11 43 0 43
+46 43 0 43
-1 43 0 43
-1 43 0 43
-1 43 0 43 1 0 0 1
-12 43 0 43
-30 86 0 43
419 258 0 0 0 0 0 0 0 0 129
+24 258 129
+1 258 0 0 0 0 0 0 0 0 129 4
jcnd=86/129 3097 
* 
+3 215 129 0 1 0 0 1 0 0 43
+7 344 129 43 0 0 0 0 0 0 86
+8 43 43
-8 43
+8 86 0 0 0 0 0 0 0 0 43
+8 86 0 0 0 0 0 0 0 0 43
-27 86 0 86
-62 172 86 0 0 0 0 0 0 0 43 2
jcnd=43/43 +38 
* 
* 344 172 0 1 1 0 1 1 0 86 43
jcnd=43/86 +38 
* 
3094 258 86 0 1 0 0 1 0 0 43 2
jcnd=43/43 +10 
* 
+3 86 0 0 1 0 0 1
223 86 86
-17 86 86 0 1 0 0 1
+17 86
-1 86
489 86 86
222 172
489 172
222 86 0 86
489 172 0 0 0 0 0 0 0 0 86 2
jcnd=86/86 -6 
* 
-6 86 0 86 1 0 0 1
fi=(220)
55 516 86 86 1 0 0 1 0 0 86
jfi=(219)
jump=86 506 
* 
fe=(219)
506 430 0 0 2 0 0 2 0 0 86 4
jcnd=86/86 685 
* 
345 86 0 0 1 0 0 1 0 0 43 6
jcnd=43/43 +3 
* 
3104 86 43 0 1 0 0 1 0 0 43 2
jcnd=43/43 * 
* 
* 86 0 43
cfi=(203)
cfn=(654)
calls=43 54 
* 387 215 43 0 0 0 0 0 0 43 2
fi=(223)
85 172 86 0 1 0 0 1 0 0 43
jfi=(219)
jcnd=43/43 3108 
* 
fe=(219)
3108 86 43 0 0 0 0 0 0 0 43
+17 86 43 0 0 0 0 0 0 0 43
+6 516 430 0 1 0 0 1 0 0 43
660 172 0 0 1 0 0 1 0 0 86
+4 172 0 86 1 0 0 1
+1 516 86 0 0 0 0 0 0 0 172
+4 86 86
+1 258
-1 86 86
+1 602 86 344 1 0 0 1
jump=86 +6 
* 
+6 516 258 86 0 0 0 0 0 0 86
+3 172 86 0 0 1
-3 86
+3 344 86 0 0 1 0 0 1 0 86 2
jcnd=86/86 +1 
* 
-3 172 0 0 1 0 0 1 0 0 86 2
jcnd=86/86 * 
* 
+4 688 258 86 1 0 0 1
+1 430 0 0 0 0 0 0 0 0 86
+4 258 0 172 1 0 0 1
-4 258 0 258
cfi=(201)
cfn=(728)
calls=86 -46 
* 1892 602 430 2 0 0 2 0 0 172 2
+4 946 430 0 0 1 0 0 1 0 86 0 86 1
jump=86 3083 
* 
* 86 0 86 1 0 0 1
530 86
+3 774 86 86 1 1 0 1 1 0 86 0 86 1
jump=86 +13 
* 
+13 258 86 0 1 0 0 1 0 0 86
+8 86 0 86
-21 172
jump=86 660 
* 
1449 516 258 86 2 0 0 2 0 0 86
+5 86
-5 86
+5 172 0 0 0 0 0 0 0 0 86 2
jcnd=86/86 +9 
* 
+9 602 0 0 2 0 0 2 0 0 86 2
jcnd=32/86 +34 
* 
+2 108
260 54 54
1465 108
260 108 54 0 0 0 0 0 0 0 54
+3 162 0 108
1469 378 162 54 1 0 0 1 0 0 54
+2 432 162 0 0 1 0 0 1 0 108
+12 108 0 0 0 0 0 0 0 0 54
+10 108 0 0 1 0 0 1 0 0 54 2
jcnd=54/54 1812 
* 
1812 344 0 0 0 0 0 0 0 0 172
+9 86 86
fi=(223)
113 344
fe=(219)
1821 172 0 86 1 0 0 1
fi=(223)
113 258 0 86
fe=(219)
1814 172 0 0 0 0 0 0 0 0 86 2
jcnd=86/86 +2 
* 
* 1356 0 0 0 0 0 0 0 0 678 4
jcnd=678/678 +2 
* 
260 1356 1356 0 1 0 0 1
1876 678
260 1356 0 0 0 0 0 0 0 0 678
+3 2034 0 1356
1878 2712
+2 6102 2034 678 1 0 0 1 0 0 1356
-68 1356 0 0 0 0 0 0 0 0 678 4
jcnd=678/678 +2 
* 
* 344
231 86 86
1883 172 0 0 0 0 0 0 0 0 86
206 86 86
1890 172 0 0 1 0 0 1 0 0 86
214 172
1891 172 0 0 0 0 0 0 0 0 86
+28 602 0 172 0 0 0 0 0 0 86
cfi=(201)
cfn=(728)
calls=86 635 
* 1892 602 430 0 0 0 0 0 0 172 2
* 258 258 0 1 0 0 1
260 172 0 0 0 0 0 0 0 0 86
+3 258 0 172
1923 172 86 0 0 0 0 0 0 0 86 2
1741 172 86 86
1941 172 0 0 1 0 0 1
206 86 86
1741 172
1940 258 0 0 0 0 0 0 0 0 86 2
jcnd=86/86 +4 
* 
+7 258 172 0 1 0 0 1 0 0 86
+3 430 86 86 0 0 0 0 0 0 86
+6 86
-4 172 0 0 0 0 0 0 0 0 86 2
jcnd=86/86 +17 
* 
+18 774 258 172 1 0 0 1 0 0 86
+9 172 0 86
jump=86 381 
* 
3083 86 0 0 1 0 0 1
-5 172 0 0 1 0 0 1
jump=86 1449 
* 
1816 3820 2292 0 0 1 0 0 1 0 764 91
jcnd=678/764 260 
* 
* 86
jump=86 -4 
* 
1497 64 0 0 1 0 0 1 0 0 32 2
jcnd=32/32 1812 
* 
1812 172 0 0 1 0 0 1
1500 258 0 0 1 0 0 1 0 0 86
jump=86 1812 
* 
1944 86 0 86 1 0 0 1
cfi=(221) ./stdlib/../stdlib/strtol.c
cfn=(730) __strtoul_internal
calls=86 107 
* 23046 2782 1032 15 5 1 15 4 0 5850 219
* 258 86
jump=86 +3 
* 
+25 172 0 0 1 0 0 1 0 0 86
+1 258 86 0 0 0 0 0 0 0 86 2
jcnd=86/86 * 
* 

fl=(123)
fn=(378)
31 2 0 0 1 0 0 1
fi=(124) ./wcsmbs/../sysdeps/x86_64/multiarch/ifunc-wmemset.h
+5 10 4 0 0 0 0 0 0 0 2
+1 6 2 0 1 0 0 1 0 0 2 2
jfi=(123)
jcnd=2/2 -6 
* 
fe=(123)
-6 2 2

fl=(132)
fn=(410)
33 1 0 0 1 0 0 1
fi=(118)
+5 2 2
+1 1 1
-1 2 0 0 0 0 0 0 0 0 1
+1 2 0 0 0 0 0 0 0 0 1
+3 2 0 0 0 0 0 0 0 0 1
+4 3 0 0 0 0 0 0 0 0 1
+3 3 0 0 0 0 0 0 0 0 1 1
jfi=(132)
jcnd=1/1 -16 
* 
fe=(132)
-16 1 1

fl=(197) ./malloc/./malloc/morecore.c
fn=(634) __glibc_morecore
25 2 0 0 1 0 0 1
+1 4 2 0 0 0 0 0 0 0 2
-1 4 0 2 1 0 0 1
+4 2 0 2
cfi=(198)
cfn=(636)
calls=2 +8 
* 77 21 12 5 0 0 5 0 0 12 5
+1 4 0 0 0 0 0 0 0 0 2
+4 4 4

fl=(163)
fn=(536)
242 13 0 7 1 0 0 1
+69 3 0 0 0 0 0 0 0 0 1
+1 3 0 1
cfi=(164) ./stdlib/./stdlib/cxa_atexit.c
cfn=(538) __cxa_atexit
calls=1 67 
* 72 16 19 7 3 1 7 1 0 9 1
+25 6 2 1 1 0 0 1 0 0 1 1
+6 2 2
-3 2 0 0 0 0 0 0 0 0 1 1
jcnd=1/1 128 
* 
+10 2 1 1
cob=(3)
cfi=(153)
cfn=(554)
calls=1 0 
* 7 3 0 2 1 0 2 0 0 1 0 1 1
+2 2 0 0 0 0 0 0 0 0 1
+8 4 1 1
cfi=(166) ./csu/../sysdeps/nptl/libc_start_call_main.h
cfn=(558) (below main)
calls=1 29 
* 120736 26655 17797 1635 221 208 1277 80 117 20326 1510 704 228
128 2 2 0 1 0 0 1
+6 3 1 0 0 1 0 0 0 0 1
+1 6 2 2 0 1 0 0 0 0 0 0 1 1
cob=(3)
cfi=(153)
cfn=(542)
calls=1 0 
* 7 2 0 1 1 0 1 0 0 1 1
* 1 1
+3 1 1 0 0 1
+1 2 0 0 1 0 0 1 0 0 1
+3 2 2 0 0 1
+1 2 2
-1 1
+2 7 0 1 0 0 0 0 0 0 1
jump=1 +1 
* 
* 2 1
+1 4 1 2 0 0 0 0 0 0 0 0 1 1
cob=(6)
cfi=(162)
cfn=(548)
calls=1 0 
* 12 1 0 2 0 0 2 0 0 1 1
* 4 1 2 1 0 0 1 0 0 0 0 1 1
cob=(6)
cfi=(165)
cfn=(546)
calls=1 -13 
* 4 1 2 1 0 1 1 0 1
-1 6 2 0 0 0 0 0 0 0 2 1
jcnd=1/2 * 
* 
* 1
jump=1 350 
* 

fl=(95)
fn=(312)
29 1 0 0 1 0 0 1
fi=(84)
+11 3 2
-2 4 0 0 0 0 0 0 0 0 1 1
jcnd=1/1 +3 
* 
fe=(95)
-9 2 1
fi=(84)
+12 2 1 0 0 0 0 0 0 0 1 1
+1 3 1 0 1 0 0 1 0 0 1
+3 2 0 0 0 0 0 0 0 0 1
+4 3 0 0 0 0 0 0 0 0 1
+3 5
jfi=(95)
jump=1 -23 
* 
fe=(95)

fl=(208)
fn=(670)
41 430 0 258 1 0 0 1
+6 43 43
-6 129 0 129 1 0 0 1
+6 86 0 0 0 0 0 0 0 0 43 3
jcnd=43/43 +1 
* 
+7 172 86 0 1 0 0 1 0 0 86
+8 129 86 0 1 0 0 1 0 0 43 1
jcnd=1/43 +2 
* 
* 126 84 0 0 0 0 0 0 0 42
+12 129 86
+1 86 0 0 0 0 0 0 0 0 43 1
jcnd=1/43 +2 
* 
-34 86
jump=43 +48 
* 
+60 46 46 0 1 0 0 1
+6 46 46
-7 92
+1 46 46
+6 46 46
-6 92 0 0 0 0 0 0 0 0 46 17
jcnd=45/46 +16 
* 
+4 5 0 1
+2 1 0 1
cob=(3)
cfi=(153)
cfn=(698)
calls=1 0 
* 374 78 43 24 4 3 24 2 3 62 18 2 2
+1 2 1
-1 1
+1 1 0 0 1 0 0 1 0 0 1
+6 2 1 1
+1 2 1 1
+2 2 1
fi=(556) ./libio/../string/bits/string_fortified.h
-88 4 0 2
cob=(3)
cfi=(153)
cfn=(706)
calls=1 -29 
* 24 7 4 0 0 0 0 0 0 5 2 1
fe=(208)
+88 45
fi=(556)
-88 180 0 90
cob=(3)
cfi=(153)
cfn=(706)
calls=45 -29 
* 914 264 146 1 0 0 1 0 0 177 13 45
fe=(208)
+91 46 46
-2 46 0 46
+2 92 0 0 0 0 0 0 0 0 46 11
jcnd=43/46 +4 
* 
* 6 0 3
cfi=(201)
cfn=(672)
calls=3 269 
* 393 123 69 0 0 0 0 0 0 63 24 6
* 6 0 0 0 0 0 0 0 0 3
+2 6 6
-3 3
+3 3
-33 12 3 3
cob=(3)
cfi=(153)
cfn=(694)
calls=3 -89 
* 97 14 0 0 0 0 0 0 0 19 5 3
* 172 43 43 1 0 0 1
cob=(3)
cfi=(153)
cfn=(694)
calls=43 -89 
* 1685 246 0 10 16 0 10 15 0 340 55 43 1
* 46
+2 184
+1 184 0 0 1 0 0 1 0 0 46 15
jcnd=46/46 +9 
* 
fi=(211)
979 86 0 0 0 0 0 0 0 0 43 9
jfi=(208)
jcnd=43/43 130 
* 
fe=(208)
130 387 301
-82 86 0 0 2 0 0 2 0 0 43 3
jcnd=43/43 +6 
* 
+16 1 1
+1 1
-1 1 0 1
+1 1 0 1
cob=(3)
cfi=(153)
cfn=(618)
calls=1 -65 
* 192 39 18 2 0 1 2 0 1 31 12 1
* 2 1 1
+1 2 0 0 0 0 0 0 0 0 1 1
jcnd=1/1 +8 
* 
+58 129 86 43
fi=(211)
979 86 43
jump=43 * 
* 
fe=(208)
77 2 0 1 1 0 0 1
cfi=(201)
cfn=(672)
calls=1 269 
* 435 112 64 25 4 1 25 1 1 63 22 5 4
* 2 0 0 0 0 0 0 0 0 1
+5 4 2 0 1 0 0 1
jump=1 -41 
* 

fl=(131)
fn=(406)
29 1
fi=(93) ./debug/../sysdeps/x86_64/multiarch/ifunc-memmove.h
+28 3 2
-1 2 0 0 0 0 0 0 0 0 1
+4 3 1 0 0 0 0 0 0 0 1
+14 2 0 0 0 0 0 0 0 0 1
+3 2 0 0 1 0 0 1 0 0 1
+8 2 0 0 0 0 0 0 0 0 1 1
jcnd=1/1 +8 
* 
+8 2 0 0 0 0 0 0 0 0 1
jcnd=1/1 +3 
* 
+3 5 1
fe=(131)

fl=(396) ./misc/../sysdeps/unix/sysv/linux/x86_64/clone3.S
fn=(1760) clone3
42 1 0 0 1 0 0 1
+2 1
+1 1
+1 1 0 0 0 0 0 0 0 0 1
+1 1
+1 1 0 0 0 0 0 0 0 0 1
+4 1
+3 1
+5 1
+2 1
+1 1 0 0 0 0 0 0 0 0 1 1
jcnd=1/1 +23 
* 
+23 5 2 1 1 0 0 1

fl=(390)
fn=(1736)
30 2 0 0 2 0 0 1
+8 2
fi=(557) ./nptl/../sysdeps/nptl/pthreadP.h
707 4 0 0 0 0 0 0 0 0 2 2
jfi=(390)
jcnd=2/2 40 
* 
fe=(390)
40 2 0 2
+2 2
+1 2 2

fl=(89)
fn=(296)
29 3 0 0 1 0 0 1
fi=(90) ./string/../sysdeps/x86_64/multiarch/ifunc-memset.h
+25 15 6 0 0 0 0 0 0 0 3
+3 9 3 0 0 0 0 0 0 0 3
+7 6 0 0 1 0 0 1
+9 6 0 0 0 0 0 0 0 0 3
+2 6 0 0 0 0 0 0 0 0 3
+10 6 0 0 0 0 0 0 0 0 3
+8 6 0 0 0 0 0 0 0 0 3
+3 15 3
fe=(89)

fl=(158) ./misc/./misc/init-misc.c
fn=(512) __init_misc
30 1 0 0 1 0 0 1
+1 2 0 0 0 0 0 0 0 0 1 1
-1 4 0 3
+1 4 1 0 0 0 0 0 0 0 1
+2 3 0 1 1 0 0 1
cob=(3)
cfi=(153)
cfn=(514)
calls=1 -33 
* 24 3 0 3 2 0 3 0 0 3 1 1 1
+4 5 1 1 0 0 1
+1 3 2 1
+2 4 4

fl=(188)
fn=(606)
23 3 0 0 3 0 0 1
+2 6 6

fl=(391)
fn=(1798) start_thread
338 22 2 12 2 0 2 1 0 2
+7 4 2 0 0 0 0 0 0 0 2 2
jcnd=2/2 +22 
* 
+22 8 4 2 4 0 0 2
+3 2 0 2
cfi=(149)
cfn=(468)
calls=2 29 
* 34 20 6 4 1
+3 6 0 2
cfi=(393)
cfn=(1800)
calls=2 587 
* 1232 272 217 103 8 28 59 6 28 134 53 11 3
+4 2 2
fi=(411) ./nptl/../sysdeps/unix/sysv/linux/rseq-internal.h
32 4 0 0 0 0 0 0 0 0 2 1
+8 2 0 2
fe=(391)
388 10 2 0 2 0 0 1
+17 4 0 2
cfi=(167) ./setjmp/../sysdeps/x86_64/bsd-_setjmp.S
cfn=(560) _setjmp
calls=2 28 
* 76 16 22 8 0 2 0 0 2 4 1
* 2
+14 2
-14 2
+18 2 2
-4 2 0 2
+4 10 2 2 2 0 0 1 0 0 4
+3 4 0 0 0 0 0 0 0 0 2
+3 4 0 2
+2 2 2
fi=(398) ./nptl/../sysdeps/unix/sysv/linux/internal-signals.h
89 8
fe=(391)
431 2
fi=(398)
89 2
fe=(391)
433 2
+4 4 2 0 1 0 0 1 0 0 2 1
jcnd=2/2 +10 
* 
+11 2 0 2 2 0 1
+4 2 0 2
cfi=(379)
cfn=(2158)
calls=2 148 
* 342 111 63 12 3 1 3 0 0 44 8 6 4
+3 2 0 2
cfi=(441)
cfn=(2164)
calls=2 23 
* 1666 303 81 26 24 0 12 20 0 442 44 6 4
+3 2 0 2
cfi=(444) ./malloc/./malloc/thread-freeres.c
cfn=(2184) __libc_thread_freeres
calls=2 31 
* 32102 8798 5018 59 409 2 24 2 0 5963 351 4
+3 6 4 0 2 0 0 1 0 0 2
+31 4 4 2 0 0 0 0 0 0 2
+2 4 2 2 0 1 0 0 0 0 4 1
fi=(394) ./nptl/../sysdeps/unix/sysv/linux/internal-sigset.h
102 2 2
fe=(391)
508 6
fi=(394)
102 4 0 2 2 0 1 1
fe=(391)
508 6
+7 10 0 2 0 0 0 0 0 0 2
+1 4 2 2
+1 8 2 2 2 0 0 1 0 0 4 1
+35 6 4 0 0 0 0 0 0 0 2
+1 6 6 0 0 1
fi=(393)
189 2 0 2
cfi=(187)
cfn=(604)
calls=2 27 
* 12 6 0 2 1 0 0 0 0 2 1
* 2
+2 10 0 0 2 0 0 1
+1 4 0 0 0 0 0 0 0 0 2
+1 4 0 0 0 0 0 0 0 0 2 2
jcnd=2/2 +1 
* 
fe=(391)
556 2 2
fi=(558) ./nptl/../sysdeps/nptl/futex-internal.h
146 2
fe=(391)
556 4 2 0 0 0 0 0 0 0 2
+17 6 4 0 2 0 0 1 0 0 2 2
jcnd=2/2 +2 
* 
+5 6 2 2
cfi=(393)
cfn=(1800)
calls=2 +9 
* 96 38 20 10 1 0 0 0 0 8 2
* 2
jump=2 +21 
* 
447 6 6 2 3 0 0 2 0 0 0 0 2 1
cob=(6)
cfi=(383)
cfn=(1826)
calls=2 117 
* 231951632 61211367 62612523 1477503 985629 140051 2282 40 3437 21584316 433148 2166155 343950
* 2 0 0 1
jump=2 +1 
* 
575 4 2 2
cfi=(450) ./nptl/./nptl/nptl_free_tcb.c
cfn=(2206) __nptl_free_tcb
calls=2 25 
* 118 34 38 10 2 3 5 0 0 16 3
* 2
jump=2 +3 
* 
fi=(393)
194 8 0 2 2 0 0 1
cfi=(238)
cfn=(2204) madvise
calls=2 -77 
* 12 2 0 2 0 0 1 0 0 2 1
* 2
jfi=(391)
jump=2 556 
* 
fe=(391)

fn=(1740)
626 32 2 22 3 0 0 2
+6 4 2 0 0 0 0 0 0 0 2 1
jcnd=1/2 83 
* 
+13 8 2 0 1 0 0 1 0 0 2 2
jcnd=2/2 -2 
* 
-2 2 0 2
-2 2 2
fi=(393)
219 2 0 2 2 0 0 1
cfi=(187)
cfn=(604)
calls=2 27 
* 12 6 0 0 0 0 0 0 0 2
fi=(392) ./nptl/./nptl-stack.h
61 2
fi=(393)
219 4
fi=(392)
61 2 2
fi=(393)
219 2
fi=(392)
61 14 4
fi=(393)
223 2
fi=(392)
61 2 0 2
fi=(393)
223 4 0 2 1 0 0 1 0 0 2
+5 6 2 0 0 0 0 0 0 0 2
+10 4 2 0 0 0 0 0 0 0 2 1
+91 4 2
+4 4 0 2
-4 2 2
+4 2 0 0 1 0 0 1 0 0 2 2
+10 12 2
+4 4 0 0 0 0 0 0 0 0 2 2
jfi=(391)
jcnd=2/2 901 
* 
fe=(391)
897 4 2 0 1 0 0 0 0 0 2 2
jcnd=2/2 +4 
* 
+4 26 22 0 1 0 0 1 0 0 2
fi=(393)
347 8 0 0 0 0 0 0 0 0 2
+5 6 2 0 2 0 0 1
+1 2
-2 4 0 0 0 0 0 0 0 0 2
66 8 0 2 0 0 1 0 0 0 2
329 2
74 2 2
329 4 0 2
-1 4 0 2 2 0 0 1
74 6 0 0 0 0 0 0 0 0 2 2
jcnd=2/2 +25 
* 
477 6 2 0 2 0 0 1 0 0 2
+29 10 2 0 0 0 0 0 0 0 2
+26 2 0 2
fe=(391)
755 2
fi=(393)
547 2
fe=(391)
674 2 0 2
fi=(393)
558 2 2 0 2 0 0 1
-11 2
+11 2
+5 2 2
-26 2 0 2
+21 2
-11 2
fe=(391)
677 2 0 2
+12 2 2
fi=(393)
558 2
fe=(391)
683 2 2
fi=(393)
542 2 0 2 2 0 0 1
+21 2
fe=(391)
+81 2 2
fi=(393)
-97 2 0 2
fe=(391)
689 2
-6 2 0 2
+1 2 2
+1 2 0 2 0 0 2 0 0 2
+4 2
-5 2 0 2 0 0 2 0 0 2
fi=(393)
545 2 0 2 2 0 0 1
fe=(391)
688 2 2
+2 6 2
+4 2 2 0 0 1
+1 2
+8 2 2 0 0 1
-8 6
+5 4
+3 2 0 2
-3 2 0 0 2 0 0 1
-11 2 0 2 0 0 2 0 0 2
+11 2 0 2
+3 4 2 2
+5 2 2
+1 2 2
-1 2 0 2
+1 2 0 2
+4 4 2 2 2 0 0 1
+5 4 2 2
fi=(559) ./nptl/../sysdeps/x86/nptl/tls-setup.h
22 4 2 2 0 0 2 0 0 2
fe=(391)
730 4 0 0 0 0 0 0 0 0 2
+21 4 2 0 0 0 0 0 0 0 2 2
jcnd=2/2 -88 
* 
+4 4 2 2
+2 2
+10 2 2 2 2 0 0 1 0 0 2
fi=(398)
81 10
fe=(391)
772 4 0 4
fi=(398)
81 4
fe=(391)
780 6 2 0 0 0 0 0 0 0 2 2
jcnd=2/2 +11 
* 
fi=(394)
34 2 0 2 2 0 0 1
fe=(391)
609 8 2 0 0 0 0 0 0 0 2
836 12 0 2 2 0 0 1
cfn=(1756) create_thread
calls=2 236 
* 259 73 65 26 1 2 15 1 2 29 8
fi=(398)
89 6 0 0 1
fe=(391)
836 2
fi=(398)
89 6
fe=(391)
843 4 0 0 0 0 0 0 0 0 2
+40 4 2 0 0 0 0 0 0 0 2 2
+10 4 0 2 1
jump=2 +4 
* 
83 2 0 0 1 0 0 1
-2 1
+2 1
fi=(560) ./nptl/../sysdeps/unix/sysv/linux/sigsetops.h
-29 1 0 1
fe=(391)
+27 1 0 1
+1 1 0 1
+1 1 0 1 1 0 0 1
cfi=(183)
cfn=(596)
calls=1 -40 
* 52 15 13 5 0 0 0 0 0 4 1
+7 2
fi=(560)
+14 1
fe=(391)
-14 1
fi=(560)
+14 1 0 1
fe=(391)
-14 3
638 1 1
-3 1 0 1
+3 2 0 1 1 0 0 1
jump=1 +7 
* 
791 4 2 2 2 0 2 1 0 2
fi=(394)
102 2 0 0 1 0 0 1
+1 2
jump=2 -69 
* 
fi=(393)
-4 8 2 2 2 0 0 1 0 0 4
366 22 2 6 2 0 0 1
cfi=(237)
cfn=(794)
calls=2 47 
* 52 8 6 4 0 0 0 0 0 8 4
+3 6 4
-3 2 0 2
+3 2 0 0 0 0 0 0 0 0 2
+5 8 2 0 2 1 0 1 1 0 2
+6 4 2 0 0 0 0 0 0 0 2
+5 4 2
+1 2
+9 4 0 0 0 0 0 0 0 0 2
170 4 4
-4 6 0 4 2 0 0 1
+4 2 0 2
cfi=(238)
cfn=(796)
calls=2 -53 
* 12 2 0 1 0 0 0 0 0 2
* 8 4 0 0 0 0 0 0 0 2
407 2 2
+1 2 0 2 0 0 2 0 0 2
+21 2
-18 2 0 2
-4 2 0 2 2 0 0 1
+9 4 0 2 0 0 2 0 0 2
+3 2 0 2 0 0 2 0 0 2
+7 2 0 2 0 0 2 0 0 2
-18 2 0 2
+3 2 0 2
+18 2 0 2
cob=(3)
cfi=(153)
cfn=(1746)
calls=2 0 
* 1336 286 198 63 2 18 9 1 18 226 53 10 4
* 8 4 0 2 0 0 1 0 0 2 2
jcnd=2/2 +13 
* 
fe=(391)
663 2 0 2 2 0 0 1
+89 2 0 2
cfi=(201)
cfn=(1752)
calls=2 518 
* 27 8 4 4 0 3 1 0 0 6 2
* 4 2 0 2 0 0 1
jump=2 +3 
* 
fi=(393)
442 8 0 2 2 0 0 1 0 0 2
+3 14 0 8 2 0 0 1
cfi=(389)
cfn=(1750) __nptl_stack_list_add
calls=2 43 
* 28 6 10 4 0 2 2 0 2
+2 12 6 2 0 0 0 0 0 0 4
+7 10 4 0 2 0 0 1 0 0 4 1
-88 4 0 2
jump=2 477 
* 
fe=(391)

fn=(1756)
236 24 0 12 2 0 0 2
+4 10 4 2 0 0 0 0 0 0 2 2
jcnd=2/2 +4 
* 
+4 4 2 0 4 0 0 2 0 0 2
+3 4 2 2
+1 4 0 0 0 0 0 0 0 0 2
+42 2
-3 2
+10 2
-10 2 0 2
+10 4
-10 18 0 18 2 0 0 1
+10 2 0 2
cfi=(395) ./misc/../sysdeps/unix/sysv/linux/clone-internal.c
cfn=(1758) __clone_internal
calls=2 97 
* 143 45 25 14 1 2 8 1 2 15 3
+1 4 0 0 0 0 0 0 0 0 2 1
+5 2 0 2
+6 4 0 0 2 0 0 1 0 0 2 2
jcnd=2/2 +12 
* 
+12 4 2 0 0 0 0 0 0 0 2
+11 2
+1 22 18 0 2 0 0 1 0 0 2

fl=(138)
fn=(428)
33 1
fi=(99)
+24 3 2
-1 2 0 0 0 0 0 0 0 0 1
+4 3 1 0 1 0 0 1 0 0 1
+14 2 0 0 0 0 0 0 0 0 1
+3 2 0 0 0 0 0 0 0 0 1
+8 2 0 0 0 0 0 0 0 0 1 1
jcnd=1/1 +8 
* 
+8 2 0 0 1 0 0 1 0 0 1 1
jcnd=1/1 +3 
* 
+3 5 1 0 1 0 0 1
fe=(138)

fl=(227)
fn=(766)
158 1207 0 0 1194 0 0 1
+1 2414
+5 1207
+1 1207 0 0 0 0 0 0 0 0 1207 9
jcnd=1202/1207 337 
* 
+1 5
+1 5
+1 5 0 0 0 0 0 0 0 0 5 5
jcnd=5/5 +69 
* 
+69 5 5 0 3 0 0 1
+1 5 0 0 0 0 0 0 0 0 5
+6 5 0 5 0 0 1 0 0 1
+1 5 0 5 0 0 3 0 0 3
+12 5
+3 5
+1 5 0 0 0 0 0 0 0 0 5
+12 5 0 5 0 0 1 0 0 1
+1 5 0 5 0 0 2 0 0 2
+13 5
+1 5
+2 5 0 0 0 0 0 0 0 0 5 3
jcnd=3/5 +18 
* 
+3 2
+3 2
+3 2 0 2 2
+1 2 0 2
+1 2 0 2 0 0 2 0 0 2
+1 2 0 2
+1 2
+1 2
+1 4 0 0 0 0 0 0 0 0 2
+3 2 0 2
+1 2 0 2 0 0 2 0 0 2
+1 2 0 2
+1 2 0 2
+3 4 2
-6 3 0 3 2 0 0 1
+1 3 0 3
+1 3 0 3
+1 3 0 3
+3 6 3
+23 1202 0 0 1195 0 0 1
+9 1202
+1 1202 0 0 0 0 0 0 0 0 1202 5
jcnd=6/1202 +31 
* 
+5 1196
+1 1196 0 0 0 0 0 0 0 0 1196 1
jcnd=1/1196 +36 
* 
+1 1195
+1 1195 0 0 0 0 0 0 0 0 1195 3
jcnd=1195/1195 +48 
* 
+23 6 0 6 4 0 0 1
+1 6 0 6
+1 6 6
+9 1 0 1
+1 1 0 1
+5 1 1
+8 1195 0 1195 1190
+1 1195 0 1195
+5 1195 1195

fl=(94)
fn=(308)
29 1 0 0 1 0 0 1
fi=(93)
+28 3 2 0 1 0 0 1
-1 2 0 0 0 0 0 0 0 0 1
+4 3 1 0 0 0 0 0 0 0 1
+14 2 0 0 0 0 0 0 0 0 1
+3 2 0 0 0 0 0 0 0 0 1
+8 2 0 0 0 0 0 0 0 0 1 1
jcnd=1/1 +8 
* 
+8 2 0 0 1 0 0 1 0 0 1
jcnd=1/1 +3 
* 
+3 5 1 0 2 0 0 2
fe=(94)

fl=(399)
fn=(1780)
25 2 0 0 2 0 0 1
+4 10 2 0 0 0 0 0 0 0 4
+7 6 0 2 0 0 0 0 0 0 2
+12 4 2 0 0 0 0 0 0 0 2
-15 2
+21 2 2

fl=(125)
fn=(382)
29 1 0 0 1 0 0 1
fi=(118)
+9 2 2
+1 1 1
-1 2 0 0 0 0 0 0 0 0 1
+1 2 0 0 1 0 0 1 0 0 1
+3 2 0 0 0 0 0 0 0 0 1
+4 3 0 0 0 0 0 0 0 0 1
+3 3 0 0 0 0 0 0 0 0 1 1
jfi=(125)
jcnd=1/1 -20 
* 
fe=(125)
-20 1 1

fl=(92)
fn=(304)
29 1 0 0 1 0 0 1
fi=(93)
+28 3 2 0 1 0 0 1
-1 2 0 0 0 0 0 0 0 0 1
+4 3 1 0 0 0 0 0 0 0 1
+14 2 0 0 0 0 0 0 0 0 1
+3 2 0 0 0 0 0 0 0 0 1
+8 2 0 0 0 0 0 0 0 0 1 1
jcnd=1/1 +8 
* 
+8 2 0 0 1 0 0 1 0 0 1 1
jcnd=1/1 +3 
* 
+3 5 1 0 2 0 0 2
fe=(92)

fl=(212) ./io/../sysdeps/unix/sysv/linux/read_nocancel.c
fn=(692) __read_nocancel
25 4 0 0 1 0 0 1
+1 16 0 0 0 0 0 0 0 0 4
+1 4 4

fl=(210) ./io/../sysdeps/unix/sysv/linux/fstat64.c
fn=(682) fstat
30 1 0 0 1 0 0 1
+9 4 0 0 1 0 0 1 0 0 1
+33 1 1

fl=(405)
fn=(1812)
27 6 0 0 1 0 0 1
+1 18 6 0 0 0 0 0 0 0 6
-1 42 0 30 0 0 2 0 0 2
+4 12 0 0 0 0 0 0 0 0 6 1
jcnd=2/6 +13 
* 
* 8
+2 8 4
jump=4 * 
* 
+3 4
fi=(555)
-7 4
fe=(405)
+8 8
fi=(555)
-8 4
fe=(405)
+12 4
fi=(555)
-12 4 0 4
cob=(3)
cfi=(153)
cfn=(706)
calls=4 -29 
* 60 16 8 2 0 0 0 0 0 12 7 4
fe=(405)
+11 12 4 4
-9 8 0 0 0 0 0 0 0 0 4 4
jcnd=4/4 +13 
* 
+2 12 4 0 1 0 0 1 0 0 4 3
jcnd=4/4 +3 
* 
+11 36 36 0 1 0 0 1

fl=(214)
fn=(708)
255 130124 0 0 302 0 0 1
+1 130124
+6 130124
+1 130124 0 0 0 0 0 0 0 0 130124 8479
jcnd=104679/130124 +42 
* 
+2 25445 25445 0 0 57 0 0 1
+1 25445
+1 25445 0 0 0 0 0 0 0 0 25445 5071
jcnd=12727/25445 386 
* 
+3 12718 12718
+1 12718 0 12718 0 0 1084 0 0 12
+1 12718 0 12718 0 0 77 0 0 2
+3 25436 12718
+30 104679
+1 104679 0 0 0 0 0 0 0 0 104679 2306
jcnd=2974/104679 +36 
* 
+2 101705
+1 101705 0 0 0 0 0 0 0 0 101705 3755
jcnd=3599/101705 +55 
* 
+2 98106
+4 98106 0 0 0 0 0 0 0 0 98106 7250
jcnd=10738/98106 +16 
* 
+1 87368 0 0 794
+1 87368 0 0 0 0 0 0 0 0 87368 10
jcnd=1199/87368 +8 
* 
+1 86169 86169 0 0 19627
+1 86169 0 0 0 0 0 0 0 0 86169 807
jcnd=85763/86169 +4 
* 
+1 406 406
+1 406 0 406
+2 406 0 406
+2 406 406
-2 85763 0 85763 0 0 569
+2 86962 86962
+6 10738 10738 0 15 595 0 1 3
+1 10738 10738
+1 10738 0 10738 0 0 1 0 0 1
+1 10738 0 10738
+1 10738 10738
+7 2974 2974 0 0 207 0 0 1
+1 2974 2974
+1 2974 0 2974 0 0 34 0 0 17
+1 2974 0 2974 0 0 67 0 0 22
+2 2974 2974
+17 3599 3599 0 661 309 0 0 8
+1 3599 3599
+1 3599 0 3599
+1 3599 0 3599
+1 3599 3599
+7 11801 11801 0 555 0 0 1
+1 11801 11801
+1 11801 0 11801 0 0 838 0 0 6
+1 11801 0 11801 0 0 456 0 0 5
+1 11801 0 11801 0 0 48 0 0 4
+1 11801 0 11801
+1 23602 11801
+5 12727 12727 0 1430 867 0 1
+1 12727 0 0 0 0 0 0 0 0 12727 16
jcnd=26/12727 601 
* 
+5 12701
+1 12701 0 0 0 0 0 0 0 0 12701 609
jcnd=490/12701 +24 
* 
+2 12211 12211
+1 12211
+1 12211 0 0 0 0 0 0 0 0 12211 418
jcnd=11801/12211 -22 
* 
+2 410 410
+1 410 410
+1 410 410
+1 410 410
+1 410 410
+1 410 410 0 404 0 0 1
+1 410 0 410 0 0 23 0 0 14
+1 410 0 410 0 0 164 0 0 18
+1 410 0 410 0 0 154 0 0 15
+1 410 0 410 0 0 165 0 0 20
+1 410 0 410 0 0 91 0 0 11
+1 410 0 410
+1 410 0 410
+1 410 0 410
+1 820 410
+4 490 0 0 201
+1 490
+4 490
+2 490 0 0 490 0 0 1 0 0 490
+4 490 490 0 0 305
+1 490 0 0 0 0 0 0 0 0 490
+11 490
+3 490
+2 490
+2 490
+4 490
+1 490 0 0 0 0 0 0 0 0 490 8
jcnd=8/490 +66 
* 
+9 482 482
+1 482 482
+2 482
+2 482
+1 482 482 0 343 0 0 1
+1 482 482
+3 482
+2 482
+2 482
+2 964
+6 482 482 0 0 54
+1 482 482 0 0 59
+1 482 482 0 0 57
+1 482 482 0 0 56
+1 482
+1 482 0 482 0 0 152 0 0 24
+1 482 0 482 0 0 195 0 0 25
+1 482 0 482 482 0 190 1 0 16
+1 482 0 482 0 0 191 0 0 22
+1 482
+1 482
+1 482 0 0 0 0 0 0 0 0 482 193
jcnd=194/482 -11 
* 
-11 5816 5816 0 0 1503
+1 5816 5816 0 0 1598
+1 5816 5816 0 0 1466
+1 5816 5816 0 0 1563
+1 5816
+1 5816 0 5816 0 0 2717 0 0 366
+1 5816 0 5816 0 0 2750 0 0 378
+1 5816 0 5816 0 0 2720 0 0 381
+1 5816 0 5816 0 0 2750 0 0 393
+1 5816
+1 5816
+1 5816 0 0 0 0 0 0 0 0 5816 183
jcnd=5622/5816 -11 
* 
+2 482 0 482 0 0 407 0 0 107
+1 482 0 482 0 0 152 0 0 23
+1 482 0 482
+1 482 0 482
+2 482 0 482
+4 964 482
+13 8 8 0 8 4
+1 8 8 0 0 3
+2 8 0 0 8 0 0 1
+1 8 8 0 0 4
+1 8 8
+2 8
+2 8
+2 16
+6 8 8
+1 8 8
+1 8 8
+1 8 8
+1 8
+1 8 0 8 0 0 8 0 0 4
+1 8 0 8 8 0 5 1 0 1
+1 8 0 8 0 0 3 0 0 3
+1 8 0 8 0 0 5 0 0 1
+1 8
+1 8
+1 8 0 0 0 0 0 0 0 0 8 2
jcnd=8/8 -11 
* 
-11 269 269 0 0 21
+1 269 269 0 0 100
+1 269 269 0 0 23
+1 269 269 0 0 98
+1 269
+1 269 0 269 0 0 73 0 0 31
+1 269 0 269 0 0 187 0 0 35
+1 269 0 269 0 0 72 0 0 35
+1 269 0 269 0 0 185 0 0 31
+1 269
+1 269
+1 269 0 0 0 0 0 0 0 0 269 20
jcnd=261/269 -11 
* 
+2 8 0 8 0 0 2 0 0 1
+1 8 0 8
+1 8 0 8 0 0 2 0 0 1
+1 8 0 8
+2 8 0 8 0 0 3 0 0 3
+1 16 8
+9 26 26 0 26 17 0 1
+7 26
+1 26 0 0 0 0 0 0 0 0 26 3
jcnd=25/26 +77 
* 
+6 1
+3 1
+2 1
+3 1
+1 1
+2 1
+2 1 1 1 0 0 0 0 0 0 1 1
jcnd=1/1 * 
* 
* 8264 8263 8263 0 95 129 0 0 4 8264 8
jcnd=8263/8264 * 
* 
+2 1 0 1
+2 1 0 1
+2 2 1
+5 26 0 0 26 0 0 1
+1 26
+4 26
+2 26 0 0 0 0 0 0 0 0 26
+3 26
+4 26 26 0 0 6
+1 26 0 0 0 0 0 0 0 0 26
+4 26 26
+4 26 0 0 0 0 0 0 0 0 26 2
jcnd=26/26 -61 
* 
+24 25
+2 25
+2 25
+2 25 0 0 25 0 0 1
+3 25
+1 25
+2 25 25 25 0 0 23 0 0 2 25 2
jcnd=25/25 * 
* 
* 224504 224479 224479 0 2769 3492 0 0 402 224504 35
jcnd=224479/224504 * 
* 
+3 25 0 25
+2 25 0 25
+2 50 25

fl=(449) ./dlfcn/./dlfcn/libc_dlerror_result.c
fn=(2194) __libc_dlerror_result_free
29 10 0 4 2 0 0 1
+1 8 4 0 0 1 0 0 0 0 2 2
jcnd=2/2 +9 
* 
+9 6 6 0 2 0 0 1

fl=(85)
fn=(288)
29 1 0 0 1 0 0 1
fi=(552)
+7 5 2 0 1 1 0 1
fe=(85)
-7 1 1

fl=(418)
fn=(1874)
23 2 0 0 2 0 0 1
+5 4 2 2
+3 4 2

fl=(115)
fn=(358)
29 1 0 0 1 0 0 1
fi=(552)
+7 5 2
fe=(115)
-7 1 1

fl=(137)
fn=(424)
31 1 0 0 1 0 0 1
fi=(97)
+9 3 2
-1 4 0 0 1 0 0 1 0 0 1 1
jcnd=1/1 +2 
* 
+2 3 1 0 0 0 0 0 0 0 1
+3 2 0 0 0 0 0 0 0 0 1
+4 4
fi=(561) ./wcsmbs/../sysdeps/x86_64/multiarch/wcpncpy.c
-17 1 1
fe=(137)

fl=(179)
fn=(586)
30 2 0 1 1 0 0 1
+4 1
-4 5 1 1 1 0 0 1
+4 4 0 0 0 0 0 0 0 0 2
fi=(180)
+19 1
fe=(179)
-18 2 0 0 0 0 0 0 0 0 1
fi=(181) ./signal/../sysdeps/unix/sysv/linux/sigsetops.h
+67 1
fe=(179)
-61 1 0 1
+4 2
fi=(181)
+57 1
+2 1 0 1
-8 1 1 0 0 1
fe=(179)
-52 4 0 1 1 0 0 1
+1 1 0 1
cfi=(182)
cfn=(592)
calls=1 -19 
* 84 26 24 7 0 2 7 0 1 7 1
* 1
+3 1 1
-3 2 0 0 0 0 0 0 0 0 1 1
+4 5 4 0 0 0 0 0 0 0 1

fl=(380)
fn=(1694)
77 6 0 0 2 0 0 1
+3 18 6 0 0 1 0 0 1
+2 6
+2 12 0 0 0 0 0 0 0 0 6
-7 24 0 12
+11 12 0 0 0 0 0 0 0 0 6 5
jcnd=6/6 +9 
* 
+91 6 6 0 2 0 0 1
+3 6 0 6 2 0 0 1
+2 6 0 6
+3 6
-63 6
+66 18 18
-93 12 0 0 1 0 0 1 0 0 6
+11 24 6 0 0 0 0 0 0 0 6
+4 6 6
+3 12 6 0 0 0 0 0 0 0 6 5
jcnd=6/6 -71 
* 
-71 6 6 0 1 0 0 1
+1 24 6 0 0 0 0 0 0 0 12 2
jcnd=4/6 +3 
* 
* 6 2 0 1 0 0 1 0 0 2
+1 2 0 2
+84 18 6 0 0 0 0 0 0 0 6
+1 12 0 6
jump=6 +48 
* 
-83 16 0 4 0 0 0 0 0 0 4 2
jcnd=4/4 +82 
* 

fl=(120)
fn=(370)
31 1 0 0 1 0 0 1
fi=(84)
+9 3 2
-2 4 0 0 0 0 0 0 0 0 1
jcnd=1/1 +3 
* 
fe=(120)
-7 2 1
fi=(84)
+10 2 1 0 1 0 0 1 0 0 1
+1 3 1 0 0 0 0 0 0 0 1
+3 2 0 0 0 0 0 0 0 0 1
+4 3 0 0 0 0 0 0 0 0 1
+3 5
jfi=(120)
jump=1 -21 
* 
fe=(120)

fl=(134)
fn=(418)
29 1 0 0 1 0 0 1
fi=(135) ./string/../sysdeps/x86_64/multiarch/ifunc-evex.h
+9 3 2 0 1 0 0 1
-1 4 0 0 0 0 0 0 0 0 1 1
jcnd=1/1 +2 
* 
+2 3 1 0 0 0 0 0 0 0 1
+6 2
-3 2 0 0 0 0 0 0 0 0 1
+9 3 0 0 0 0 0 0 0 0 1
+3 4
fe=(134)
-25 1 1

fl=(237)
fn=(794)
47 6 0 0 3 0 0 1
+3 12 0 0 0 0 0 0 0 0 6
-3 36 0 18
+6 12 0 0 0 0 0 0 0 0 6 5
jcnd=6/6 * 
* 
+5 36 0 0 2 0 0 1 0 0 6
+2 24 24
-7 30 0 0 2 0 0 1 0 0 6 5
jcnd=6/6 +5 
* 

fl=(323)
fn=(1326)
28 1 0 0 1 0 0 1
+1 4 0 0 0 0 0 0 0 0 1
+2 1 1

fl=(413)
fn=(1838)
25 2 0 0 1 0 0 1
+2 6
+2 2 2 0 0 1 0 0 1
+2 4 0 0 0 0 0 0 0 0 2
-2 1 1
+2 8 0 0 0 0 0 0 0 0 4 2
jcnd=2/3 +2 
* 
-4 4 0 0 0 0 0 0 0 0 1 1
jcnd=1/1 +2 
* 
+6 6 0 2 1 0 0 1 0 0 2
+4 6 0 2
+6 2
-3 2 0 2
+3 2 2

fl=(169)
fn=(564)
28 18 0 6
+2 6 0 0 0 0 0 0 0 0 3
-1 3 0 3
+5 12 9

fl=(213)
fn=(696)
61 46 0 0 1 0 0 1
+7 46
+2 46 0 0 0 0 0 0 0 0 46
+3 46
+1 46
+2 46
+1 46
+1 46
+1 46 0 0 0 0 0 0 0 0 46 2
+3 46 46 0 0 6 0 0 6
+1 46
+3 46
+1 46 0 0 0 0 0 0 0 0 46 1
jcnd=1/46 +14 
* 
+2 45
+1 45 0 0 0 0 0 0 0 0 45 3
jcnd=44/45 +71 
* 
+1 1
+1 1
+2 2 1
+7 1
+5 1
+7 1
+1 1 0 0 0 0 0 0 0 0 1 1
jcnd=1/1 +14 
* 
+7 6
+1 6
+1 6
+1 12 6
+4 1
+1 1 1
+4 6
+1 6
+1 6
+1 12 6
+4 10 0 0 1 0 0 1
+1 10
+1 10
+1 20 10
+5 15
+1 15
+1 15
+1 30 15
+10 44 0 0 1 0 0 1
+1 44
+1 44
+2 44
+10 44 44 0 0 1 0 0 1
+1 44
+3 44
+1 44 0 0 0 0 0 0 0 0 44 9
jcnd=7/44 +77 
* 
+2 37
+1 37 0 0 0 0 0 0 0 0 37 10
jcnd=6/37 -62 
* 
+2 31 31 0 0 1 0 0 1
+1 31
+1 31
+1 31 0 0 1 0 0 1 0 0 31 7
jcnd=6/31 -55 
* 
+2 25 25 0 0 6 0 0 6
+1 25
+1 25
+1 25 0 0 0 0 0 0 0 0 25 15
jcnd=10/25 -53 
* 
+2 15 15
+1 15
+1 15
+1 15 0 0 0 0 0 0 0 0 15 2
jcnd=15/15 -50 
* 
+59 7 0 0 1 0 0 1
+1 7 0 0 0 0 0 0 0 0 7 2
jcnd=2/7 +52 
* 
+3 5
+1 5 0 0 0 0 0 0 0 0 5 3
jcnd=4/5 366 
* 
+4 1
+1 1 0 0 0 0 0 0 0 0 1 1
jcnd=1/1 +11 
* 
+11 2 1
+32 2 0 0 1 0 0 1
+2 2
+2 2
+1 2 0 0 0 0 0 0 0 0 2
+1 2
+1 2
+1 4 2
+20 1 0 0 1 0 0 1
+4 1
+2 1
+1 2 1
+21 4 4 0 1 0 0 1
+1 4
+1 4
+1 4 0 0 0 0 0 0 0 0 4 1
jcnd=1/4 -31 
* 
+2 3 3 0 0 1 0 0 1
+1 3
+3 3
+1 3
+3 3
+1 3 0 0 0 0 0 0 0 0 3 2
jcnd=2/3 +21 
* 
+4 1
+1 1 0 0 0 0 0 0 0 0 1 1
jcnd=1/1 +12 
* 
+12 2 1
+4 2 0 0 1 0 0 1
+1 2
+1 2
+1 4 2

fl=(427)
fn=(1936)
38 48 6 18 3 0 0 1
+4 30 0 18
+6 24 0 0 0 0 0 0 0 0 12 1
+3 6 0 6 3 0 0 1
cfi=(428) ./io/../sysdeps/unix/sysv/linux/fcntl_nocancel.c
cfn=(1938) __fcntl64_nocancel_adjusted
calls=6 * 
* 108 30 12 6 0 0 2 0 0 18 1
+1 30 24 0 0 0 0 0 0 0 6 1

fl=(119)
fn=(366)
31 1 0 0 1 0 0 1
fi=(114) ./string/../sysdeps/x86_64/multiarch/ifunc-strcasecmp.h
+6 2 2 0 1 0 0 1
-1 4 0 0 0 0 0 0 0 0 1 1
jcnd=1/1 +2 
* 
fe=(119)
-5 2 1
fi=(114)
+7 3 1 0 1 0 0 1 0 0 1
+3 2 0 0 0 0 0 0 0 0 1
+4 3 0 0 0 0 0 0 0 0 1
+3 4 0 0 0 0 0 0 0 0 1
jfi=(119)
jump=1 -17 
* 
fe=(119)

fl=(409)
fn=(1820)
25 2 0 0 2 0 0 1
+1 6 2 0 0 0 0 0 0 0 2
+5 4 4 0 2 0 0 1
+2 24 2 0 0 0 0 0 0 0 6
+7 2 2

fl=(410)
fn=(1822)
33 35 0 20 6 0 0 2
+2 25 10 5 0 1 3 0 0 3 5 1
jcnd=1/5 +14 
* 
+14 48 35 0 1 0 0 1 0 0 5 1
-9 4 0 1
cob=(3)
cfi=(153)
cfn=(476)
calls=1 -40 
* 26 5 1 2 1 0 0 0 0 3 2 1
* 3 1 0 0 0 0 0 0 0 1 1
jcnd=1/1 +7 
* 
+7 1 0 1
+1 1
jump=1 +1 
* 

fl=(193) ./libio/./libio/iofopen.c
fn=(616) fopen@@GLIBC_2.2.5
85 7 0 3 1 0 0 1
-20 1
+20 2 0 2
-20 1 0 1
cob=(3)
cfi=(153)
cfn=(618)
calls=1 -65 
* 1822 199 317 66 26 46 66 13 45 342 63 13 1
+2 3 0 0 0 0 0 0 0 0 1
+3 1
+2 2
-2 1 0 1 0 0 1 0 0 1
+2 5 0 1 1 0 0 1
cfi=(201)
cfn=(644)
calls=1 563 
* 56 9 28 4 1 4 4 1 4 2
+1 1
+1 1
-1 1 0 1
+1 1 0 1
cfi=(202)
cfn=(648) _IO_new_file_init_internal
calls=1 +32 
* 102 31 32 14 1 0 14 0 0 10 3
+1 5 0 1 1 0 0 1
cfi=(202)
cfn=(656) _IO_file_fopen@@GLIBC_2.2.5
calls=1 213 
* 244 53 35 23 5 0 23 5 0 31 8 3 3
* 2 0 0 0 0 0 0 0 0 1
-38 2 1 0 0 0 0 0 0 0 1 1
jcnd=1/1 +50 
* 
+50 7 6 0 1 0 0 1

fl=(183)
fn=(596)
43 48 6 12 2 0 0 1
+5 12 0 0 0 0 0 0 0 0 6 2
jcnd=2/6 +10 
* 
+2 4 4
fi=(562) ./signal/../string/bits/string_fortified.h
-21 4 4
fe=(183)
+29 4
fi=(562)
-29 8 8 0 2 0 0 1
fe=(183)
+21 4 0 4
+3 4 4
fi=(562)
-24 12 8 4
fe=(183)
+24 4
fi=(562)
-24 12 8 4
fe=(183)
+24 8 0 4 2 0 0 1
fi=(562)
-24 4 4
fe=(183)
+29 4
-5 4 0 4
+5 12
fi=(562)
-29 24 0 24 2 0 0 1
fe=(183)
+29 36 0 0 0 0 0 0 0 0 6
+5 12 0 0 0 0 0 0 0 0 6 2
jcnd=3/6 +8 
* 
* 6 0 0 0 0 0 0 0 0 3 1
+2 3 3
fi=(562)
-36 15 15 0 1 0 0 1
fe=(183)
+36 3 0 3 0 0 1
fi=(562)
-36 9 6 3
fe=(183)
+38 3 3
fi=(562)
-38 9 3 6 0 0 1 0 0 1
fe=(183)
+38 3 0 3 1 0 0 1
+1 3 3
fi=(562)
-39 3 0 3
fe=(183)
+39 3 0 3
fi=(562)
-39 12 0 12
fe=(183)
+42 36 24 0 1 0 0 0 0 0 6
-13 6 0 0 1 0 0 1 0 0 2 2
jcnd=2/2 * 
* 

fl=(274)
fn=(938)
206 4 0 0 2 0 0 1
+24 4
+5 4 0 0 0 0 0 0 0 0 4
+14 4
+25 4
+1 4
+1 4
+2 4
+1 4 0 0 1 0 0 1 0 0 4
+4 4 4
+4 4 4 0 0 2
+2 4
+2 4
+3 4
+2 4
+1 4 0 0 0 0 0 0 0 0 4 2
jcnd=4/4 +34 
* 
+11 3
+10 3 3
+1 3 3
+3 3
+4 6 3
+5 4
+1 4
+1 4 0 0 0 0 0 0 0 0 4 3
jcnd=3/4 -25 
* 
+4 1
+1 2 1 0 1 0 0 1

fl=(385)
fn=(1726)
37 6 0 2 1 0 0 1
+3 4 3 1
cfi=(387) ./elf/./elf/dl-sym.c
cfn=(1728) _dl_sym
calls=1 194 
* 780 222 85 41 14 1 8 4 0 117 21 3 2
* 1 0 1
+1 3 3

fn=(1722)
64 6 0 3 1 0 0 1
+1 6 3 1 1 0 0 1 0 0 1 1
jcnd=1/1 -13 
* 
-13 1 1
+16 1 1
-20 1 0 1
+1 1 0 1 1 0 0 1
+3 1
-5 1 0 1
+5 1 0 1
cfi=(380)
cfn=(1694)
calls=1 +25 
* 44 12 6 0 0 0 0 0 0 9 2
+2 3 0 1
cfi=(386) ./dlfcn/./dlfcn/dlerror.c
cfn=(1724) _dlerror_run
calls=1 +59 
* 929 267 128 56 17 1 15 4 0 125 26 5 4
* 3 1 0 0 0 0 0 0 0 1
+2 2 0 1
cfi=(382)
cfn=(1700)
calls=1 367 
* 34 8 5 0 0 0 0 0 0 8 3
+13 9 6 0 1 0 0 1 0 0 1

fl=(463)
fn=(2334)
30 1 0 0 1 0 0 1
+8 2 2 0 0 1
+2 2 0 0 0 0 0 0 0 0 1 1
jcnd=1/1 +28 
* 
+28 2
+1 2 0 0 1 0 0 1 0 0 1
-25 2 1

fl=(415)
fn=(1842)
25 1
+3 2 0 0 0 0 0 0 0 0 1
+2 5 1
+2 2 0 0 1 0 0 1 0 0 1
+1 4 0 1 0 0 0 0 0 0 1
+3 1
+4 1 1

fl=(320)
fn=(1314)
25 2 0 0 1 0 0 1
+1 12 2 0 0 0 0 0 0 0 4
+1 2 2

fl=(416)
fn=(1844)
25 16 0 10 2 0 0 1
+7 2 2
+4 4 0 0 0 0 0 0 0 0 2
+3 10 2 0 2 0 0 1
+2 2
-2 6 0 0 0 0 0 0 0 0 2
+4 6
+3 4 0 0 0 0 0 0 0 0 2
+35 2 0 2
+5 2
+1 2 0 2 2 0 0 1
-1 2 0 2
-20 2
+24 14 12

fl=(428)
fn=(1938)
51 42 6 12 3 0 0 1
+1 12 0 0 0 0 0 0 0 0 6
+11 24 0 0 3 0 0 1 0 0 6 1
+1 30 24 0 0 0 0 0 0 0 6

fl=(444)
fn=(2184)
31 6 0 2 2 0 0 1
+2 2 0 2
cfi=(445) ./sunrpc/./sunrpc/rpc_thread.c
cfn=(2186) __rpc_thread_destroy
calls=2 -12 
* 26 12 6 6 0 0 3 0 0 2 2
+2 2 0 2
cfi=(446) ./resolv/./resolv/res-close.c
cfn=(2188) __res_thread_freeres
calls=2 +96 
* 82 34 24 10 3 0 5 2 0 4 2
+1 2 0 2
cfi=(448) ./string/../sysdeps/unix/sysv/linux/tls-internal.c
cfn=(2192) __glibc_tls_internal_free
calls=2 -12 
* 48 18 6 5 1 0 2 0 0 4 4 4
+1 2 0 2
cfi=(449)
cfn=(2194)
calls=2 -8 
* 24 10 4 4 1 0 2 0 0 2 2
+5 2 2
-1 2 0 0 2 0 0 1
cfi=(195) ./malloc/./malloc/arena.c
cfn=(2196) __malloc_arena_thread_freeres
calls=2 893 
* 31904 8722 4968 30 404 2 10 0 0 5951 341

fl=(100)
fn=(390)
31 1 0 0 1 0 0 1
fi=(97)
+9 3 2
-1 4 0 0 0 0 0 0 0 0 1 1
jcnd=1/1 +2 
* 
+2 3 1 0 0 0 0 0 0 0 1
+3 2 0 0 0 0 0 0 0 0 1
+4 4
fe=(100)
-17 1 1

fn=(324)
31 2 0 0 1 0 0 1
fi=(101) ./wcsmbs/../sysdeps/x86_64/multiarch/ifunc-avx2.h
+9 6 4
-2 8 0 0 1 0 0 1 0 0 2 2
jcnd=2/2 +3 
* 
fi=(102) ./wcsmbs/../sysdeps/x86_64/multiarch/wcschr.c
-7 4 2
fi=(101)
+10 4 2 0 0 0 0 0 0 0 2
+1 6 2 0 0 0 0 0 0 0 2
+3 4 0 0 0 0 0 0 0 0 2
+4 6 0 0 0 0 0 0 0 0 2
+3 10 0 0 1 0 0 1
jfi=(102)
jump=2 -21 
* 
fe=(100)

fl=(191)
fn=(612)
32 10 0 5 2 0 0 1
fi=(192) ./nptl/../string/bits/string_fortified.h
+27 5
fe=(191)
-27 20 0 5
fi=(192)
+27 20 0 20
fe=(191)
-13 5 0 5
cfi=(187)
cfn=(604)
calls=5 -19 
* 30 15 0 2 0 0 0 0 0 5
* 10 0 5
+3 20 15

fl=(382)
fn=(1700)
367 6 0 0 1 0 0 1
51 18 6
+1 12 0 0 0 0 0 0 0 0 6
367 18 0 6
57 12 0 0 0 0 0 0 0 0 6 5
jcnd=6/6 +17 
* 
+8 6 0 6
-3 6 0 6
-23 6 6
+1 24 6 0 1 0 0 1 0 0 12 2
jcnd=4/6 +3 
* 
+1 2 0 2
+29 2
+2 2
369 4 4
70 4
+2 4
369 8 8
43 16 4 4 0 0 0 0 0 0 8 2
jcnd=4/4 +27 
* 
+31 12 0 0 2 0 0 1 0 0 6 4
jcnd=6/6 +6 
* 
+6 24 6 0 0 0 0 0 0 0 6 3
+4 18 12 0 0 0 0 0 0 0 6 4
jcnd=6/6 +3 
* 
+3 12 0 6 1 0 0 1 0 0 6 1
jcnd=6/6 -22 
* 

fl=(466)
fn=(2374)
24 1192 0 0 1192 0 0 1
+4 1192 1192
-4 1192
+4 1192 0 0 0 0 0 0 0 0 1192 3
jcnd=1192/1192 -4 
* 
-4 8344 0 5960 1192 0 0 1
+4 2384 0 2384
cfi=(400)
cfn=(1794)
calls=1192 +3 
* 21456 3576 1192 1586 479 0 0 0 0 3576
* 16688 4768 2384 0 0 0 0 0 0 1192
cfi=(400)
cfn=(1974)
calls=1192 +35 
* 17880 3576 1192 1586 0 0 0 0 0 3576 1191
* 1192 1192 0 1192 0 0 1
+4 3576 3576

fl=(166)
fn=(558)
29 4 0 2 1 0 0 1
+15 1
-15 5 1 3
+15 1 0 1 1 0 0 1
cfi=(167)
cfn=(560)
calls=1 -16 
* 38 8 11 4 1 0 4 0 0 2
* 1
+2 2 0 0 0 0 0 0 0 0 1
+5 2 1 1 0 1
+1 2 1 1 0 1
+3 2 0 1
+3 6 5 1 1 0 0 1 0 0 0 0 1 1
cob=(6)
cfi=(162)
cfn=(566)
calls=1 -58 
* 120672 26639 17776 1628 218 208 1270 80 117 20323 1510 703 227

fl=(215) ./stdio-common/./stdio-common/isoc23_sscanf.c
fn=(714) __isoc23_sscanf
24 645 0 344 2 0 0 2 0 0 43 4
jfi=(216) ./stdio-common/../libio/strfile.h
jcnd=43/43 +64 
* 
fi=(216)
+64 172 0 0 1 0 0 1
fe=(215)
-64 129 43 43
fi=(216)
+64 43
-1 43 0 43 1 0 0 1
+1 86 0 43
cfi=(201)
cfn=(644)
calls=43 563 
* 2021 387 817 0 0 0 0 0 0 86 8
+1 43
+1 172
-1 43 0 43
+1 43 0 43
cfi=(217) ./libio/./libio/strops.c
cfn=(718) _IO_str_init_static_internal
calls=43 -54 
* 4327 856 946 8 1 0 8 0 0 340 26 43 1
fe=(215)
-60 43
+1 86
-1 43 0 43
+1 43
-1 43 0 0 1 0 0 1
+1 43
-1 129 0 129
+1 43 0 43
cfi=(219)
cfn=(724)
calls=43 278 
* 76019 16421 8560 68 17 8 68 12 0 14746 417 172 2
+5 387 301 0 1 0 0 1 0 0 43

fl=(232)
fn=(782)
26 5 0 0 3 0 0 1
+10 15 5 0 0 0 0 0 0 0 5 2
jcnd=2/5 +8 
* 
-10 15 0 6
+12 6 3 3
cob=(3)
cfi=(153)
cfn=(736)
calls=3 -38 
* 277 82 42 0 0 0 0 0 0 36 1 3
+1 6 3 3
cob=(3)
cfi=(153)
cfn=(736)
calls=3 -39 
* 277 82 42 0 0 0 0 0 0 36 1 3
+5 16 11 0 2

fl=(400)
fn=(1794)
31 5576 0 0 1193 0 0 1
+1 5576 5576
+1 11152 5576 0 1193 764 0 1
+4 11152
+2 11152 0 0 0 0 0 0 0 0 5576 2
+3 22304 0 5576 0 0 0 0 0 0 5576 3
fi=(401) ./nptl/../nptl/descr.h
439 11152
fe=(400)
45 11152 0 0 0 0 0 0 0 0 5576 3
+11 11152 5576

fn=(1974)
63 5575 0 0 1193 0 0 1
+3 11150 0 0 0 0 0 0 0 0 5575 3603
jcnd=5575/5575 +5 
* 
* 5575 5575
+5 16725 11150 0 1193 0 0 1
+3 5575
+2 5575
-2 5575
+2 11150 0 5575 0 0 0 0 0 0 5575
+7 16725 0 0 0 0 0 0 0 0 5575 3
jcnd=5575/5575 -17 
* 

fl=(126)
fn=(386)
31 1
fi=(114)
+6 2 2 0 1 0 0 1
-1 4 0 0 0 0 0 0 0 0 1 1
jcnd=1/1 +2 
* 
fe=(126)
-5 2 1
fi=(114)
+7 3 1 0 1 0 0 1 0 0 1
+3 2 0 0 0 0 0 0 0 0 1
+4 3 0 0 0 0 0 0 0 0 1
+3 4 0 0 0 0 0 0 0 0 1
jfi=(126)
jump=1 -17 
* 
fe=(126)

fl=(407)
fn=(1816)
169 2 0 0 2 0 0 1
+3 8 0 0 2 0 0 1
+2 4 0 0 0 0 0 0 0 0 2 1
jcnd=2/2 +9 
* 
+9 32 2 2 4 1 0 2 1 0 2 2
jcnd=2/2 * 
* 
* 84 6 6 0 0 0 0 0 0 6 4
jcnd=4/6 * 
* 
+9 4 2

fl=(194)
fn=(710) _int_free
4495 1346191 0 769252 1398 0 0 1
+4 576939 192313
+6 769252 0 0 0 0 0 0 0 0 192313 4
+1 384626 0 0 1142 0 0 1 0 0 192313 452
+4 961565 0 0 0 0 0 0 0 0 384626 2
+8 769252 384626 0 0 0 0 0 0 0 192313 1018
jcnd=195/192313 1792 
* 
-1 384236
+1 384236 192118 0 0 0 0 0 0 0 192118 1097
jcnd=1183/192118 1792 
* 
+29 190935 190935 0 651 0 0 1
-20 190935 190935 0 0 265 0 0 1
-6 190935
+6 381870 190935 0 0 13500 0 0 4 0 190935
+20 763740 190935 0 0 476 0 0 0 0 190935 17212
jcnd=27832/190935 3163 
* 
1792 164481 164481 0 264
4561 328962 0 0 0 0 0 0 0 0 164481 2825
jcnd=2816/164481 +76 
* 
+11 646660 161665 0 1278 24559 0 1 0 0 161665
+2 484995 161665 0 0 2 0 0 0 0 161665 289
1992 161665 161665
4593 161665
1992 323330 0 0 0 0 0 0 0 0 161665 3
4595 161665 0 161665 0 0 2
+1 161665
+4 323330
+2 161665 161665 0 2
-2 161665 161665
+2 161665 0 0 0 0 0 0 0 0 161665 994
jcnd=161665/161665 -5 
* 
+26 323330 0 0 0 0 0 0 0 0 161665 2765
jcnd=3483/161665 +30 
* 
* 316364 0 0 0 0 0 0 0 0 158182 128
jcnd=158059/158182 +30 
* 
+1 492 123 0 0 27 0 0 0 0 123
+29 1147170 955975 0 403 0 0 1
-21 5632 2816 0 263 0 0 0 0 0 2816
+3 5632 2816 0 0 0 0 0 0 0 2816
+3 5632 0 0 0 0 0 0 0 0 2816 747
jcnd=1698/2816 +1 
* 
+15 1118
-12 1118
+12 4472 4472
-12 1118
cfn=(2010) _int_free_merge_chunk
calls=1118 +19 
* 101777 30311 22482 5282 207 153 0 0 1 15218 1909
-49 161665 0 0 730 0 0 1
+22 161665
-22 323330
jump=161665 +19 
* 
+22 484995 0 161665
+2 646660 161665 161665 0 0 0 0 0 0 161665 299
+1 323330 0 0 0 0 0 0 0 0 161665 2
jcnd=161665/161665 +6 
* 
-6 323330 0 0 0 0 0 0 0 0 161665 2
jcnd=161665/161665 +3 
* 
3163 27832 27832 0 4 0 0 1
+4 27832
-4 27832 0 27832
+2 111328 27832 27832 5 676 0 1
+1 27832 0 27832
+1 27832 0 27832
4550 27832
jump=27832 4658 
* 
+94 6792 0 1698 1128 0 0 1 0 0 1698
+2 3396 0 1698
cfn=(2010)
calls=1698 +19 
* 206027 61312 40749 4515 1274 28 22 0 0 32980 4558
+3 6792 1698 1698 0 0 0 0 0 0 3396 317
jcnd=1698/1698 +9 
* 

fn=(774)
3699 2400 0 1200 1193 0 0 1
+10 1200
-10 8400 0 6000
+10 9600 0 0 1193 0 0 1 0 0 2400
+8 2400 1200 0 0 0 0 0 0 0 1200 1
+3 3600 2400 0 0 0 0 0 0 0 1200 1
+2 2400 1200 0 1193 0 0 1 0 0 1200 7
jcnd=2/1200 +10 
* 
+3 9584 2396 1198 0 0 0 0 0 0 2396 2
+7 1198 1198
+8 1198
-7 2396 1198 0 0 245
+7 2396 0 0 1192 0 0 1 0 0 1198 2
jcnd=2/1198 +14 
* 
fi=(195)
55 1196 1196
+92 7176
fe=(194)
3743 4784 1196
+11 3588 0 1196 0 0 2 0 0 2
cfn=(632) _int_malloc
calls=1196 +92 
* 124629 29241 12967 4470 62 229 1 0 11 23653 2905
* 6 0 2
cfn=(632)
calls=2 +92 
* 280 50 26 9 0 2 0 0 2 42 6
+2 8396 1200 0 1193 0 0 1 0 0 2398
fi=(195)
153 2400 0 0 0 0 0 0 0 0 1200 7
jfi=(194)
jcnd=4/1200 3756 
* 
-98 1196 1196
+92 7176 0 0 1193 0 0 1
fe=(194)
3756 2392 1196 0 0 0 0 0 0 0 1196 2
+3 2392 1196 0 0 0 0 0 0 0 1196
+9 2392 0 0 0 0 0 0 0 0 1196 93
+1 3588 1196 1196 0 0 0 0 0 0 2392 1196
jcnd=1196/1196 +15 
* 
-37 2 2 0 2 0 0 1
+1 2
+21 4
-21 4 2
+21 2 0 2
cfn=(632)
calls=2 +92 
* 283 51 26 0 0 2 0 0 2 42 7
+2 4 0 0 0 0 0 0 0 0 2 2
jcnd=2/2 * 
* 
+81 9560 8365 0 1192 0 0 1
-68 8 2 2 0 0 0 0 0 0 4 1
+15 1198 1198 0 1190
+3 4792 0 0 0 0 0 0 0 0 1198
+9 1200 1200 0 2 0 0 1
-12 1200
+12 2400 0 0 0 0 0 0 0 0 1200
+3 6000
+8 1200 0 0 1192 0 0 1
+2 2400 0 0 0 0 0 0 0 0 1200
+2 2400 0 0 0 0 0 0 0 0 1200 5
jcnd=5/1200 +26 
* 
+5 1195
+2 1195 0 1195
-2 1195 0 1195
+3 2390 0 0 0 0 0 0 0 0 1195 793
jcnd=786/1195 +18 
* 
+2 409 0 409
+2 818 0 0 0 0 0 0 0 0 409 34
jcnd=384/409 +14 
* 
+2 25 0 25 25
+2 50 0 0 0 0 0 0 0 0 25 25
jcnd=25/25 +10 
* 
-71 12 0 0 3 0 0 1 0 0 4
+3 8 4 0 3 0 0 1 0 0 4 2
jcnd=2/4 +10 
* 
* 2
jump=2 +37 
* 
+78 5 0 0 2 0 0 1
fi=(200) ./malloc/../string/bits/string_fortified.h
59 10
fe=(194)
3837 30 30
fi=(200)
59 5
cob=(3)
cfi=(153)
cfn=(764)
calls=5 -59 
* 160 15 48 11 0 11 2 0 11 27 8 5
fe=(194)

fn=(704) _int_realloc
4914 47760 0 35820 3974 0 508 2 0 1
+11 23880 5970 0 0 0 0 0 0 0 5970 53
+1 29850 5970 0 0 25 0 0 0 0 5970 3065
+1 23880 0 0 0 0 0 0 0 0 5970 303
+6 11940 0 0 1987 0 0 1 0 0 5970 19
+2 11940
+1 17910 5970
+2 23880 0 0 0 0 0 0 0 0 11940 1387
+3 11940 0 0 0 0 0 0 0 0 5970 3
jcnd=5969/5970 +10 
* 
+14 1290
+53 2580
-53 2580
+57 1290 0 0 78
-57 1290
+57 2580
-2 2580 0 0 0 0 0 0 0 0 1290 572
jcnd=974/1290 +11 
* 
+2 632 0 316
+1 316 0 316
+16 316
+1 2844 2212
-1 974
+1 50886 39578 0 1116 0 0 1
-79 11938 5969 0 1571 23 0 1 0 0 5969 202
jcnd=189/5969 +1 
* 
+12 11560 5780 0 0 832 0 0 0 0 5780 1534
jcnd=1489/5780 +2 
* 
+12 18424 0 9212 0 0 409 0 0 2
cfn=(632)
calls=4606 3846 
* 837021 160260 94749 17232 2857 2835 8 0 290 167495 23854
* 4606
+1 9212 0 0 0 0 0 0 0 0 4606 7
+9 4606 4606
-6 4606
+1 4606 4606
+5 9212 0 0 1225 0 0 1 0 0 4606 123
jcnd=115/4606 -5 
* 
+8 4491 4491
-1 4491
fi=(200)
29 4491
fe=(194)
4993 26946
fi=(200)
29 4491 0 4491
cob=(3)
cfi=(153)
cfn=(706)
calls=4491 -29 
* 396865 283134 272440 4452 10591 17237 11 1 2392 252893 4672 4491 1191
fe=(194)
4997 17964 0 4491
cfn=(710)
calls=4491 4495 
* 302443 83307 43317 5384 382 0 6 1 0 49658 5974
+2 4491
jump=4491 +31 
* 
+22 974 0 0 741 0 0 1
-4 974
+3 974
+5 974
-4 974
-1 974 0 974
+1 974 0 974 0 0 328 0 0 6
+3 974 0 974
+1 1948 0 974
cfn=(710)
calls=974 4495 
* 105036 28933 17802 3901 182 153 0 3 1 17885 3103
* 974
jump=974 +4 
* 
-60 1489 0 0 979 0 0 1
-1 2978 0 0 0 0 0 0 0 0 1489 406
jcnd=315/1489 +11 
* 
+5 3522 0 2348 0 0 2
cfn=(3808) unlink_chunk.isra.0
calls=1174 1608 
* 28383 12014 3932 571 104 0 0 0 0 5939 981
+44 2348 1174
-48 2348
jump=1174 -10 
* 
+15 115 0 0 88
+7 115
+19 230 0 0 0 0 0 0 0 0 115
-13 115 115 0 115
+20 230
jump=115 -58 
* 
-61 189 0 0 147 0 0 1
+1 189
-2 378 0 0 0 0 0 0 0 0 189 157
+4 756 0 0 158 0 0 1
+2 189
-2 189
+2 189
-2 378
+1 189
-1 378 0 189
+4 189
-3 189 0 189
+1 189 0 189 0 0 158 0 0 85
+2 189
jump=189 +71 
* 

fn=(2012) _int_free_maybe_consolidate
4770 30976 2816 19712 1107 0 2 1
+6 5632 0 0 1051 0 0 1 0 0 2816 349
jcnd=53/2816 +2 
* 
+22 30976 25344 0 0 0 0 0 0 0 2816
-20 212 53 0 0 0 0 0 0 0 53 6
jcnd=37/53 +1 
* 
+3 159 0 0 42 0 0 1 0 0 53 5
jcnd=18/53 +3 
* 
fi=(195)
55 35 35
fe=(194)
4792 35 35
fi=(195)
55 70 0 0 0 0 0 0 0 0 35 30
jcnd=35/35 572 
* 
+92 35
fe=(194)
4794 70 35 0 0 0 0 0 0 0 35 2
+1 35 35
fi=(195)
545 35 0 0 35 0 0 1
fe=(194)
4795 35 0 35
fi=(195)
545 70 0 0 0 0 0 0 0 0 35 19
jcnd=35/35 +40 
* 
+27 35 0 0 35 0 0 1
55 70 0 0 35 0 0 1
jump=35 +92 
* 
585 35
+1 70 35 0 0 0 0 0 0 0 35 2
jfi=(194)
jcnd=34/35 4798 
* 
+5 6 1 0 1 0 0 1 0 0 2
+4 3 1
+1 3 0 0 0 0 0 0 0 0 1
jfi=(194)
jcnd=1/1 4798 
* 
fe=(194)
4779 37 0 37 37 0 0 1
cfn=(2210) malloc_consolidate
calls=37 +32 
* 29019 6065 4505 241 5 0 5 0 0 5180 483
* 37
jump=37 +2 
* 
+5 90 54 0 7 0 0 0 0 0 18 2
jcnd=18/18 +14 
* 
fi=(195)
585 70 35 0 35 0 0 1
jump=35 * 
* 
fe=(194)

fn=(2010)
4665 14080 0 11264 1271 0 0 1
+1 2816
-1 8448 0 5632 1108 0 0 1
+5 16896 2816 0 0 195 0 0 0 0 2816 375
+3 5632 2816 0 0 0 0 0 0 0 2816 35
jcnd=48/2816 +2 
* 
+5 8448 2816 0 0 360 0 0 0 0 2816
+3 5632
+1 5632 0 0 1054 0 0 1 0 0 2816 2
+1 5632 2816 0 0 0 0 0 0 0 2816 506
1992 8448 2816 0 0 0 0 0 0 0 2816
4689 5632 2816 0 0 0 0 0 0 0 2816 1040
jcnd=2552/2816 +25 
* 
+2 264 264
+2 264
-1 264
+2 1056 264 0 0 108 0 0 0 0 264 251
+2 528 0 264 59
cfn=(3808)
calls=264 1608 
* 7784 3301 1149 1 210 0 1 0 0 1803 683
+18 5632 2816 0 1043 0 0 1 0 0 2816 241
jcnd=199/2816 +42 
* 
+6 5234 2617 0 0 412 0 0 0 0 2617 1176
jcnd=751/2617 +1 
* 
+4 1866 0 1866
+9 1866 1866
-1 1866
+1 5598
+1 3732 1866 0 0 76 0 0 0 0 1866
-1 751 751
-1 751
+1 2253
+1 1502 751 0 0 0 0 0 0 0 751
+2 2617 0 2617 1035 0 91
+2 5234 0 0 0 0 0 0 0 0 2617 845
jcnd=1554/2617 +2 
* 
+5 2617 0 2617
+1 2617 0 2617
+2 7851 0 2617
+1 2617 0 2617
-45 2617
-1 5234
+1 15702 15702
-1 2617
cfn=(2012)
calls=2617 +69 
* 62808 26170 18319 2016 0 2 0 0 0 5234 330
+1 199 0 0 71 0 0 1
-1 398
+1 1194 1194
-1 199
cfn=(2012)
calls=199 +69 
* 35042 8374 5970 610 5 0 14 0 0 5845 568
+39 4662 0 1554 664 0 88 0 0 1
jump=1554 +3 
* 
+16 199 0 0 112 0 0 1
+1 597 0 199
+1 398 0 199
jump=199 -56 
* 
-37 751 0 0 354
+1 751
-1 751 0 751 351
cfn=(3808)
calls=751 1608 
* 20634 8743 2979 23 114 0 0 0 0 4625 406
+1 751
jump=751 +11 
* 
-47 144 48 0 25 1 0 1
-2 96 0 0 0 0 0 0 0 0 48 9
jcnd=48/48 +5 
* 

fn=(2210)
4811 593 0 593 593 0 0 1
+17 593
-17 2965 0 1779
+28 593
-28 1779 0 1186
+15 593 0 593
+2 593 0 593
+13 1186 593 593 0 0 0 0 0 0 593 2
+1 1186 0 0 584 0 0 1 0 0 593 96
jcnd=531/593 +3 
* 
-1 10674 5337 5337 0 134 0 0 0 0 5337 8
+1 10674 0 0 0 0 0 0 0 0 5337 1361
jcnd=1675/5337 +3 
* 
+62 17790 5930 0 0 0 0 0 0 0 5930 1668
jcnd=5337/5930 -63 
* 
+1 4744 4151 0 0 184
-31 311178 155589 0 0 57728 0 0 0 0 155589 10510
jcnd=40387/155589 +1 
* 
+4 230404 0 115202
+2 115202 115202
+1 230404 0 115202
+1 230404 115202 115202 0 0 47
+2 230404 0 0 0 0 0 0 0 0 115202 75
jcnd=115079/115202 +5 
* 
-4 40387 40387
+1 80774 0 40387
+1 80774 40387 40387
+2 80774 0 0 0 0 0 0 0 0 40387 53
jcnd=39750/40387 +5 
* 
+1 1520 0 760 0 0 28
+4 760
+2 760 0 760
-2 1520 0 760
+3 760 0 760
+9 1520 0 0 0 0 0 0 0 0 760 231
jcnd=453/760 +3 
* 
-12 154829
+2 154829 0 154829
-2 309658 0 154829
+3 154829 0 154829
+9 309658 0 0 0 0 0 0 0 0 154829 1849
jcnd=1717/154829 +3 
* 
* 84 0 0 0 0 0 0 0 0 42 8
jcnd=36/42 +3 
* 
* 153425
-56 311262 0 0 587 0 0 1 0 0 155631 2
+4 466893 155631 0 587 61707 0 1
+1 622524 0 0 0 0 0 0 0 0 155631
+8 155631
-3 311262 155631 0 0 17889
+3 155631
-3 155631
+4 155631
-4 155631
+5 155631 155631 0 0 29354
-5 155631
+5 311262
+2 311262 0 0 587 0 0 1 0 0 155631 5288
jcnd=150592/155631 +9 
* 
+1 5039 5039
+2 5039
-1 5039
+2 20156 5039 0 0 356 0 0 0 0 5039 24
+2 35273 0 30234
cfn=(3808)
calls=5039 1608 
* 107166 45880 15277 322 955 0 0 0 0 20605 912
* 25195 25195 0 120
+3 10078 5039 0 0 0 0 0 0 0 5039 93
jcnd=5027/5039 +3 
* 
* 301184 150592 0 467 0 0 1 0 0 150592 43
jcnd=150562/150592 +3 
* 
+25 42
+1 84 0 42
+1 84 0 42
jump=42 +3 
* 
-23 40387
+1 121161 0 80774
+16 80774 0 40387 479 0 0 1
-16 40387 0 40387
cfn=(3808)
calls=40387 1608 
* 851460 364773 121519 793 8609 0 0 0 0 162659 938
* 161548 121161
jump=40387 +4 
* 

fn=(632)
3846 1287693 117063 819441 1339 203 1531 1 0 9
1326 234126 0 0 0 0 0 0 0 0 117063 4
+19 585315 0 0 869 0 0 1 0 0 117063 58613
jcnd=55947/117063 3887 
* 
* 61116
3887 122232 0 0 0 0 0 0 0 0 61116
1794 61116 61116
3914 122232 0 0 0 0 0 0 0 0 61116 1639
jcnd=1554/61116 +63 
* 
+65 119124
-63 238248
+3 59562 59562 0 457 262 0 1 1
+2 119124 0 0 0 0 0 0 0 0 59562 2315
jcnd=57348/59562 +9 
* 
+2 6254 0 0 407 0 0 0 0 0 3127
-6 3127
+9 6254 3127 0 0 0 0 0 0 0 3127 1954
jcnd=3127/3127 +3 
* 
+6 6254 3127 0 0 10
+1 6254 0 0 1008 0 0 1 0 0 3127
+7 3127 3127
-1 6254
+1 15635 6254 0 0 0 0 0 0 0 6254
+5 6254 6254
3165 3127 0 0 1006 0 0 1
3945 3127
+1 6254 0 0 0 0 0 0 0 0 3127 167
jcnd=246/3127 * 
* 
* 2881
jump=2881 1985 
* 
3165 1275 1275
-2 1275 1275
+4 1275
-2 1275 0 1275
3945 1275
3163 1275 0 1275
+3 1275 0 1275
+1 1275 0 1275
3946 2550 0 0 0 0 0 0 0 0 1275 156
jcnd=155/1275 1985 
* 
* 4098 1366 0 43 0 0 0 0 0 1366 5
jcnd=91/1366 1985 
* 
+2 2550 0 0 0 0 0 0 0 0 1275
+2 3825 1275 0 0 0 0 0 0 0 1275
jump=1275 +4 
* 
+27 3108 0 0 1550 0 0 2 0 0 1554 599
jcnd=973/1554 +93 
* 
+62 2905 0 0 0 0 0 0 0 0 581 42
jcnd=119/581 +1 
* 
* 2310 0 0 0 0 0 0 0 0 462 367
jcnd=367/462 +1 
* 
* 475 0 0 3 0 0 0 0 0 95
jcnd=95/95 +1 
* 
+1 1743 581 0 358 0 0 0 0 0 581 30
jcnd=556/581 +1 
* 
+20 102189 102189 0 1221 196 0 1
-1 102189
-1 102189
+1 204378 0 102189 0 0 691 0 0 5
+1 204378 102189 0 0 125 0 0 0 0 102189 35
jcnd=3/102189 +10 
* 
-2 204372 102186 0 0 220
+12 510930 102186 102186 0 210 0 0 0 0 102186 11278
jcnd=53785/102186 4257 
* 
* 15 3 3 0 0 0 0 0 0 3 2
jcnd=2/3 4257 
* 
-1 96804 0 48402 1649 0 0 1
+4 96804 48402 0 0 277
+1 48402
+2 96804 0 0 0 0 0 0 0 0 48402
-3 223274 111637 0 0 11013
+1 111637
+2 223274 0 0 0 0 0 0 0 0 111637 1
+1 480117 160039 0 0 428 0 0 0 0 160039 2
+2 160039 160039 0 0 35048
+1 640156 0 0 1035 0 0 1 0 0 320078 13
+2 640156 160039 0 0 0 0 0 0 0 160039 60
-10 160039 160039 0 0 62
+12 320078 160039 0 0 50224 0 0 0 0 160039 926
+1 320078 160039 0 0 0 0 0 0 0 160039 1
+2 320078 0 0 0 0 0 0 0 0 160039
+11 320078 0 0 0 0 0 0 0 0 160039 3063
jcnd=111706/160039 +29 
* 
* 96666 0 0 456 0 0 0 0 0 48333 558
jcnd=47778/48333 +1 
* 
+29 114096 0 114096 512 0 0 1
+1 114096 0 114096
+4 228192 0 0 0 0 0 0 0 0 114096 148
jcnd=564/114096 +2 
* 
+29 227064 0 0 0 0 0 0 0 0 113532 1937
jcnd=111376/113532 +2 
* 
+8 8624 0 0 0 0 0 0 0 0 2156 461
jcnd=683/2156 -8 
* 
* 5892 0 0 685 0 0 0 0 0 1473 462
jcnd=345/1473 * 
* 
* 5640 0 1128
+1 1128
+1 1128 1128 0 0 420
-1 1128
+4 2256 0 0 0 0 0 0 0 0 1128 62
jcnd=1076/1128 +44 
* 
-4 1028 0 0 272 0 0 1
+1 1028 1028 0 0 483
-1 1028
+4 2056 0 0 0 0 0 0 0 0 1028 32
jcnd=1008/1028 +44 
* 
+5 72 72
-2 72
+2 216 72 0 68 19 0 1 0 0 72 1
+1 144 0 0 0 0 0 0 0 0 72 34
jcnd=32/72 +12 
* 
+7 40 40 0 0 4
-1 160 0 40 0 0 4
+2 120 0 80
jump=40 +33 
* 
3929 24549 3127 3127 0 0 0 0 0 0 8183 7
jcnd=3127/3127 +3 
* 
* 25016 3127 0 1468 107 0 1 0 0 3127 1132
jcnd=1198/3127 * 
* 
* 1929
jump=1929 * 
* 
-42 111894 0 0 17 0 0 0 0 0 55947 1
+27 111894 55947 0 0 0 0 0 0 0 55947 5
jcnd=55947/55947 * 
* 
+66 113355 0 0 773 0 0 1
+2 113355 113355 0 0 761
-2 113355
+2 226710 0 0 0 0 0 0 0 0 113355 7735
jcnd=101608/113355 +78 
* 
+2 11747 11747 0 0 90
+1 23494 11747 0 0 1576 0 0 0 0 11747 625
+6 11747
-4 11747 0 11747 0 0 429
+1 11747 0 11747
+1 11747 0 11747
+2 23494 0 0 0 0 0 0 0 0 11747 1
+1 11747 0 11747 0 0 359
+6 46988 23494 0 490 0 0 1 0 0 11747
-1 23494
+1 23494 11747 0 0 0 0 0 0 0 11747
+5 58735 23494 0 485 0 0 0 0 0 11747 40
jcnd=47/11747 1985 
* 
* 134619 0 0 0 0 0 0 0 0 44873 6156
jcnd=6155/44873 1985 
* 
+1 100836 0 0 0 0 0 0 0 0 50418 2999
jcnd=5545/50418 1985 
* 
+2 89746 0 0 0 0 0 0 0 0 44873
jcnd=44873/44873 +2 
* 
-52 11259 1275 1275 52 0 0 1 0 0 3753 135
jcnd=1275/1275 3165 
* 
* 10200 1275 0 3 1 0 0 0 0 1275 73
jcnd=72/1275 * 
* 
* 1203
jump=1203 * 
* 
-40 167841 0 0 1588 0 0 1
1345 55947 0 0 52
3919 111894 55947 0 0 213
+2 111894 0 0 0 0 0 0 0 0 55947 1189
jcnd=913/55947 +2 
* 
+9 337146 0 0 399 0 0 1
jump=112382 +50 
* 
4041 1112 0 556 353
cfn=(2210)
calls=556 4811 
* 8133779 1666324 1228738 4878 176911 75 2 0 0 1290246 22678
* 556
jump=556 +19 
* 
+93 27191 0 0 1
+1 27191 0 0 510 0 0 1
-1 27191 0 27191
+1 54382 0 0 0 0 0 0 0 0 27191 2
+1 27191 0 27191
-15 27191
+19 54382 0 0 0 0 0 0 0 0 27191 21
jcnd=11/27191 1985 
* 
+1 163080 108720 0 0 1 0 0 0 0 27180 112
jcnd=27072/27180 3163 
* 
* 108
1985 9738 3246 0 684 5 0 0 0 0 3246 34
4487 1404756 1053567 0 1107 475 0 1 0 0 117063 7655
1985 11747 11747 0 7
4020 11747
1985 23494 0 0 0 0 0 0 0 0 11747 6
jcnd=11747/11747 4487 
* 
3165 3825 1275 0 54 0 0 1
+2 2550 1275
jump=1275 -2 
* 
4163 254268 0 127134 1036 0 0 1
+1 381402
+1 127134 127134 0 0 1149
-1 127134
+57 254268 127134 0 1036 0 0 1
+9 127134 0 127134
-9 254268
+9 127134 127134
-9 381402 0 127134
+1 127134 0 127134
+1 127134 0 127134
+1 127134 0 127134 0 0 212
+1 127134 0 127134
+6 254268 0 0 0 0 0 0 0 0 127134 675
jcnd=125972/127134 +9 
* 
-10 4312 2156 0 454
+9 2156 0 2156
-9 4312
+9 2156 2156
-9 6468 0 2156
+1 2156 0 2156
+1 2156 0 2156
+1 2156 0 2156
+1 2156 0 2156
+6 4312 0 0 0 0 0 0 0 0 2156 315
jcnd=2114/2156 +9 
* 
+1 1204 1204 0 45 6 0 1
+1 2408 0 0 0 0 0 0 0 0 1204 8
jcnd=1204/1204 +7 
* 
+7 4816 1204 1204 2 0 0 0 0 0 1204
4070 387870 129290 0 868 0 0 0 0 0 129290 836
jcnd=111163/129290 +3 
* 
4246 36254 0 0 0 0 0 0 0 0 18127 5
jcnd=43/18127 4376 
* 
+11 215613 0 0 1043 0 0 2 0 0 71871 1439
jcnd=71300/71871 +6 
* 
+2 1713
+3 571 571 0 0 322
-3 571
+3 1142 0 0 0 0 0 0 0 0 571 133
jcnd=456/571 +1 
* 
+1 230 115 0 0 35 0 0 0 0 115 54
jcnd=54/115 +3 
* 
* 71817
+71 215451
-4 71817
+1 71817
+1 71817
-1 71817 0 0 1002 0 0 1
+1 71817
+1 143634 71817 0 0 14
+1 215451
+5 215451 0 0 0 0 0 0 0 0 71817 701
jcnd=70982/71817 +14 
* 
* 30354 0 0 0 0 0 0 0 0 10118 880
jcnd=9330/10118 +14 
* 
* 1623
jump=1623 +4 
* 
+16 97955
+2 195910 0 0 0 0 0 0 0 0 97955 247
-4 358680 0 0 0 0 0 0 0 0 179340 24743
jcnd=97955/179340 +2 
* 
+8 81385 81385 0 82 2007
+3 162770 0 0 0 0 0 0 0 0 81385 7382
jcnd=71267/81385 +9 
* 
+2 10118
+1 10118
+1 10118
-2 40472 0 10118
-27 10118
jump=10118 * 
* 
-99 512344 128086 128086 2459 0 0 2 0 0 128086 1494
jcnd=128086/128086 4070 
* 
3163 27072 27072 0 56 4
+4 27072
-4 27072 0 27072
+2 216576 54144 81216 496 0 3 1
+1 54144 27072 27072
+1 27072 0 27072
4070 54144 0 0 0 0 0 0 0 0 27072 4
jcnd=26598/27072 * 
* 
* 474
+74 948 0 0 9
jump=474 -71 
* 
-45 95556 47778 0 910 0 0 1 0 0 47778 2204
jcnd=1835/47778 +28 
* 
+2 45943
-1 91886 0 0 0 0 0 0 0 0 45943 2355
jcnd=3558/45943 +5 
* 
+27 42385 0 42385
+1 42385 0 42385
+4 84770 0 0 0 0 0 0 0 0 42385 5816
jcnd=26627/42385 +2 
* 
+29 31516 0 0 0 0 0 0 0 0 15758 1
jcnd=15758/15758 +2 
* 
* 683 0 0 411 0 0 1
+8 3415 0 683
jump=683 +1 
* 
4008 44873 44873 0 366 0 0 1
+1 44873 0 44873 0 0 2378
+1 89746 0 0 0 0 0 0 0 0 44873
+1 44873 0 44873 0 0 2449
3159 44873
4012 44873 0 44873
3167 44873
-8 44873 0 44873 0 0 237
+4 44873 44873 0 0 260
4013 44873 0 44873 0 0 10662
3163 44873 0 44873
+2 179492 44873 44873 366 0 0 1
+1 44873 44873
+2 44873
-2 44873 0 44873
+1 44873 0 44873
+1 44873
jump=44873 4003 
* 
4218 2084 0 0 940
-48 2084
+48 6252 0 2084 0 0 84
jump=2084 +3 
* 
4343 4869 0 0 1578 0 0 2 0 0 1623 152
jcnd=242/1623 4443 
* 
+3 5524 1381 0 0 0 0 0 0 0 1381 267
jcnd=280/1381 -3 
* 
-3 3303 0 0 0 0 0 0 0 0 1101 16
jcnd=40/1101 4443 
* 
+3 4244 1061 0 0 0 0 0 0 0 1061 358
jcnd=335/1061 -3 
* 
-3 2178 0 0 0 0 0 0 0 0 726 29
jcnd=28/726 4443 
* 
+3 2792 698 0 398 0 0 0 0 0 698 40
jcnd=458/698 -3 
* 
-3 480 0 0 0 0 0 0 0 0 240 137
jcnd=240/240 4443 
* 
4443 550 550 0 284 0 0 1
+1 1100 550 0 0 52
+2 1100 550 0 0 0 0 0 0 0 550 1
+3 1650 0 0 365 0 0 1 0 0 550 26
jcnd=535/550 +3 
* 
+17 60 15 15 0 0 0 0 0 0 15 5
jcnd=15/15 2552 
* 
4070 973 0 0 428 0 0 1
-91 5838
jump=973 +1 
* 
4169 3450 0 345 534 0 0 1 0 0 345
jump=345 +1 
* 
+23 96 32 0 16 2 0 1 0 0 32 5
jcnd=32/32 +1 
* 
+1 64 0 0 32 0 0 1 0 0 32
+6 32 0 0 0 0 0 0 0 0 32 12
jcnd=7/32 +3 
* 
+7 25 25 0 0 3
-1 100 0 25 0 0 1
+2 50 25 0 0 0 0 0 0 0 25
+2 25 0 25
+1 75 25 25
+2 25 25
+1 50 25 0 25 0 0 0 0 0 25 25
jcnd=25/25 +8 
* 
-1 7 7
+1 14 7 0 7 0 0 1 0 0 7 3
jcnd=7/7 +8 
* 
-11 14 7 0 7 0 0 1
jump=7 +10 
* 
4343 1073 0 0 704 0 0 1
+5 4292
+1 2146 0 0 332 0 0 1
jump=1073 +4 
* 
+24 285068 71267 0 1060 6163
+3 142534 0 0 0 0 0 0 0 0 71267
+2 71267
+3 142534 0 71267
-3 142534 0 71267
+3 71267 0 71267 0 0 837
cfn=(3808)
calls=71267 1608 
* 1509699 646857 215981 1668 52336 0 3 0 0 289432 1616
+3 285068 142534 0 1529 0 0 1 0 0 71267 11600
jcnd=26652/71267 +3 
* 
+15 89230 44615
-5 44615
+5 89230
+1 89230 44615 0 0 0 0 0 0 0 44615 794
+3 44615 0 44615 0 0 14461 0 0 15
+1 44615 0 44615
+1 44615 0 44615
+3 89230 0 0 0 0 0 0 0 0 44615 48
jcnd=258/44615 +2 
* 
+1 44357 0 44357 1119 0 0 1
+1 88714 0 0 0 0 0 0 0 0 44357 1655
jcnd=43545/44357 +5 
* 
* 516 0 0 226 0 0 0 0 0 258 26
jcnd=26/258 +5 
* 
+2 2088 0 1044 0 0 182 0 0 4
+3 8352 0 1044
+2 3132 0 1044 0 0 140 0 0 2
+1 1044 0 1044 440
1985 1044 1044 0 0 109
4421 1044
1985 2088 0 0 0 0 0 0 0 0 1044 815
jcnd=1044/1044 4487 
* 
4415 348568 0 43571
+2 130713 0 43571 0 0 50 0 0 1
+1 43571 0 43571 686 0 0 1
1985 43571 43571 0 0 3
4421 43571
1985 87142 0 0 0 0 0 0 0 0 43571 4
jcnd=43571/43571 4487 
* 
* 26652 26652 0 235
4421 26652
1985 53304 0 0 0 0 0 0 0 0 26652 364
jcnd=26652/26652 4487 
* 
4387 26652 0 0 575 0 0 1
-1 26652 0 26652
+1 53304 0 0 0 0 0 0 0 0 26652
+1 53304 0 26652 535
jump=26652 1985 
* 
4070 26598 0 0 88 0 0 1
3199 26598 26598 0 454 0 0 1
-21 26598 26598
+4 53196 0 0 0 0 0 0 0 0 26598
+17 43 43 0 43
-21 43 43
+4 86 0 0 0 0 0 0 0 0 43
+8 26641 26641
-4 106564 26641 26641
+4 26641 0 26641
+1 53282 0 26641
4248 26641
jump=26641 4487 
* 
4105 3558 0 0 1128 0 0 1
-1 3558 0 0 843 0 0 1
+3 3558
-1 3558 0 3558
+1 7116 0 3558
+1 10674 0 3558 0 0 1193 0 0 18
+1 7116 0 0 0 0 0 0 0 0 3558 1113
jcnd=2659/3558 +6 
* 
+2 1798 0 899 0 0 170
+4 899
+6 899
-6 899
+7 899 0 0 293
-7 5394 0 899
+2 2697 0 899 0 0 83
+5 899
-4 899 0 899
+4 899 0 899 0 0 4
cfn=(640) alloc_perturb
calls=899 1985 
* 3596 1798 0 374 0 0 0 0 0 899
-7 2659
+6 2659
-6 2659
+7 2659 0 0 586
-7 15954 0 2659
+2 7977 0 2659 0 0 46 0 0 1
+5 2659
-4 2659 0 2659
+4 2659 0 2659 0 0 199
cfn=(640)
calls=2659 1985 
* 10636 5318 0 517 0 0 0 0 0 2659
+1 3558
jump=3558 4487 
* 
2552 15 15 0 15 14 0 1
+12 15 15
-12 75 15 30 0 14
+12 15 0 0 0 0 0 0 0 0 15 4
jcnd=15/15 -11 
* 
4460 1812 0 604 405 0 43 1 0 8
cfn=(640)
calls=604 1985 
* 2416 1208 0 404 76 0 1 0 0 604 14
+1 604 0 0 15 0 0 1
jump=604 +26 
* 
-9 1070 0 0 344
+2 1070
-1 535 0 535
+1 535
-3 535
+3 535
+2 535
-2 2140 0 535
+2 535 0 535 0 0 449 0 0 346
+3 1070 0 0 340 0 0 1
jump=535 +1 
* 
* 108 0 0 54
jump=54 +1 
* 
4266 54 54 0 54 2
+1 54
jump=54 * 
* 
+2 5 5
-2 295 59 0 0 0 0 0 0 0 59 6
jcnd=5/54 +2 
* 
+6 108 54 0 0 0 0 0 0 0 54 48
jcnd=48/54 +5 
* 
+2 6 6
+1 12 6
+2 6
+1 12 0 6
-1 12 0 6 6
+1 6 0 6
cfn=(3808)
calls=6 1608 
* 189 80 28 0 1 0 0 0 0 45 6
-1 48
+1 96 0 48
-1 96 0 48 48 0 0 1
+1 48 0 48 0 0 15
cfn=(3808)
calls=48 1608 
* 1584 672 240 2 19 0 0 0 0 384 6
+3 216 108 0 0 0 0 0 0 0 54 17
jcnd=16/54 +3 
* 
+13 76 38
-4 38
+4 76
+1 76 38 0 0 0 0 0 0 0 38
+3 38 0 38 0 0 27
+1 38 0 38 38 0 0 1
+1 38 0 38
+1 76 0 0 0 0 0 0 0 0 38 38
jcnd=38/38 +5 
* 
+5 304 0 38
+2 114 0 38 38 0 6
+1 38 0 38
+3 38
jump=38 4459 
* 
2553 15 0 15 15 0 0 1
+36 45 15
+1 15
-1 15 0 15
+1 15 0 15
+9 30 0 0 0 0 0 0 0 0 15 4
jcnd=14/15 * 
* 
* 2 0 0 0 0 0 0 0 0 1 1
jcnd=1/1 +9 
* 
* 112 42 0 14 0 0 0 0 0 42 14
+6 42 28 0 0 0 0 0 0 0 14
+3 45 0 0 1 0 0 1 0 0 15 1
jcnd=1/15 +61 
* 
fi=(195)
55 42 14 0 0 0 0 0 0 0 14 2
jcnd=14/14 * 
* 
fe=(194)
2616 14 14 0 14 0 0 1
fi=(195)
147 14
fe=(194)
2616 14
fi=(195)
147 14
fe=(194)
2616 14
fi=(195)
147 14
fe=(194)
2616 14
-1 14 14
+1 28 0 0 0 0 0 0 0 0 14
fi=(195)
479 14 14
+4 42
+1 14
+1 28 0 0 0 0 0 0 0 0 14 2
+3 42 14 0 14 0 0 0 0 0 14
jcnd=14/14 +2 
* 
+10 14 0 14
+1 14
fe=(194)
2619 28 14
+1 28
-1 28 0 14
+1 28 0 14
2921 45 30 0 1 0 0 1 0 0 15
+1 15 0 15 15 0 0 1
+4 15 15
+4 75 30 0 0 0 0 0 0 0 15 14
+5 15
-2 15
+5 15
-3 30
-3 15
+2 15 0 15
+1 15
+1 15 0 0 1 0 0 1
-1 45 0 15
+1 15 0 15 0 0 15 0 0 15
4482 15
jump=15 -22 
* 
fi=(195)
490 112 0 56 14
cfi=(238)
cfn=(796)
calls=14 117 
* 84 14 0 14 0 0 0 0 0 14
* 84 56 0 14 0 0 1 0 0 14
+5 28 0 14
jump=14 +3 
* 
55 28 0 0 14 0 0 1
jfi=(194)
jump=14 2616 
* 
fe=(194)
2669 3 1 1 1 0 0 1
+8 2 1 0 1 0 0 1 0 0 1
+1 3 1 1
+13 1 1
+2 1 1
-2 2 0 0 0 0 0 0 0 0 1
+8 5 1 1
+8 2 0 0 1 0 0 1 0 0 1 1
jcnd=1/1 +2 
* 
+48 4 2 0 2 0 0 2 0 0 2 1
jcnd=1/1 +40 
* 
+40 3 0 0 0 0 0 0 0 0 1 1
jcnd=1/1 -12 
* 
+19 2 1 0 1 0 0 1
+3 2
+1 6 1
+2 1 0 0 0 0 0 0 0 0 1
+1 5 0 4 1 0 0 1
cfi=(197)
cfn=(634)
calls=1 25 
* 33 11 6 0 0 0 0 0 0 5 2
+12 4 3
-12 1
+12 1 0 0 0 0 0 0 0 0 1
2008 4 1 0 0 0 0 0 0 0 1
3882 1
2873 1
+3 1
-1 1 0 1
+1 4 0 1 1 0 1 1 0 1
+12 1 1
-11 1 0 1
+11 2 0 0 0 0 0 0 0 0 1 1
jcnd=1/1 +33 
* 
2783 1 0 0 1 0 0 1
-1 2
jump=1 +32 
* 
2017 2 2 0 1 0 0 1
2745 1 0 1
+1 1
+6 3 1
-6 1 0 1
+6 3 0 0 1 0 0 1 0 0 1 1
jcnd=1/1 +3 
* 
-43 3 0 2 1 0 0 1
cfi=(197)
cfn=(634)
calls=1 25 
* 64 16 10 7 0 0 7 0 0 11 3
+1 2 1
-1 1
+1 1 0 0 0 0 0 0 0 0 1
2008 1 1
2711 1
2008 3 0 0 0 0 0 0 0 0 1
2712 1
+3 2 0 0 0 0 0 0 0 0 1
+29 3 1 0 1 1 0 1 1 0 1 1
jcnd=1/1 2017 
* 
4285 16 0 0 16 0 0 1
-1 16 0 16
+1 32 0 0 0 0 0 0 0 0 16
+1 32 0 16
jump=16 4459 
* 
+90 129 43 0 43
jump=43 3199 
* 

fn=(640)
1985 12486 4162 0 1295 76 0 1 0 0 4162 14
+2 4162 4162

fn=(630) tcache_init.part.0
3242 12 0 6 3 0 0 1
+9 12 6 0 3 0 0 1 0 0 3 2
jfi=(195)
jcnd=2/3 824 
* 
* 4 0 1 0 0 0 0 0 0 1
+1 6 0 2
cfn=(632)
calls=2 3846 
* 530 117 74 54 1 2 53 1 2 95 35
+1 4 0 0 0 0 0 0 0 0 2
+8 8 2 2 0 0 0 0 0 0 4
+9 3 3 0 3 0 0 1
fi=(200)
59 6
fe=(194)
3270 3 0 3
fi=(200)
59 21 0 9 0 0 0 0 0 0 3 1
jcnd=3/3 * 
* 
* 237 0 234 0 0 18 0 0 18 237 16
jcnd=234/237 * 
* 
fe=(194)
3274 9 9
fi=(195)
824 2 0 2 2 0 0 1
cfn=(1858) get_free_list
calls=2 703 
* 58 20 14 5 0 0 4 0 0 9 3
* 2
+1 4 0 0 0 0 0 0 0 0 2
jfi=(194)
jcnd=1/2 3252 
* 
* 3 0 1
cfn=(1860) arena_get2.part.0
calls=1 -7 
* 1027 50 176 22 1 36 22 1 36 162 21
fe=(194)
3252 4 0 1
cfn=(632)
calls=1 3846 
* 132 23 13 1 0 1 0 0 1 19 6
+1 2 0 0 0 0 0 0 0 0 1 1
jcnd=1/1 +7 
* 
+7 2 0 0 1 0 0 1 0 0 1 1
jcnd=1/1 +1 
* 
+8 2 0 0 0 0 0 0 0 0 1 1
jcnd=1/1 +2 
* 
-7 4 1 1 1 0 0 0 0 0 2 1
jcnd=1/1 +7 
* 

fn=(738)
3359 186659 0 0 11 0 0 1
+4 373318 0 0 0 0 0 0 0 0 186659 2405
jcnd=4/186659 +39 
* 
-4 559965 0 373310 1590 0 0 1
+14 186655
-14 559965 0 373310 0 0 529
+12 186655 186655 0 0 483
+4 186655 186655 0 0 47736
-4 186655 186655 0 0 360
+4 373310 0 0 0 0 0 0 0 0 186655 2
+17 559965 373310 0 0 0 0 0 0 0 186655 6
jcnd=4/186655 3248 
* 
fi=(195)
153 559965 0 0 0 0 0 0 0 0 186655 195
jfi=(194)
jcnd=183/186655 3398 
* 
-98 186472 186472 0 77
+92 1118832
+6 186472 186472
fe=(194)
3398 559416 0 186472
cfn=(710)
calls=186472 4495 
* 15092754 3659806 1366525 7548 40193 26 17 1 0 3138972 25203
* 549 0 183 1 0 1 1
cfn=(710)
calls=183 4495 
* 14260 3977 2158 218 4 2 6 0 0 2421 185
+3 186655 0 186655
+1 1119934 933279 0 1
3248 16 8 4 1 0 0 1 0 0 4 2
jfi=(195)
jcnd=2/4 153 
* 
* 2 0 2
cfn=(630)
calls=2 -6 
* 1624 143 402 48 1 46 37 1 46 400 59
3395 6 4
jfi=(195)
jump=2 153 
* 

fn=(3808)
1608 118936 0 118936 883 0 0 1
+2 356808 118936
-2 118936
+2 237872 118936 0 1359 23283 0 1 0 0 118936 23
+3 118936 118936 0 0 538
+1 237872 118936
+2 475744 237872 0 0 37982 0 0 0 0 237872 547
-3 118936 118936
+6 118936 0 118936
+1 118936 0 118936
+1 237872 0 0 0 0 0 0 0 0 118936 3737
jcnd=115636/118936 +24 
* 
* 9900 3300 0 230 200 0 0 0 0 3300 1015
jcnd=1151/3300 +24 
* 
+2 4298 2149 0 0 3 0 0 0 0 2149 225
+1 6447 4298 0 0 0 0 0 0 0 2149
+3 4298 2149 0 0 342 0 0 0 0 2149 1
jcnd=1/2149 +2 
* 
+14 2148 0 2148
+1 2148 0 2148
+3 237870 237870 0 907 0 0 1
-16 2 0 0 0 0 0 0 0 0 1
jcnd=1/1 -16 
* 
-16 1 0 0 1 0 0 1
+17 1 0 1
+15 2 2

fn=(620)
3294 1483712 0 741856 1 0 805 1 0 3
+7 370928 185464 0 0 231 0 0 1 0 185464 1
jfi=(195)
jcnd=1/185464 264 
* 
1326 370926 0 0 0 0 0 0 0 0 185463 1
+19 741856 0 0 397 0 0 1 0 0 185464 7961
jcnd=94104/185464 3313 
* 
* 91360
3311 182720
+2 365440 182720 0 0 602 0 0 0 0 91360 2
jcnd=1/91360 -65 
* 
* 376416 188208 0 0 1 0 0 0 0 94104
+3 370926 185463 0 0 481 0 0 0 0 185463 381
jcnd=185108/185463 +2 
* 
+10 222508 111254 0 1080 467 0 1 0 0 111254 831
jcnd=15/111254 +2 
* 
+8 889912 222478 111239 0 0 221 0 0 0 222478
+2 333717 0 111239 0 0 820 0 0 2
cfn=(632)
calls=111239 3846 
* 33815727 7046617 5135401 34749 339016 33951 30 1 105 6030056 177314
+3 222478 0 0 0 0 0 0 0 0 111239 447
+8 444956 111239 111239 1536 206 0 1 0 0 222478 38
+4 333717 111239 0 0 0 0 0 0 0 111239
fi=(195)
153 333717 0 0 0 0 0 0 0 0 111239 6
jfi=(194)
jcnd=3/111239 3351 
* 
-98 111236 111236 0 0 420
+92 556180 0 0 1192
fe=(194)
3351 111236
fi=(195)
147 111236
+6 111236 111236
fe=(194)
3351 222478 0 0 0 0 0 0 0 0 111239 169
+3 667524 556270 0 1 189
3248 4 2 1 1 0 0 1 0 0 1
cfn=(630)
calls=1 -6 
* 473 88 137 47 1 11 47 1 11 142 29
+68 2 1 0 1 0 0 1 0 0 1
+1 4 1 0 0 0 0 0 0 0 1
+1 3 1 0 0 0 0 0 0 0 1 1
jcnd=1/1 +8 
* 
* 555324 185108 0 1 798 0 0 0 0 185108 14108
jcnd=110898/185108 +8 
* 
3178 148420 74210 0 0 837
+4 148420 0 0 0 0 0 0 0 0 74210
+4 74210
+4 74210
-4 222630 74210 74210 3 3922
+4 74210 0 74210
+1 74210 0 74210
3354 445260 371050
-26 60 0 15 1 0 1 1
cfn=(632)
calls=15 3846 
* 2117 385 195 7 0 14 4 0 12 311 37
+1 75 15 0 2 0 0 1 0 0 30
fi=(195)
153 30 0 0 0 0 0 0 0 0 15 2
jfi=(194)
jcnd=15/15 3354 
* 
264 1 0 1 1 0 0 1
cfn=(624) ptmalloc_init.part.0
calls=1 -2 
* 1151 70 160 9 24 34 9 11 33 167 20 12
fe=(194)
1326 2 0 0 0 0 0 0 0 0 1 1
jcnd=1/1 +19 
* 

fn=(700)
3407 74525 0 40650 1194 0 1 1
+6 13550 6775 0 1254 0 0 1 0 0 6775
+4 13550 0 0 0 0 0 0 0 0 6775 12
jcnd=6775/6775 +7 
* 
3538 6
3425 6
3538 36 36
3425 6
cfn=(620)
calls=6 3294 
* 1091 230 108 2 1 3 1 1 3 189 28
-1 13550 0 0 0 0 0 0 0 0 6775 7
jcnd=6/6775 3538 
* 
5241 6769 6769 0 0 288
3433 6769
5242 20307 0 0 1593 0 0 1
-1 13538 0 0 0 0 0 0 0 0 6769 21
+2 13538 6769 0 0 119 0 0 0 0 6769 5
jcnd=6769/6769 +1 
* 
3489 799
+49 60921 47383
5244 6769
3441 13538 0 0 1988 0 0 1 0 0 6769 804
jcnd=5969/6769 +15 
* 
+2 800
+1 1600 0 0 0 0 0 0 0 0 800 3
jcnd=799/800 +45 
* 
+12 17910 11940 0 0 0 0 0 0 0 5970
fi=(195)
153 17910 0 0 0 0 0 0 0 0 5970 104
jcnd=5864/5970 -98 
* 
fe=(194)
3464 23880 0 0 0 0 0 0 0 0 5970 1
+1 11940 0 0 1987 0 0 1 0 0 5970
1326 11940 0 0 0 0 0 0 0 0 5970
+19 35820
3475 11940 0 0 0 0 0 0 0 0 5970
+31 11940 5970 0 0 26 0 0 0 0 5970 4
jcnd=3/5970 +2 
* 
+9 23868 0 5967 1985 0 0 1 0 0 5967 1
+2 35802 0 11934 0 0 585 0 0 2
cfn=(704)
calls=5967 4914 
* 2116145 653907 493596 43698 14993 21623 20 3 2773 559575 46393 4488 1190
+2 5967 5967
-2 5967
+2 23868 5967 5967 0 0 0 0 0 0 11934 2
+1 29835 5967 0 1984 0 0 1 0 0 11934 1526
fi=(195)
153 17901 0 0 0 0 0 0 0 0 5967 102
jfi=(194)
jcnd=103/5967 3520 
* 
-98 5864 5864
+92 29320
fe=(194)
3520 5864
fi=(195)
147 5864 0 0 1961
+6 5864 5864
fe=(194)
3520 11728 0 0 0 0 0 0 0 0 5864 6
jcnd=5864/5864 +18 
* 
* 206 0 0 23 0 0 1 0 0 103 4
jcnd=103/103 +18 
* 
fi=(195)
55 5864 5864 0 1981 24 0 1
+92 35184 0 0 1583
+6 11728 5864 0 0 24
jfi=(194)
jump=5864 3464 
* 
fe=(194)
3508 18 0 6 2 0 1 1
cfn=(704)
calls=3 4914 
* 860 182 101 21 3 7 15 2 4 129 22 3 1
* 3
+1 15 3 0 2 0 0 1 0 0 6 1
fi=(195)
153 12 3 0 0 0 0 0 0 0 3 2
jfi=(194)
jcnd=3/3 3509 
* 
fe=(194)
3509 6 0 0 2 0 0 1 0 0 3
jcnd=3/3 +29 
* 

fl=(221)
fn=(730)
107 86 0 0 1 0 0 1
+1 344 172
cfi=(222) ./stdlib/../stdlib/strtol_l.c
cfn=(732) ____strtoul_l_internal
calls=86 238 
* 22616 2610 1032 14 5 1 14 4 0 5850 219

fl=(327)
fn=(1354)
25 404 0 0 400 0 0 1
+1 808 404 0 0 0 0 0 0 0 404 4
jcnd=401/404 -1 
* 
* 12 0 0 0 0 0 0 0 0 3
+1 3 3
-2 2406 0 1604 399 0 0 1
+1 401 0 401
cfi=(400)
cfn=(1794)
calls=401 +5 
* 7218 1203 401 796 285 0 0 0 0 1203 1
* 4411 1203 802 0 0 0 0 0 0 401 1
cfi=(400)
cfn=(1974)
calls=401 +37 
* 6015 1203 401 796 0 0 0 0 0 1203 4
* 401 401
+1 802 802

fl=(386)
fn=(1724)
113 11 0 6 1 0 0 1
+1 1 1
-1 3 1 1
+1 1 1
+1 2 0 0 0 0 0 0 0 0 1 1
jcnd=1/1 +6 
* 
+6 1 1 0 1 0 0 1
+17 4 1 1 0 1 0 0 0 0 0 0 1 1
cob=(1)
cfi=(50)
cfn=(154)
calls=1 254 
* 886 251 120 51 16 1 10 4 0 121 23 4 3
+7 1 1
-2 1 1
-5 1
+7 2 0 0 0 0 0 0 0 0 1 1
jcnd=1/1 +6 
* 
+53 11 9 0 1 0 0 1 0 0 1
-47 2 0 0 1 0 0 1 0 0 1 1
jcnd=1/1 +5 
* 
+5 2 0 0 1 0 0 1
jump=1 +42 
* 

fl=(157)
fn=(510)
46 6 0 2 1 0 0 1
+5 2 1 0 0 0 0 0 0 0 1
+4 5 4 0 1 2 0 1 1 0 1
+8 1 1 0 0 1
-2 1 0 1 0 0 1
+10 1
-9 1 0 1
+1 1 0 1 0 0 1 0 0 1
+9 3 2
-1 1
cfi=(158)
cfn=(512)
calls=1 -41 
* 50 11 6 5 2 1 5 0 0 5 2 1 1

fl=(217)
fn=(718)
36 430 0 215 2 0 0 2
+4 86 0 0 0 0 0 0 0 0 43
+1 86 0 43
cob=(3)
cfi=(153)
cfn=(720)
calls=43 -41 
* 1360 254 0 4 1 0 4 0 0 211 15 43 1
* 43
+5 215 0 43
cfi=(201)
cfn=(684)
calls=43 329 
* 1247 344 344 0 0 0 0 0 0 43 6
+5 129 0 0 0 0 0 0 0 0 43 5
jcnd=43/43 * 
* 
-3 43 0 43
+1 43 0 43
+1 43 0 43
+3 43 0 43 1 0 0 1
+1 43 0 43
+1 43 0 43
+9 43 0 43
+1 258 258
-14 172 0 0 1 0 0 1
jump=43 -3 
* 

fl=(460)
fn=(2328)
91 3 0 0 1 0 0 1
+2 1 1

fl=(190)
fn=(610)
33 30 0 18 6 0 0 2
+4 3
-4 12 3 3
+4 3 0 3 0 0 1 0 0 1
cfi=(191)
cfn=(612)
calls=3 -5 
* 72 18 24 1 0 0 1 0 0 3
* 3
+1 6 0 0 0 0 0 0 0 0 3 2
jcnd=3/3 +5 
* 
207 36 27 0 1 0 0 0 0 0 3
43 21 0 6 3 0 1 1 0 0 3
fi=(192)
-14 6 3 3
fe=(190)
+23 3 3
-3 12 3 3 3 0 0 1
+6 6 3 0 0 0 0 0 0 0 3 1
jcnd=1/3 +1 
* 
+4 6 3 3 0 1
+3 9 3 0 0 0 0 0 0 0 3 1
jcnd=1/3 +23 
* 
+4 2 2 0 2
169 2
66 2
+3 2
-3 2 2
169 2 0 2
66 2 0 2
+3 2 0 2
+43 14 0 2
jump=2 +66 
* 
* 7 0 1 1 0 0 1
jump=1 +66 
* 
+66 3 0 0 3 0 0 1
+2 12 0 3
cob=(3)
cfi=(153)
cfn=(698)
calls=3 0 
* 727 161 81 8 1 1 1 1 1 124 25 3 2
* 3
+1 6 0 0 0 0 0 0 0 0 3 1
+7 12 0 3
cfi=(226) ./nptl/./nptl/pthread_getaffinity.c
cfn=(762) pthread_getaffinity_np@@GLIBC_2.32
calls=3 30 
* 105 15 12 14 0 0 6 0 0 9 7 3 1
+3 6 0 0 0 0 0 0 0 0 3
+2 21 3 0 3 0 0 1 0 0 3 3
jcnd=3/3 +1 
* 
+1 18 0 9 3 0 0 1
cfi=(228) ./nptl/./nptl/pthread_attr_setaffinity.c
cfn=(768) pthread_attr_setaffinity_np@@GLIBC_2.32
calls=3 29 
* 1482 311 194 32 0 9 20 0 9 234 42 12 1
+4 3
-4 3
+4 3 0 3
cob=(3)
cfi=(153)
cfn=(736)
calls=3 0 
* 277 82 42 1 0 0 0 0 0 36 3 3 1
+3 18 12 3 2 0 0 1 0 0 6
+2 6 0 0 0 0 0 0 0 0 3 1
jcnd=3/3 +4 
* 
56 3 0 1 1
jump=1 +3 
* 
+29 4 0 2 1 0 0 1
cfi=(193)
cfn=(616)
calls=1 * 
* 2267 299 423 111 33 51 111 19 50 388 75 16 4
+1 2 1
-1 1
+1 1 0 0 0 0 0 0 0 0 1
+5 4 0 2
cfi=(150)
cfn=(470)
calls=1 -53 
* 10 1 0 0 0 0 0 0 0 1
* 3 1 0 0 0 0 0 0 0 1 1
jcnd=1/1 +17 
* 
+74 4 0 3 1 0 0 1
cfi=(224)
cfn=(742)
calls=1 34 
* 479 135 89 31 0 0 31 0 0 63 21 4 2
* 2 2
+4 1 0 1
+2 2 0 0 0 0 0 0 0 0 1 1
jcnd=1/1 -59 
* 
-63 1 1 0 1 0 0 1
+9 3 0 0 1 0 0 1
-14 1 1
+17 1
-17 1 1
-1 2 2 0 0 1
+6 3 0 1
+6 1 0 1
+1 1 0 1
+5 9 0 5 1 0 0 1 0 0 1
jump=1 +2 
* 
+7 258 43 43
cfi=(215)
cfn=(714)
calls=43 24 
* 84646 18008 11097 82 18 8 82 12 0 15258 455 215 3
* 86 0 0 0 0 0 0 0 0 43 2
+2 86 86
+1 43 43
-1 86 43 0 0 0 0 0 0 0 43
+1 86 0 0 0 0 0 0 0 0 43 3
jcnd=1/43 -27 
* 
+28 42
-38 84 42 0 0 0 0 0 0 0 42
+2 172 0 43 1 0 0 1
cfi=(207)
cfn=(668)
calls=43 -95 
* 7911 1988 969 76 24 5 76 18 5 1247 212 106 7
* 86 0 0 0 0 0 0 0 0 43 6
jcnd=43/43 +5 
* 
+40 4 1 3 1 0 0 1
cob=(3)
cfi=(153)
cfn=(736)
calls=1 0 
* 87 26 14 3 0 0 3 0 0 12 3 1 1
* 3 2
jump=1 +3 
* 
-59 9 5 0 1 0 0 1
+2 1
+30 1
-2 1 0 1
+12 1
-10 3 1 0 1 0 0 1
+6 1
+3 2
-4 2 0 1
jump=1 +22 
* 

fl=(395)
fn=(1758)
97 24 0 12 4 0 0 2
+2 4 4
-19 6 2 0 0 1 0 0 1 0 2 1
jcnd=1/2 +26 
* 
+2 4 0 1
cfi=(396)
cfn=(1760)
calls=1 -40 
* 16 2 1 2 0 0 2 0 0 3 1
+1 2 0 0 0 0 0 0 0 0 1 1
jcnd=1/1 * 
* 
* 2 1 0 1 0 0 1 0 0 1
+3 1 0 1
+20 1 0 1
-42 1
-11 1 1
+11 1
-2 1 1
-9 1 1
+11 2
-2 1 1 0 1 0 0 1
+2 4 3 2
cfi=(397) ./misc/../sysdeps/unix/sysv/linux/x86_64/clone.S
cfn=(1762) clone
calls=1 -12 
* 19 2 2 2 0 1 2 0 1 4
+42 1 0 1 1
-42 1
-11 1 1
+11 1
-2 1 1
-9 1 1
+11 2
-2 1 1
+2 4 3 2
cfi=(397)
cfn=(1762)
calls=1 -12 
* 19 2 2 2 0 1 0 0 1 4
+45 4 4 0 1
+1 16 14

fl=(238)
fn=(796)
117 100 0 0 16 0 0 1 0 0 20
+5 20 20

fn=(804)
91 9 0 0 3 0 0 1
+2 3 3

fn=(1864)
117 20 0 0 4 0 0 2 0 0 4
+5 4 4

fn=(2204)
117 10 0 0 2 0 0 1 0 0 2 1
+5 2 2

fl=(389)
fn=(1734)
143 2 0 0 1 0 0 1
fi=(392)
-82 16 6 0 1 0 0 1
fe=(389)
+84 2 2
fi=(392)
-84 2
fe=(389)
+84 2
+1 2 2

fn=(2208) __nptl_deallocate_stack
112 4 0 2 2 0 0 1
+1 4
-1 8 0 4
+1 6 2 2 0 1 1 0 0 0 2
+4 2
-88 2 0 2
fi=(563) ./nptl/../include/list.h
+26 6 4 2 2 1 0 1
+1 2 0 2 0 0 1
fe=(389)
+67 2 2
-86 2 0 2
+86 2 0 0 0 0 0 0 0 0 2
-79 6 0 2
fi=(563)
-1 2 2
+1 4 0 2 2 0 0 1
-1 2 0 2
+2 2 0 2 0 0 1
+2 2 0 2
fe=(389)
+58 2 2
-1 2 2
-52 2 0 2
+52 4 2 2 2 0 0 1
+1 4 0 0 0 0 0 0 0 0 2
+24 8 2 2 0 0 0 0 0 0 4 1
+1 8 8

fn=(1750)
43 2 0 0 2 0 0 1
+1 8 2 2 2 0 0 1
fi=(563)
-1 10 2 2 0 0 2 0 0 2
+2 2 0 2
+2 2 0 2
fe=(389)
+5 2 0 2
+1 2 2

fl=(202)
fn=(680)
1147 1 0 0 1 0 0 1
+1 2 1
cfi=(210)
cfn=(682)
calls=1 30 
* 6 1 0 2 0 0 2 0 0 1

fn=(752) _IO_file_close
1165 1 0 0 1 0 0 1
+3 2 1
cfi=(225) ./io/../sysdeps/unix/sysv/linux/close_nocancel.c
cfn=(754) __close_nocancel
calls=1 25 
* 6 1 0 2 0 0 2 0 0 1

fn=(758)
168 5 0 3 1 0 0 1
+1 1 1
-1 1
+1 1 0 0 0 0 0 0 0 0 1 1
jcnd=1/1 +6 
* 
+6 2 0 0 1 0 0 1
+1 3 3
-1 1
cfi=(201)
cfn=(760)
calls=1 601 
* 20 7 2 3 0 0 3 0 0 4 3

fn=(648)
106 6 0 2 1 0 0 1
+5 1 0 1
-1 1 0 1 1 0 0 1
+3 1 0 1
cfi=(201)
cfn=(650)
calls=1 -26 
* 89 28 26 12 1 0 12 0 0 10 3
+1 1 0 1
+1 3 3

fn=(674)
462 4 0 0 1 0 0 1
+4 12 4 0 0 0 0 0 0 0 4
-4 36 0 24 1 0 0 1
+7 8 0 0 0 0 0 0 0 0 4
+6 12 8 0 0 0 0 0 0 0 4
+3 8 4 0 0 0 0 0 0 0 4 1
jcnd=1/4 +3 
* 
+12 6 0 0 0 0 0 0 0 0 3 2
jfi=(211)
jcnd=3/3 1025 
* 
fi=(211)
1025 4 0 0 1 0 0 1
fe=(202)
506 8 0 4
cfi=(201)
cfn=(688)
calls=4 164 
* 104 36 32 3 0 0 3 0 0 12 5
+6 4 4 0 1 0 0 1
+5 4 4
-5 4
fi=(211)
1025 8
fe=(202)
512 4
fi=(211)
1025 4
fe=(202)
512 12 0 12
fi=(211)
1026 8 0 0 0 0 0 0 0 0 4 2
fe=(202)
517 16 8 4 1 0 0 1 0 0 0 0 4 1
cfn=(690) _IO_file_read
calls=4 1131 
* 44 12 0 2 0 0 2 0 0 8 3
+2 8 0 0 0 0 0 0 0 0 4
+16 4 4
-9 4 0 4
+9 8 0 0 0 0 0 0 0 0 4 2
jcnd=4/4 +2 
* 
+2 8 8 0 0 1 0 0 1
+1 32 28
-57 3 1 0 1 0 0 1 0 0 1 1
jcnd=1/1 +5 
* 
+5 2 0 1
cfi=(201)
cfn=(676)
calls=1 343 
* 298 69 39 11 2 1 11 0 1 42 15 3 2
+4 4 1 0 0 0 0 0 0 0 1
jfi=(211)
jump=1 1025 
* 

fn=(656)
213 12 1 7 2 0 0 2
+9 2 1 0 0 0 0 0 0 0 1
+2 6 1 0 0 1 0 0 1 0 1 1
jcnd=1/1 -10 
* 
+23 14 2 0 1 1 0 1 1 0 3 0 1 1
jump=1 +21 
* 
357 12 9 0 1 0 0 1 0 0 1
-89 1 0 1 1 0 0 1
+1 1
+3 1
-25 14 2 0 1 1 0 1 1 0 3 0 1 1
jump=1 +25 
* 
* 6 1 0 0 0 0 0 0 0 2 1
jcnd=1/1 * 
* 
+34 4 0 1 1 0 0 1
cfn=(658) _IO_file_open
calls=1 -99 
* 87 21 16 5 0 0 5 0 0 9 2
* 1
+3 2 0 0 0 0 0 0 0 0 1 1
+3 3 0 1 1 0 0 1
cfi=(205) ./string/../string/strstr.c
cfn=(662) __GI_strstr
calls=1 77 
* 59 15 8 6 2 0 6 2 0 6 2 1 1
* 1
+1 2 0 0 0 0 0 0 0 0 1 1
jcnd=1/1 +69 
* 
-41 8 0 0 2 0 0 2 0 0 3
jump=1 +34 
* 
-33 1 0 0 1 0 0 1
+13 1
+1 2
jump=1 +19 
* 
+44 1 0 1 1 0 0 1
-1 1
+1 2
jump=1 -25 
* 

fn=(658)
182 2 0 1 1 0 0 1
+3 1
-3 10 0 3
+2 2 1 0 0 0 0 0 0 0 1 1
jcnd=1/1 +1 
* 
+5 2 0 0 0 0 0 0 0 0 1
+3 2 1
+3 1 0 0 1 0 0 1
-4 1 0 1
+1 3
+3 1
-3 1 0 1
+3 1 0 0 0 0 0 0 0 0 1 1
jcnd=1/1 +10 
* 
+10 2 0 1 1 0 0 1
cfi=(201)
cfn=(650)
calls=1 87 
* 21 9 5 0 0 0 0 0 0 2
+1 1
+1 6 5
-22 1 0 1
cfi=(204) ./io/../sysdeps/unix/sysv/linux/open64_nocancel.c
cfn=(660) __open_nocancel
calls=1 28 
* 27 5 3 2 0 0 2 0 0 4
* 2
jump=1 +4 
* 

fn=(690)
1131 4 0 0 1 0 0 1
+3 4 4
-1 4 4
+1 4 0 0 0 0 0 0 0 0 4 3
jcnd=4/4 -1 
* 
-1 4
cfi=(212)
cfn=(692)
calls=4 25 
* 24 4 0 1 0 0 1 0 0 4

fn=(748)
128 7 0 4 2 0 0 2
+2 3 1 0 0 0 0 0 0 0 1
+4 2 1
+3 1
-3 1
-1 2 0 0 0 0 0 0 0 0 1
+6 1
+3 1
-3 1 0 1
cfi=(201)
cfn=(750)
calls=1 937 
* 14 5 2 2 0 0 2 0 0 2 2
+3 3 2 0 0 0 0 0 0 0 1
fi=(211)
1025 3 0 0 1 0 0 1
+1 2 0 0 0 0 0 0 0 0 1
fe=(202)
142 2 1 1 0 0 0 0 0 0 0 0 1 1
cfn=(752)
calls=1 1165 
* 9 2 0 3 0 0 3 0 0 1
* 1
+3 3 1 0 0 0 0 0 0 0 1 1
jcnd=1/1 +8 
* 
+8 5 0 1 1 0 0 1
cfi=(201)
cfn=(684)
calls=1 329 
* 121 35 23 0 0 0 0 0 0 14 2 1
+1 1
+3 1
-3 3 0 3 1 0 0 1
+3 1 0 1
cfi=(201)
cfn=(744)
calls=1 53 
* 4 2 0 0 0 0 0 0 0 1
+5 1
-4 1 0 1
+1 1 0 1
+3 1
-2 1 0 1
+3 7 5

fl=(164)
fn=(540) __new_exitfn
80 1 0 0 1 0 0 1
+6 2 1 0 0 1 0 0 1 0 1
-6 4 0 3
+11 2 1 0 0 1
-10 1
+10 4 0 0 0 0 0 0 0 0 1
+2 2 1 0 0 1
jump=1 * 
* 
* 2 0 0 1 0 0 1 0 0 1
-2 1 1
+10 1 0 1
-10 3 0 0 0 0 0 0 0 0 1 1
jcnd=1/1 +32 
* 
+45 1 0 1 1 0 0 1
+5 3 2
-4 1 0 1
+4 2 2
-18 1 0 1 1 0 0 1
-1 1
+12 1
jump=1 +2 
* 

fn=(538)
67 7 0 5 1 0 0 1
-26 2 0 0 1 0 0 1 0 0 1
+2 8 0 1 0 0 1 0 0 0 1
+1 2 0 1
cfn=(540)
calls=1 +36 
* 33 8 7 4 3 0 4 1 0 4 1
+2 2 0 0 0 0 0 0 0 0 1
+8 1 0 1
-2 1
+3 1 0 1 1 0 0 1
+1 1 0 1
-4 2 1
+1 1 0 1
+4 4 1 1 0 0 0 0 0 0 2
+1 1
+11 6 6

fl=(450)
fn=(2206)
25 2
+2 4 2 2 0 0 0 0 0 0 4
-2 10 0 4
+6 6 2 0 0 0 0 0 0 0 2 2
jcnd=2/2 +11 
* 
+11 2 0 0 2 0 0 1
+2 4 4
-2 2
cfi=(389)
cfn=(2208)
calls=2 +70 
* 88 26 32 8 2 3 4 0 0 10 1

fl=(477)
fn=(2666)
73 84957 0 0 1876 0 0 1
+7 84957
+1 84957 0 0 0 0 0 0 0 0 84957 18
jcnd=84957/84957 401 
* 
+75 1494 0 0 756 0 0 1
+10 1494 1494
+1 1494 1494
+1 1494
+3 2988 1494
401 84957 0 0 1192 0 0 1
+1 84957 0 0 0 0 0 0 0 0 84957 48
jcnd=79797/84957 +52 
* 
+5 5160
+1 5160
+1 5160
+1 5160
+1 5160 0 0 0 0 0 0 0 0 5160 658
jcnd=551/5160 +18 
* 
+3 4609 4609 0 0 1637 0 0 2
+1 4609 4609 0 0 211
+1 4609
+1 4609
+3 4609
+1 4609 0 0 0 0 0 0 0 0 4609 1130
jcnd=1494/4609 156 
* 
+1 3115
+1 6230 3115
+6 551 0 0 417 0 0 1
+1 551 0 0 0 0 0 0 0 0 551
+2 551
+1 551 0 0 0 0 0 0 0 0 551 77
jcnd=135/551 +43 
* 
+2 416
+1 416 0 0 0 0 0 0 0 0 416 37
jcnd=44/416 553 
* 
+2 372 372
+1 372 372 0 0 212 0 0 2
+1 372
+1 372
+1 372 372
+1 372 372
+1 372
+1 372
+1 372
+2 372 0 0 0 0 0 0 0 0 372 115
jcnd=90/372 +15 
* 
+2 282 282
+4 79797 0 0 1191 0 0 1 0 0 79797
+1 79797 79797 0 0 33587
+1 79797 79797 0 0 34149
+1 79797
+2 79797 79797
+4 90
+1 90
+2 90 90
+10 135 135 0 33
+1 135 135 0 0 34
+1 135
+1 135 0 0 0 0 0 0 0 0 135
+1 135 135
+1 135 135
+1 135
+2 135 0 0 135 0 0 1 0 0 135
+2 135 135
+67 44 44 0 44 13 0 1
+1 44 44 0 0 15
+1 44
+1 44
+1 44
+1 44
+1 44 44
+1 44 44
+1 44
+1 44
+2 44
+2 44 44

fl=(222)
fn=(732)
238 430 0 258 1 0 0 1
+54 86
-54 86 0 86 0 0 1
+19 86
-19 344 0 258
+14 86 86 0 1 0 0 1
-14 258 0 172
+26 172 0 0 0 0 0 0 0 0 86 2
+31 344 0 0 0 0 0 0 0 0 172
+9 516 344 0 0 0 0 0 0 0 86 2
jcnd=86/86 +2 
* 
+2 172 0 0 1 0 0 1 0 0 86
+5 172 0 0 0 0 0 0 0 0 86
-1 86 0 86
+6 172 0 0 0 0 0 0 0 0 86
+4 172 0 0 1 0 0 1 0 0 86 4
jcnd=54/86 +2 
* 
+15 64 0 0 0 0 0 0 0 0 32 2
jcnd=32/32 +7 
* 
+55 96 32
+1 96 32 32
+4 32
+56 160 32 0 0 0 0 0 0 0 64
+26 32 32
+1 32
-84 32
-1 32
+96 64
jump=32 -36 
* 
-12 54 54 0 1 0 0 1
+1 54
-84 54
-1 54
+96 108
jump=54 -36 
* 
-5 1464 0 0 0 0 0 0 0 0 732 7
jcnd=732/732 +5 
* 
+5 732
+1 2196
-41 1464 732
+2 2928 0 0 0 0 0 0 0 0 1464 86
jcnd=86/732 +44 
* 
+2 2196 0 0 1 0 0 1 0 0 732 107
jcnd=648/732 +28 
* 
+7 168 0 0 0 0 0 0 0 0 84
+17 168 84 0 0 0 0 0 0 0 84
+1 168 84 0 0 1 0 0 1
+3 2196 0 0 0 0 0 0 0 0 732
+3 1464 0 0 1 0 0 1 0 0 732 6
jcnd=732/732 * 
* 
+11 172 0 0 0 0 0 0 0 0 86
+5 258 86 0 0 0 0 0 0 0 86
+1 86 0 86
+12 172 0 0 0 0 0 0 0 0 86
+11 430 86 0 1 0 0 1
+22 774 602
342 64 0 0 1 0 0 1 0 0 32
+48 32
258 32
387 64
jump=32 +3 
* 
-65 378 162 0 1 2 0 1 1 0 108
+5 108 54 0 1 0 0 1 0 0 54 1
jcnd=54/54 +5 
* 
+63 54
+1 108
-1 54 54 0 0 1 0 0 1
+1 162 54 54 0 1 0 0 1
+4 108 0 0 1 0 0 1
jump=54 +82 
* 
-63 108 0 0 1 0 0 1 0 0 54 2
jcnd=54/54 * 
* 
* 162 0 0 1 0 0 1
jump=54 +58 
* 

fl=(113)
fn=(354)
31 1 0 0 1 0 0 1
fi=(114)
+6 2 2
-1 4 0 0 0 0 0 0 0 0 1 1
jcnd=1/1 +2 
* 
fe=(113)
-5 2 1
fi=(114)
+7 3 1 0 1 0 0 1 0 0 1
+3 2 0 0 0 0 0 0 0 0 1
+4 3 0 0 0 0 0 0 0 0 1
+3 4 0 0 1 0 0 1 0 0 1
jfi=(113)
jump=1 -17 
* 
fe=(113)

fl=(228)
fn=(768)
29 24 0 12 3 0 0 1
+5 15 0 0 0 0 0 0 0 0 6 2
jcnd=3/3 +29 
* 
+28 3
+1 21 15 0 3 0 0 1
-18 3 0 3
cfi=(229) ./nptl/./nptl/pthread_attr_extension.c
cfn=(770) __pthread_attr_extension
calls=3 -20 
* 788 155 98 23 0 7 17 0 7 130 27 6 1
+1 6 0 0 0 0 0 0 0 0 3
+3 3 3
+2 3 3
-2 6 3 0 0 0 0 0 0 0 3
+2 6 0 3
cob=(3)
cfi=(153)
cfn=(698)
calls=3 -51 
* 532 117 63 0 0 2 0 0 2 83 11 3
* 3
+1 6 0 0 3 0 0 1 0 0 3
+3 6 3 3
+1 3 0 3
fi=(192)
-27 9 0 3
cob=(3)
cfi=(153)
cfn=(706)
calls=3 -29 
* 42 12 6 0 0 0 0 0 0 6 2 3
* 3
jfi=(228)
jump=3 +33 
* 
fe=(228)

fl=(175)
fn=(578)
27 1 0 0 1 0 0 1
+2 6 1 0 1 0 0 1 0 0 2
+14 1 1

fl=(205)
fn=(662)
77 9 0 6 1 0 0 1
+5 1 1 0 0 1 0 0 1
-5 3 1 1
+5 2 0 0 1 0 0 1 0 0 1
+2 4 0 1
cob=(3)
cfi=(153)
cfn=(664)
calls=1 -84 
* 23 4 0 3 1 0 3 1 0 3 1 1 1
* 1
+1 2 0 0 0 0 0 0 0 0 1 1
jcnd=1/1 +1 
* 
+1 2 0 0 1 0 0 1
+75 12 9 0 0 0 0 0 0 0 1

fl=(225)
fn=(754)
25 1 0 0 1 0 0 1
+1 4 0 0 1 0 0 1 0 0 1
+1 1 1

fl=(167)
fn=(560)
28 3 0 0 3 0 0 1
+2 3
+2 3
cfi=(168)
cfn=(562)
calls=3 -1 
* 105 24 33 9 1 2 3 0 2 6 1

fl=(229)
fn=(770)
25 3 0 0 2 0 0 1
+1 6 3 0 0 0 0 0 0 0 3 2
jcnd=3/3 -1 
* 
-1 3 0 3 3 0 0 1
+3 3
-3 9 0 3
+3 3
-3 3
+3 3 0 3
cob=(3)
cfi=(153)
cfn=(772)
calls=3 -28 
* 734 143 86 18 0 7 15 0 7 124 25 6 1
* 3 0 3
+1 6 0 0 0 0 0 0 0 0 3
-2 3
+5 9 9

fl=(298)
fn=(1080)
27 4 0 0 1 0 0 1
+1 10 0 0 0 0 0 0 0 0 2
+4 4 0 0 0 0 0 0 0 0 2 2
jcnd=2/2 +6 
* 
+6 4 2

fl=(397)
fn=(1762)
52 2 0 0 2 0 0 1
+2 2
+1 2
+1 2 0 0 0 0 0 0 0 0 2
+3 2
+1 2 0 0 0 0 0 0 0 0 2
+3 2 0 2 0 0 2 0 0 2
+2 2
+4 2 0 2 2 0 0 1
+3 2
+1 2
+1 2
+1 2 2
+1 2
+5 2
+2 4
+1 4 0 0 0 0 0 0 0 0 4
+1 4 0 0 0 0 0 0 0 0 4 2
jcnd=2/4 +10 
* 
+2 2 2
+8 2
+3 2 2
+1 2 2
+1 2 0 2 0 0 0 0 0 0 0 0 2 2
cfi=(391)
cfn=(1798)
calls=2 338 
* 231987586 61221031 62618046 1477770 986080 140091 2401 68 3469 21590967 433622 2166184 343962

fl=(83)
fn=(284)
31 2 0 0 1 0 0 1
fi=(84)
+9 6 4 0 0 1
-2 8 0 0 0 0 0 0 0 0 2 2
jcnd=2/2 +3 
* 
fe=(83)
-7 4 2
fi=(84)
+10 4 2 0 1 0 0 1 0 0 2
+1 6 2 0 0 0 0 0 0 0 2
+3 4 0 0 0 0 0 0 0 0 2
+4 6 0 0 0 0 0 0 0 0 2
+3 10
jfi=(83)
jump=2 -21 
* 
fe=(83)

fl=(86)
fn=(290)
79 1 0 0 1 0 0 1
-31 2 2
+1 1 1
-2 4 0 0 1 0 0 1 0 0 1 1
jcnd=1/1 +2 
* 
+2 2 0 0 0 0 0 0 0 0 1
+3 2 0 0 0 0 0 0 0 0 1
+4 3 0 0 1 0 0 1 0 0 1
+3 3 0 0 0 0 0 0 0 0 1
+20 1 1

fl=(448)
fn=(2192)
24 10 0 4 2 0 0 1
+1 2 2
+1 4 2 2 0 1
cob=(3)
cfi=(153)
cfn=(736)
calls=2 -26 
* 12 4 0 1 0 0 0 0 0 2 2 2
+1 2 2
+1 4 4
-1 2 0 0 2 0 0 1
cob=(3)
cfi=(153)
cfn=(736)
calls=2 -27 
* 12 4 0 0 0 0 0 0 0 2 2 2

fl=(204)
fn=(660)
28 2 0 1 1 0 0 1
+3 1
-3 6 1 2 1 0 0 1
+3 6 0 0 0 0 0 0 0 0 2
+8 7 0 0 0 0 0 0 0 0 1
+2 5 4 0 0 0 0 0 0 0 1

fl=(231)
fn=(780)
24 3 0 0 3 0 0 1
+7 3 3
-7 3
+7 9 3 3
+7 3
-3 3 0 3
+3 3 3

fl=(108)
fn=(344)
31 1 0 0 1 0 0 1
fi=(109)
+4 5 2 0 1 0 0 1 0 0 1
+1 3 1 0 0 0 0 0 0 0 1
+3 2 0 0 0 0 0 0 0 0 1
+4 3 0 0 0 0 0 0 0 0 1
+3 4
fe=(108)
-15 1 1

fl=(432)
fn=(1972)
24 3578 0 0 1194 0 0 1
+4 3578 3578
-4 3578
+4 3578 0 0 0 0 0 0 0 0 3578 422
jcnd=3578/3578 -4 
* 
-4 25046 0 17890 1192 0 2 1 0 2
+4 7156 0 7156 0 0 540
cfi=(400)
cfn=(1794)
calls=3578 +3 
* 64404 10734 3578 2 0 0 0 0 0 10734 1
* 50092 14312 7156 1193 0 0 1 0 0 3578
cfi=(400)
cfn=(1974)
calls=3578 +35 
* 53670 10734 3578 4 0 0 2 0 0 10734 2006
* 3578 3578
+4 10734 10734

fl=(234)
fn=(788)
120 40 0 0 4 0 0 1 0 0 8
+2 8 8

fl=(104)
fn=(332)
29 1
fi=(105) ./debug/../sysdeps/x86_64/multiarch/ifunc-memset.h
+25 5 2 0 0 0 0 0 0 0 1
+3 3 1 0 0 0 0 0 0 0 1
+7 2 0 0 1 0 0 1
+9 2 0 0 0 0 0 0 0 0 1
+2 2 0 0 0 0 0 0 0 0 1
+10 2 0 0 0 0 0 0 0 0 1
+8 2 0 0 0 0 0 0 0 0 1
+3 5 1
fe=(104)

fl=(107)
fn=(340)
30 1 0 0 1 0 0 1
fi=(101)
+10 3 2
-2 4 0 0 0 0 0 0 0 0 1 1
jcnd=1/1 +3 
* 
fe=(107)
-8 2 1
fi=(101)
+11 2 1 0 1 0 0 1 0 0 1
+1 3 1 0 0 0 0 0 0 0 1
+3 2 0 0 0 0 0 0 0 0 1
+4 3 0 0 0 0 0 0 0 0 1
+3 5
jfi=(107)
jump=1 -22 
* 
fe=(107)

fl=(273)
fn=(934)
24 18 0 12 4 0 0 2
+1 16 6 0 0 0 0 0 0 0 4
+3 2 0 2
cob=(3)
cfi=(153)
cfn=(720)
calls=2 -28 
* 32 6 0 1 0 0 0 0 0 4 0 2
+1 2 2
-1 2
+1 4 0 0 0 0 0 0 0 0 2 2
jcnd=2/2 +2 
* 
* 432 108 0 0 7 0 0 0 0 108 5
jcnd=1/108 +8 
* 
+2 218 109 0 2 39 0 1 0 0 109 17
jcnd=105/109 -2 
* 
+1 16 0 4
cob=(3)
cfi=(153)
cfn=(936)
calls=4 -32 
* 105 22 0 6 3 0 4 0 0 16 5 4 1
* 8 0 0 0 0 0 0 0 0 4 2
jcnd=3/4 -3 
* 
* 2 1 0 0 0 0 0 0 0 1
+1 1
+4 18 14

fl=(317)
fn=(1300)
28 3 0 0 1 0 0 1
+12 12 0 0 0 0 0 0 0 0 3
+2 3 3

fl=(292)
fn=(1044)
26 1 0 0 1 0 0 1
+2 4 0 0 0 0 0 0 0 0 1 1
jcnd=1/1 * 
* 
* 4 1 1
+4 1 1

fl=(363)
fn=(1620)
29 3 0 0 2 0 0 1
+2 3 3
-2 3
+2 3 0 0 0 0 0 0 0 0 3 2
jcnd=2/3 -2 
* 
* 4 0 0 0 0 0 0 0 0 1
+4 1 1
-6 12 0 8
+2 4 0 4
cfi=(400)
cfn=(1794)
calls=2 * 
* 36 6 2 2 0 0 2 0 0 6
* 19 8 2 3 0 0 1 0 0 1
cfi=(400)
cfn=(1974)
calls=1 +32 
* 15 3 1 0 0 0 0 0 0 3 2
* 1 1
+4 2 2

fl=(446)
fn=(2188)
131 14 0 8 4 0 0 2
+1 2 0 2
cfi=(447)
cfn=(2190)
calls=2 242 
* 44 18 14 6 0 0 3 0 0 2 2
+2 10 6 0 0 3 0 0 2 0 2
+8 12 10

fl=(195)
fn=(2196)
893 18 0 12 2 0 0 1
fi=(194)
3213 2 2
+2 2 2
-2 2 2
+2 2 0 2
+2 4 0 0 0 0 0 0 0 0 2
+4 6 0 2 2 0 0 1
+4 2 0 2
+2 384 128 0 0 7 0 0 0 0 128 23
jcnd=71/126 -2 
* 
* 57
+3 386 0 0 0 0 0 0 0 0 193 6
+3 193
3371 193 193
+2 193
3233 579 193 193 0 137
3375 193 193 0 2 35 0 1
-4 193 193
+4 386 0 0 0 0 0 0 0 0 193 17
jcnd=193/193 +17 
* 
+26 193 0 193 2 0 0 1
3227 579 193 0 0 0 0 0 0 0 193 68
jcnd=136/193 +3 
* 
-2 384 128 0 0 0 0 0 0 0 128 22
jcnd=126/128 +2 
* 
+13 4 0 2
cfn=(738)
calls=2 3359 
* 358 104 66 0 0 0 0 0 0 60 7
* 2
fe=(195)
899 4 4 0 2 0 0 1
+1 2 0 2
+2 4 0 0 0 0 0 0 0 0 2 1
+2 8 0 2 0 0 0 0 0 0 2
+3 6 2 0 0 0 0 0 0 0 2
+1 6 0 2 2 0 0 1 0 0 2
+2 2 2
+1 2 0 2
-1 2 0 2
+3 8 2 2 0 0 0 0 0 0 4
+2 16 14
fi=(194)
3392 386 193 0 2 0 0 1 0 0 193 15
jcnd=193/193 3231 
* 
fe=(195)
153 579 0 0 0 0 0 0 0 0 193 15
jfi=(194)
jcnd=15/193 3398 
* 
-98 178 178
+92 1068
+6 178 178
fi=(194)
3398 356 0 178
cfn=(710)
calls=178 4495 
* 21482 5792 3736 0 216 2 0 0 0 4030 109
* 30 0 15
cfn=(710)
calls=15 4495 
* 2307 640 362 14 9 0 2 0 0 433 49
* 193
jump=193 +3 
* 
3231 193 0 193 2 0 0 1
+17 579 386 0 0 0 0 0 0 0 193 9
jfi=(195)
jcnd=193/193 153 
* 
fe=(195)

fn=(1858)
703 12 0 8 1 0 0 1
+1 2 2
+2 2 2
-2 2 2
+2 2 0 0 0 0 0 0 0 0 2 1
jcnd=1/2 -1 
* 
+2 4 0 1 0 0 0 0 0 0 1
+1 1 1 0 1 0 0 1
+1 2 0 0 0 0 0 0 0 0 1
+2 1 1
+3 1 1
-3 1 0 1
+3 1 0 0 0 0 0 0 0 0 1
+1 1 0 1
-97 2 0 0 0 0 0 0 0 0 1 1
jcnd=1/1 720 
* 
724 1 0 0 1 0 0 1
+1 4 0 1 0 0 0 0 0 0 1
+1 1 0 1
+5 7 5
-26 1 0 0 1 0 0 1
+26 7 5
-11 3 1 1 1 0 0 0 0 0 2 1
jcnd=1/1 +4 
* 

fn=(1860)
818 10 0 6 1 0 0 1
+10 1 1
+4 1 1 0 1 1 0 1 1
-4 2 0 0 0 0 0 0 0 0 1
+2 3 1 0 0 0 0 0 0 0 1 1
jcnd=1/1 +2 
* 
+23 3 0 0 0 0 0 0 0 0 1
jcnd=1/1 +2 
* 
+12 9 7
-33 2 1 0 1 0 0 1 0 0 1 1
jcnd=1/1 +21 
* 
+23 7 1 1 2 0 0 2 0 0 2 1
jcnd=1/1 463 
* 
463 1 1 0 1 0 0 1
638 2 1
463 2 0 0 0 0 0 0 0 0 1
+7 7 2 1
cfn=(1862) alloc_new_heap
calls=1 -90 
* 155 28 24 10 0 2 10 0 2 17 5
* 1
640 2 0 0 1 0 0 1 0 0 1
+9 3 0 1
fi=(194)
1946 2
+3 1
-3 1
+3 2 0 1 0 0 1 0 0 1
-3 2 0 0 0 0 0 0 0 0 1 1
jcnd=1/1 +3 
* 
+3 126
-3 126
+3 252 0 126 0 0 32 0 0 32
-3 252 0 0 0 0 0 0 0 0 126 9
jcnd=125/126 +3 
* 
+7 3 0 0 1 0 0 1 0 0 1
+2 1 0 1
+3 1 0 1
fe=(195)
657 1
-1 1
-5 1 0 1
+2 3 1 2 0 0 1 0 0 1
+5 2 0 0 0 0 0 0 0 0 1
+1 2 0 0 1 0 0 1
+2 1
-1 1 0 1
+1 3 0 1
+2 1
+1 1 1
+4 1
-4 1 1
+1 1 0 1
+3 1
-2 1 0 1
+2 2 0 1 1 0 0 1 0 0 1
+3 2 1 1
+7 1
-2 1 0 1
+2 3 1 1 0 0 0 0 0 0 2 1
+2 4 0 1 1 0 0 1 0 0 1
-61 2 0 0 0 0 0 0 0 0 1 1
jcnd=1/1 +63 
* 
+63 4 1 1 0 0 0 0 0 0 2 1
+12 4 0 1 1 0 0 1 0 0 1
857 2
jump=1 +8 
* 

fn=(1862)
380 9 0 6 1 0 0 1
49 3 1 0 0 0 0 0 0 0 1 1
jcnd=1/1 * 
* 
387 3 0 0 1 0 0 1 0 0 1
+2 2 0 0 0 0 0 0 0 0 1
+1 1
+5 2
+7 1 1
+2 1
-9 1
+9 1
-9 4 0 1
+7 2 0 0 1 0 0 1 0 0 1 1
jcnd=1/1 +12 
* 
+39 4 0 1 1 0 0 1
cfi=(238)
cfn=(796)
calls=1 117 
* 6 1 0 0 0 0 0 0 0 1
* 2 0 0 0 0 0 0 0 0 1
+7 4 0 1
cfi=(410)
cfn=(1822)
calls=1 33 
* 21 9 5 0 0 1 0 0 1 2
fi=(194)
2008 4 1 0 0 0 0 0 0 0 1
fe=(195)
453 1 1
+2 1 0 1 0 0 1 0 0 1
-2 1 0 1
+3 1
+2 9 7
-44 7 0 1 1 0 0 1
cfi=(237)
cfn=(794)
calls=1 47 
* 26 4 3 0 0 0 0 0 0 4 2
* 1
+1 2 0 0 1 0 0 1 0 0 1
+2 1
+1 5 0 1
+5 1
-3 3 0 0 0 0 0 0 0 0 1 1
jcnd=1/1 +1 
* 
+4 4 0 1
cfi=(238)
cfn=(1864)
calls=1 117 
* 6 1 0 0 0 0 0 0 0 1
* 1
jump=1 +17 
* 
49 1 0 0 1 0 0 1
+6 2
jump=1 387 
* 
421 3 0 2 1 0 0 1
cfi=(238)
cfn=(1864)
calls=1 117 
* 6 1 0 2 0 0 2 0 0 1
* 2 1
jump=1 +3 
* 

fn=(624)
262 1 0 1 1 0 0 1
fi=(196) ./malloc/../sysdeps/unix/sysv/linux/not-cancel.h
97 3
fe=(195)
262 7 1 3
+5 1 0 1 1 0 0 1
fi=(196)
97 3
fi=(194)
3143 2 0 0 0 0 0 0 0 0 1 1
jfi=(195)
jcnd=1/1 292 
* 
fe=(195)
292 2 1 0 1 0 0 1 0 0 1 1
jcnd=1/1 +4 
* 
+4 3 1 1 1 1 0 1
fi=(194)
1946 4
+3 1
-3 1
+3 2 0 1 0 0 1 0 0 1
-3 2 0 0 0 0 0 0 0 0 1 1
jcnd=1/1 +3 
* 
+3 126
-3 126
+3 252 0 126 0 0 32 0 0 31
-3 252 0 0 0 0 0 0 0 0 126 5
jcnd=125/126 +3 
* 
+11 1 0 1
fe=(195)
300 3 0 0 1 0 0 1
fi=(194)
1958 1 0 1 0 0 1 0 0 1
+2 1 0 1
fe=(195)
300 1 0 1
cob=(3)
cfi=(153)
cfn=(476)
calls=1 0 
* 25 5 1 0 2 0 0 1 0 3 1 1
+1 4 0 1
cob=(3)
cfi=(153)
cfn=(476)
calls=1 0 
* 26 5 1 0 1 0 0 0 0 3 2 1
+1 4 0 1 1 0 0 1
cob=(3)
cfi=(153)
cfn=(476)
calls=1 0 
* 25 5 1 0 2 0 0 1 0 3 1 1
+1 4 0 1
cob=(3)
cfi=(153)
cfn=(476)
calls=1 0 
* 25 5 1 0 2 0 0 1 0 3 2 1
+1 4 0 1
cob=(3)
cfi=(153)
cfn=(476)
calls=1 0 
* 26 5 1 0 2 0 0 1 0 3 2 1
+1 4 0 1
cob=(3)
cfi=(153)
cfn=(476)
calls=1 0 
* 25 5 1 0 2 0 0 1 0 3 1 1
+1 4 0 1 1 0 0 1
cob=(3)
cfi=(153)
cfn=(476)
calls=1 0 
* 25 5 1 0 2 0 0 1 0 3 1 1
+2 4 0 1
cob=(3)
cfi=(153)
cfn=(476)
calls=1 0 
* 25 5 1 0 1 0 0 0 0 3 1 1
+1 4 0 1
cob=(3)
cfi=(153)
cfn=(476)
calls=1 0 
* 25 5 1 0 2 0 0 1 0 3 1 1
+1 4 0 1 1 0 0 1
cob=(3)
cfi=(153)
cfn=(476)
calls=1 0 
* 25 5 1 0 2 0 0 1 0 3 0 1
+3 4 0 1
cob=(3)
cfi=(153)
cfn=(476)
calls=1 0 
* 25 5 1 0 2 0 0 1 0 3 0 1
+1 4 0 1
cob=(3)
cfi=(153)
cfn=(476)
calls=1 0 
* 25 5 1 0 2 0 0 1 0 3 0 1
+2 2 1 0 0 1 0 0 1 0 1
+10 8 6 0 1 0 0 1 0 0 1

fl=(110)
fn=(348)
31 2 0 0 1 0 0 1
fi=(111) ./wcsmbs/../sysdeps/x86_64/multiarch/ifunc-evex.h
+7 6 4 0 1 0 0 1
-1 8 0 0 0 0 0 0 0 0 2 2
jcnd=2/2 +2 
* 
+2 6 2 0 0 0 0 0 0 0 2
+6 4
-3 4 0 0 0 0 0 0 0 0 2
+9 6 0 0 0 0 0 0 0 0 2
+3 8 0 0 1 0 0 1
fe=(110)
-23 2 2

fl=(187)
fn=(604)
27 10 0 0 3 0 0 1
+1 40 20 0 3 1 0 1 0 0 10 1
+2 10 10

fl=(445)
fn=(2186)
21 8 0 4 2 0 0 1
+1 2 2 0 2 0 0 1
-1 2 0 2
+1 2 2
+2 4 0 0 0 0 0 0 0 0 2 2
jcnd=2/2 +15 
* 
+15 8 8 0 2 0 0 1

fl=(139)
fn=(432)
31 1 0 0 1 0 0 1
fi=(114)
+6 2 2
-1 4 0 0 0 0 0 0 0 0 1 1
jcnd=1/1 +2 
* 
fe=(139)
-5 2 1
fi=(114)
+7 3 1 0 1 0 0 1 0 0 1
+3 2 0 0 0 0 0 0 0 0 1
+4 3 0 0 0 0 0 0 0 0 1
+3 4 0 0 0 0 0 0 0 0 1
jfi=(139)
jump=1 -17 
* 
fe=(139)

fl=(152)
fn=(474)
55 2 0 1 1 0 0 1
+1 2 0 0 1 0 0 1
-1 2 0 1
+1 2
-1 4 1 1
+1 1 0 1
cob=(3)
cfi=(153)
cfn=(476)
calls=1 -56 
* 26 5 1 1 3 0 1 1 0 3 2 1 1
+2 4 0 1
cob=(3)
cfi=(153)
cfn=(476)
calls=1 -58 
* 25 5 1 0 2 0 0 1 0 3 0 1
+2 4 0 1 1 0 0 1
cob=(3)
cfi=(153)
cfn=(476)
calls=1 -60 
* 26 5 1 0 1 0 0 0 0 3 2 1
+2 6 5 0 0 0 0 0 0 0 1

fl=(81)
fn=(280)
86 1 0 0 1 0 0 1
fi=(82) ./string/../sysdeps/x86/cacheinfo.h
-27 1 1
+3 3 1 0 1 1 0 1 0 0 1
+2 1
+1 1 0 1 0 0 1 0 0 1
-1 2 0 1
+7 3 1 0 0 0 0 0 0 0 1
+2 1
+1 1 0 1
-1 2 0 1 1 0 0 1
+5 2 1 1 0 0 1 0 0 1
+2 2 1 1
+1 2 1 1
+1 2 1 1
+2 2 1 0 1 1 0 1 0 0 1 1
jcnd=1/1 +2 
* 
+2 2 1
fe=(81)

fl=(106)
fn=(336)
28 1
fi=(84)
+12 3 2
-2 4 0 0 0 0 0 0 0 0 1 1
jcnd=1/1 +3 
* 
fe=(106)
-10 2 1
fi=(84)
+13 2 1 0 1 0 0 1 0 0 1
+1 3 1 0 0 0 0 0 0 0 1
+3 2 0 0 0 0 0 0 0 0 1
+4 3 0 0 0 0 0 0 0 0 1
+3 5
jfi=(106)
jump=1 -24 
* 
fe=(106)

fl=(103)
fn=(330)
65 1 0 0 1 0 0 1
-22 2 2
+1 1 1
-2 4 0 0 0 0 0 0 0 0 1 1
jcnd=1/1 +2 
* 
+2 2 0 0 1 0 0 1 0 0 1
+3 2 0 0 0 0 0 0 0 0 1
+4 3 0 0 0 0 0 0 0 0 1
+3 3 0 0 0 0 0 0 0 0 1
+11 1 1

fl=(247)
fn=(826)
25 7 0 0 4 0 0 1
+1 14 14
+1 7 7

fl=(226)
fn=(762)
30 6 0 0 3 0 0 1
+3 18 3
+2 6 0 0 0 0 0 0 0 0 3 3
jcnd=3/3 -5 
* 
-5 6 0 3 3 0 0 1
+9 12
fi=(192)
+20 3
fe=(226)
-29 3
fi=(192)
+29 3 0 3
cob=(3)
cfi=(153)
cfn=(764)
calls=3 -59 
* 39 6 6 8 0 0 4 0 0 6 4 3 1
fe=(226)
-18 3
+1 6 6

fl=(149)
fn=(468)
29 3 0 0 3 0 0 1
+2 21 15 3 3 5 0 1
+2 12 6 3 0 1
+2 12 6 3
+1 3 3

fl=(387)
fn=(1728)
194 13 1 6 2 0 0 2
88 1 0 1
+7 2 0 0 0 0 0 0 0 0 1 1
jfi=(388) ./elf/./dl-sym-post.h
jcnd=1/1 -71 
* 
+62 1 1 0 1 0 0 1
+16 1
-16 2 0 0 0 0 0 0 0 0 1
+5 1 1
51 2 1
162 2 0 0 0 0 0 0 0 0 1
+6 6 2 0 1 0 0 1 0 0 2 1
+2 1 0 1
fi=(388)
41 2 0 0 0 0 0 0 0 0 1
+12 4 2 0 0 0 0 0 0 0 1
fe=(387)
196 10 8 0 1 0 0 1 0 0 1
fi=(388)
24 2 0 1 1 0 0 1
cob=(3)
cfi=(153)
cfn=(1696)
calls=1 -24 
* 33 13 5 0 0 0 0 0 0 6 1 1
* 1
+1 2 0 0 0 0 0 0 0 0 1
fe=(387)
+79 2 1 0 0 0 0 0 0 0 1
+1 4 1 2
+41 6 2 1 1 0 0 1 0 0 0 0 1 1
cob=(1)
cfi=(78)
cfn=(270)
calls=1 772 
* 678 187 68 34 14 1 1 4 0 101 18 1 1
* 4 2
jump=1 +11 
* 

totals: 232365996 61310816 62658827 1480502 988669 141405 4767 2067 4662 21660057 439800 2167415 344448
